0.04031463856619919,-0.10747250566425341,-0.17212188201142753,-0.11966716540225363,-0.11542530337082103,0.1531740618593803,-0.10525004197849518,0.14754666802049862,0.0015454106363184076,-0.04683264186298359,-0.14569592844705692,-0.10907915595896367,0.04527358713488674,-0.05038093939095208,-0.01635394907109896,0.0831839908353116,-0.1342188111167843,0.0060899099091559295,-0.027322757908334872,-0.031423429387478975,0.11781295448332106,-0.0407718043446283,-0.13300330053833703,-0.15095720887027142,-0.04348193129520954,0.0027219980395891447,-0.10683099163366483,-0.038099501417974094,0.13299759819165288,-0.06485863491131055,0.09350534316784259,-0.12817131722472952,-0.0838383392954332,0.06784887646570749,-0.10468194279026706,0.11093396039778862,0.04496062937730546,0.13046062193161692,0.08038159730938475,0.09900711419193413,-0.05563405523032446,-0.0773868370524573,0.08352435870857293,-0.11301158846114395,-0.08492495655632432,0.1666739234547237,-0.011893838840658876,0.07544730590266951,0.033995570740191376,-0.13353952366336033,0.15417667526389214,0.15778427955316376,0.0932566470925327,-0.10080674565955669,-0.012593762831309021,0.015248758873366916,0.06792073569096162,0.0840444749631702,0.14860754817836816,0.022766420933423993,0.05704941075818965,-0.034908109303052465,-0.08258220473374867,0.12616118193033599,0.1451488822278559,0.06107878274892345,-0.07867914240408987,-0.1307242858945694,-0.10578747911348496,0.08642359703738024,0.06844421284543475,-0.08053184422280488
-0.14807909787128543,-0.026961322454229948,-0.03629642441205816,-0.17651971501130054,0.04589249725145611,0.029497302164026837,-0.002534845222370029,0.14699121778111954,0.10221624726297414,0.15643940965837577,-0.10377160170015465,-0.054998254845458505,-0.04898685318108504,-0.10265312652208348,-0.14932551979733746,0.08108013361745377,-0.10121081128521461,-0.07879764912148324,-0.060894880530074046,-0.031192749629928768,0.07134924609713103,0.019208716130447622,-0.046401210386131854,0.11882888028935915,-0.12125255215765744,-0.015321154486235469,0.07514171430166858,-0.10571605728511577,0.07823874031014486,0.12034274464829697,-0.08899269693021158,-0.16057010610162872,0.04018564070447864,-0.14093408561205095,0.0024992223561828386,0.087951882844778,0.073967910260486,-0.16191958286701644,0.06534037621915943,-0.07344991222347867,-0.10203139133412033,-0.09816144781753794,0.1544909990438843,-0.03957559084858191,-0.12306008723109836,0.11578847944773467,-0.005912778631111921,0.15179852649903972,0.13472683317121023,-0.07743682547686442,0.11434673826780614,-0.0203081985223621,0.13219580692490446,0.08457460633428902,0.1572615642282027,-0.14921251739586766,-0.10183575477162078,0.1702047695261691,-0.048799039718848185,0.06307279394465264,-0.06304320466211726,-0.026774523032601107,0.06516357781580262,0.14067224017722574,-0.07309574801875915,-0.005592049718965671,0.08193806839268361,0.12659848290442935,0.055762988653243174,-0.08174813219360808,-0.004800170375445732,0.046788632937685704
0.1670045734988868,-0.02050258217199448,-0.07566365376586771,0.16202074138577297,-0.06704536948924086,0.012712079367159053,-0.12009807251805808,0.11375963815386668,0.1014862291727095,0.039854886279507035,-0.052500309737120616,-0.09748216415330813,-0.07286977594944381,-0.05675342899142763,0.09272799376781089,0.14746179570212456,-0.1538113060967076,0.1196807022983022,-0.0627184584263073,0.09896690791764375,0.009137783804709346,-0.1271738286806733,0.11037160853464426,0.03799550876916518,0.13814524720027976,0.10698618043403657,0.09651297358280134,-0.019485256521989992,-0.14505930564741934,0.0973741187804135,-0.05640642269199707,0.1061681241564214,-0.07911106163144092,-0.11387876632274574,0.11750246536421928,-0.05678270719534971,-0.0726096678387104,-0.12018472936665782,0.15270515170417368,-0.11677652780667634,0.07962994308285613,-0.12214227097839675,-0.18380004709976328,-0.014152453986767993,0.17236436657527812,-0.06628564603214807,-0.1065810884238538,-0.039539547270848956,-0.09000578151811815,0.06463984045247716,0.014813576107427898,-0.16396146584956453,-0.005105334529507841,-0.027014151835462564,-0.11699088985090662,-0.14196476577071007,0.03424198240446676,-0.13951668602652983,0.11377015017920038,-0.029049493113661135,-0.006213409563211875,0.15342445964739473,-0.12043250187531446,-0.17226465477417188,-0.03613705945826683,-0.035367344689422306,-0.14775002264915027,-0.16361213036241443,0.10657724103620271,-0.09478535096208514,0.0795154025376344,-0.009295428394155675
0.030280313464645717,-0.01882973838526007,0.08711341209505777,-0.0380268165352488,0.15176299797099568,-0.031630844685514935,-0.11629398513255133,-0.11918842931779285,-0.014523160489122423,-0.06782751622617414,-0.15347373404631898,0.03863313522682463,0.08956935587903166,-0.0917457802912818,0.014141482946762481,-0.045040230142550056,0.15754859382025796,0.07872962142638444,-0.0021041876055502124,-0.06647982639185347,-0.005893774693895614,0.15435399082354326,0.011954773528331533,0.14457868011490876,-0.0018283701031780474,-0.06135985730102864,-0.02899300609550095,0.05206258874289253,0.1185677943507539,0.16829275479405564,0.12883504882281838,0.16265993189198233,-0.1400291843218226,-0.06919774224881907,-0.0638349383411233,0.023329415801953156,0.11951066323413904,0.0890749608581858,0.04786459653525576,-0.1429264555220957,0.06645446102175491,0.08964859925832884,-0.11738593582301277,-0.13619592488085813,-0.161576330045048,-0.009042347995058883,-0.03157441214222131,0.14533763562980415,0.0917098076544194,0.1315997297157951,-0.053865603224444246,0.06529583015881325,0.0031026919788775375,0.10581958511513764,0.05366761844029411,0.010461920627859188,0.07429322390914171,-0.11300255741884561,-0.07027143754036212,-0.13725488795001226,0.17993675753610547,-0.06427610624582066,0.09915060009590941,0.03138001829100105,0.1009506648460252,0.15419729089072887,-0.16193380215289083,-0.17496208221022466,0.09164310470927922,-0.09226977093160335,0.1380524484353243,0.032690433921063716
0.12061521352598625,0.1115305277659823,-0.10883169866277748,-0.09230210718091487,0.07546537352798725,0.14742151699059877,-0.021921961928915205,-0.02505054088943376,-0.12916617416635964,-0.061366092005082744,-0.1790249683755358,0.027812939470785822,0.11113342861811698,-0.08527987732875604,-0.05516087603169996,0.04261035091887956,-0.020383022885177987,-0.07420629797699968,-0.010378140835811712,0.09899838247631598,0.14631397516408293,0.02068501318673806,-0.11495666778055619,-0.017737539097431965,-0.125295391629966,-0.12167175060020334,0.03122766981798932,-0.058376124013908334,0.11002739136428834,-0.04047262373419171,-0.16107592091491102,0.11356675822278606,-0.06662978425137371,-0.024651295862176327,-0.03677597414108592,0.10573883102196187,-0.1142213954919448,0.15784330146723036,-0.074962945108613,-0.17045142223574286,0.05034137319157591,0.06684836171711436,0.00981375385650376,0.15512605213510894,0.03610729986619516,0.15334784894193906,-0.07773050819605289,-0.14720420784831467,0.059841161180754214,0.02389062054951289,-0.019084288758445606,-0.02617470971860593,-0.004305510148120608,0.035210029386305644,0.09872450605281594,0.011375854374712075,0.05216264920115813,0.11270768917819539,-0.06232399549531866,0.1379724409726451,-0.1164995213160354,0.05088317643954003,-0.003095445150513519,-0.16970538425064366,-0.11601378998095868,0.09207634314158204,-0.1842468145281316,0.11952505422300698,0.09557045172695643,0.02241718425392016,-0.06312155478579604,0.06395353468028099
0.15417119488443168,0.12918425130879949,-0.026838415176500617,0.01448234988514482,-0.06746773729666539,0.15488417850793557,-0.11172198015853228,0.11362727715979629,-0.17066336939049476,-0.04104322109883541,0.004852887821387956,0.16690790511991718,-0.12517311278783314,-0.13348430828321606,0.07422506402940973,-0.09509783717268695,-0.06176503478810305,0.025795480514041905,0.06571905347658083,-0.14155867046922968,-0.008197041981408812,-0.07580359743896367,0.016599931454392588,-0.07199468611011825,-0.11380689526421843,0.1380309478096131,0.006960839810337325,-0.09692877664500359,0.022269600297967665,0.0715374312491255,0.13308566852247483,-0.15266651624815106,-0.009146640795341155,0.06472209047549903,0.050368765314972745,0.10000974543762303,0.007137518226606052,-0.048626790394088466,0.17152337561402262,0.1338730553774436,-0.076486116220283,0.04188961920978855,-0.07592400742648522,0.1618118308067176,0.18140868688833814,0.05048319451577997,0.14616299103964686,-0.1097463188791005,0.1588393046719459,-0.10213673257426527,0.10555188563731029,-0.17087445901464832,0.01531433993023217,0.009088071610149124,0.16534514962249772,0.06544099253177346,0.13755908566860725,0.020807207750703105,-0.1613634651855438,-0.0925391002187995,0.002240838686844383,-0.02401330300360477,0.06800883553144364,0.03572174338178345,-0.15053218158718262,0.12378513508633421,-0.0595348290739393,0.08473189394006274,-0.17056825646582752,-0.03749772053221046,-0.04495755533153466,0.10307435414976732
-0.08186290243442644,0.11113642768442111,-0.12593506098548668,0.1396287509394775,-0.09135696337511813,-0.10924898311033399,-0.10648917859330355,0.0813206499692751,-0.06835742579563674,0.05630588431319591,0.06743026919382675,0.02847387092273078,0.12703319786098233,0.0697009465645152,-0.1800464363242528,-0.06754807534084183,-0.003397445406535187,0.028772690482554635,-0.030591662397340506,0.08973838010188026,-0.018766057921699286,0.0719793382923045,0.05947478320110769,-0.026627747766978013,0.05062627821868626,-0.07692801952192536,-0.08575237724652673,0.16277058435171338,0.09683367148232173,0.03189990545892526,-0.022265393117875724,0.012007356881673913,-0.028912069641902915,0.010093602405889537,0.1267519792060684,-0.021739633173090033,-0.14263494472397167,0.08084156898634755,0.042683494126893116,-0.008272853774822961,-0.008275399473967566,-0.1006035703062124,-0.07982557898717818,0.031262329464843835,0.09223607406694308,0.02269133584751318,0.09817282049898568,-0.0720627223160657,-0.018756873762540618,0.10431944974925424,-0.001022494448774507,0.02134400175405499,0.03179553063740253,0.024736351520337662,-0.01498799255935958,-0.11335063242653562,0.1580492692642725,0.08476213775122793,-0.048612622036186506,-0.033698185391622254,0.07792874965745834,-0.142925689123534,0.15182362452452083,-0.051438540901729043,0.008310892520499331,-0.0859993400336971,0.10602179829638143,-0.07665244796962109,0.08671154974434303,0.08981460432712984,-0.08678038337919683,0.15262486435228026
0.024367281174219237,0.048084498119044444,0.0644516825962418,-0.04784000571933591,0.012390070124358754,-0.13236682210397382,0.14913876153858885,-0.08413555647986902,-0.09825940989788544,-0.15668342650290004,-0.018103659541786644,0.06646782052863323,0.047658381871787156,-0.10333307168798272,0.11436435473091723,0.13776639859226716,-0.1592432424965706,-0.11126360515987313,-0.11772596780546093,-0.017784062660923732,-0.15160738516951744,0.15760191321394015,-0.09650120843011942,0.06301311494585969,-0.03047605522544446,-0.09835625164648724,0.11999884377020098,-0.014937698570706174,0.10725946471299609,0.09662787228818048,0.12740002713145898,-0.004904595365412245,0.08070811039769199,0.04726597260582565,-0.0345655470294539,0.039636847588202725,0.03352702917773438,0.09871008439736265,-0.11760907933152309,-0.1593954773269106,-0.1251460484397762,0.03983708033920764,-0.1737479774328891,0.005780826436941366,0.10294945613387488,-0.03190661280528096,0.09360834426330243,0.12207741121554831,-0.0071220720052223175,0.06234101364807623,0.14524361121779464,0.03046603811032991,0.014902758490148393,-0.027163304772377578,0.17408573408452513,0.01799704514606385,-0.11920569456877413,0.09764155860578382,-0.03260348172360785,-0.1475044797090754,-0.0911396395606613,0.10799097195583889,-0.11169823706142988,0.1202473663951637,-0.16130541048761815,-0.08988241476974797,0.1004145218156632,0.12930106870885097,-0.16474007763465157,0.10504359175101015,-0.14195697829525317,-0.1423785576015756
-0.12871122661008688,0.161707232506964,-0.14112087199515094,0.00425318091642946,-0.1220131203284911,0.1368502455030439,0.134839056634986,-0.0096382698207011,0.12766260795670084,0.009052219640640864,-0.12771997628306336,0.021876712907793347,-0.14888002986096954,-0.06536956256995065,0.14729786609441162,0.08776952442726871,-0.09651808809337054,0.01634323202027101,-0.12426701535556736,-0.03677946227241373,0.1350659457618235,-0.16562462422748828,-0.1350675663261124,-0.1643261079011928,-0.11762702185220458,0.02418192911320416,0.024614792412734385,0.0733750606346499,-0.008075114717050396,-0.06881336017967749,0.10173243351173852,-0.13196221239415845,0.07200683293626468,-0.09616895739615512,-0.12681859288479297,0.12316381819195546,-0.03754600450280626,-0.0348284161009009,-0.03623121179797367,0.13437385055055898,-0.11158304980032441,-0.11617497002465675,-0.06835862462200504,0.11040884236224952,-0.05786404192511168,0.1072719716397088,0.06005748982237472,-0.08236296630925698,0.1294629806717255,-0.021458524424339685,-0.14044889946257907,-0.1412627452200045,-0.14722530969722283,0.04475835565841221,0.06043541143163873,0.03590263934401262,-0.13845970217498538,-0.11222556596748115,0.1079551390287047,-0.038586404124889576,-0.050729015785728984,-0.04626352492396778,-0.1511453004407348,-0.06703718588956742,-0.15259393845766817,0.008803078199812577,0.013783492308075669,0.006444518139988559,-0.1580021602516582,-0.07131232468381354,-0.013583772833265517,-0.01814512551130014
0.11491711922475338,-0.04418235708537554,0.1402096814049494,0.04893902074989405,-0.08335308276915473,0.07526048503876069,0.11191100838595014,0.14396813538762943,-0.10495382703368218,-0.11430319964030013,0.11122703966109278,-0.08186012328568054,-0.10640903686441926,0.0585963409871694,0.057103208122434586,-0.024417013780206807,-0.0769328517731209,-0.06077768547041521,-0.14757392832537802,0.05495539323021818,0.13883144560167338,-0.11904956205324484,0.03798771153853183,0.09121770647032415,-0.08457609011835346,-0.037753541959780736,0.0844135085356432,0.16431370892154348,0.1210438427177053,-0.006619091967147912,0.14180919921787252,0.045959516098746975,0.11527798937540791,0.14060939149218957,0.09051963860853642,0.1373343883675016,0.1730932304003815,0.07306465326546664,0.0938313713538798,0.15108724038088056,0.0037263751134331293,-0.03606877556665706,0.046544029300069165,-0.1390376404038513,0.011259754647881603,-0.15655834016634546,-0.10744569599085127,0.12169693583968343,0.1555360305469913,-0.1290001605313532,0.16951082911030405,-0.1309838607137463,0.14318914384089232,0.07168993696973178,-0.08892534415043757,0.09060921088265361,-0.05177930017790153,-0.09843445780486648,-0.1430473949280686,-0.12589225567725323,-0.16201742814139805,-0.16624145891589404,0.13935804128929222,0.07046336194197782,0.15745813235036285,-0.039617745066433493,-0.04512328373336365,-0.05962902025320103,-0.11787109296471514,0.06941148387649715,-0.14732021033227166,-0.04668605840036518
0.011616138300935637,-0.06593390877499947,0.0409989771298812,0.019628873292687993,0.09123372123989325,0.037730602729157924,0.034139506430456074,-0.07123299160245437,0.07216133177724902,0.09919738043304593,-0.0201753944069238,-0.1519850461532469,0.16911326711838753,0.10475213265076046,0.03354673803174892,0.09154663701331468,-0.13493124464958237,-0.027701893552003743,0.005651652581484081,-0.1238353121694495,-0.07008621694946075,-0.14462484724316152,0.09040031821149334,0.09085562786090845,-0.1106214267077408,0.16502379757435504,0.1282907836737302,-0.08835995521784813,-0.13245402533978362,-0.15903404768264742,-0.01803578048507558,0.02935153599865783,0.09896980767245138,0.12251876037426611,0.06777395482546053,0.0831728098482149,0.0621200016016119,-0.039425114592361914,-0.044982536324993376,0.12617629750703482,0.0252631628453496,0.029021383559260303,0.09565916696104827,0.02662887376548193,-0.0023567648920068407,0.06239048309462626,0.0423511747972558,0.10469311952929268,0.032021355011479714,0.1230175374267796,-0.12795483842118,0.12346138498471017,-0.0009303363359455074,0.11701580955869187,-0.1162313783837458,0.033224212378724416,0.13978354677418,0.08190888183386213,0.1289911544682744,0.03990730753309796,0.09754616922229974,0.021637413102747645,-0.1478872718033142,-0.0027898513009001636,-0.0074094497214388325,0.00969702710601496,-0.15969920109065425,0.081144982014516,-0.097538018128857,0.0026140372064430584,-0.008620154850326,0.05956498126521007
-0.08153483004934571,0.07039590681985554,0.003166003933157004,-0.12504821331051238,-0.0067991407335071495,-0.13384932034141303,-0.09880960626807692,-0.10683962342891504,0.03582498375299397,0.15730032003573477,0.03322410192307596,-0.09181910065845246,-0.017685872449481572,0.15247328723945724,0.07494186679373895,-0.08971657141776722,0.103281951319419,0.15381394399921694,0.10828590194373207,-0.06539792703704507,-0.15190201536583878,-0.1134537029512638,-0.00531986102764092,0.12066505411444334,0.07275533260468979,0.08262699064865153,-0.09928206096235462,-0.06598905265729182,0.11059093325598926,-0.060519188814046686,0.03835915035097458,-0.17399205708149626,-0.16032496210718242,-0.14856437462980993,-0.1348440454331622,-0.13649335838490695,0.15928947513685046,-0.037680026828897706,0.07670477399833461,-0.14701364968015498,-0.09653480475984114,0.034280284128117705,0.029343917747212737,0.029685497160154294,0.03337467501761217,-0.12682638026985046,-0.06619450566329808,0.11308310411234287,-0.10515274824961324,0.10164573966638094,0.041643256339305317,-0.10547412189685418,0.07882249521394162,0.10952936582863892,-0.11102263344058554,0.032945332574068203,0.08881708702390886,0.1340153054938933,0.032392347115358225,-0.015038020151351202,0.10325563165220494,0.08631701986493523,-0.1646299362595335,-0.09892042000092188,-0.06806163307844375,-0.06345549874101775,0.146692409898368,0.17300911042461362,-0.10427818181809602,-0.10813638081185459,0.05898290579008659,-0.14818188771746374
-0.12572929092373505,0.1348770513683081,-0.10315947741520355,0.10287590151794591,-0.16049509563984118,0.03997872502861159,-0.104836148557554,-0.05142503813637552,0.1000261454405004,0.045957872587199376,-0.018110807575268426,-0.16031074459890393,-0.0447968259557533,-0.14470968453387836,-0.13036430240602032,0.08120964568924638,0.012673174421556816,-0.031572201817925374,0.07045506741160527,-0.13372721314659564,-0.057290431729330855,-0.10357170068021108,0.013890178184147178,-0.11445581341976892,-0.11956376042781428,0.15782464851130476,0.04407645214905261,0.02478864934199712,0.15493563565078453,0.05450447398773682,-0.04032465157648326,0.04426640492653954,-0.11883894729943338,0.10978664768093917,0.12917130052566517,-0.15893020119327256,0.15326420148329983,0.05094322245371667,-0.09509968142865022,0.12311670599746026,0.09789772846546091,-0.11708376693877731,-0.12242057304632516,-0.1526899795622875,0.10949236893281843,-0.10690600946755678,0.012471034085265278,0.07106243419167,-0.06690716232733411,0.016087287888522348,0.12992390202083579,-0.09373862157371282,0.0706574875123761,0.11821809550420166,0.14497298703800834,0.1571322688639505,-0.002512670972653486,0.07960344405295088,0.019355499097080876,0.09088341406693366,-0.12541825308838817,-0.022633302709497167,0.13007185730196458,0.12080658911730241,-0.11477868550676742,-0.12317674396766556,-0.162989577356668,-0.03370980572094726,0.02880420935300414,-0.036151706567405184,-0.07629595339036381,0.028709978904124658
0.0913138514626263,0.13865428350806608,-0.1522707039914547,0.1589547390666877,-0.04779695677575184,0.04783783609905035,0.0018094009348051732,0.03985565150914718,-0.0104406040611687,0.048980624757214146,0.15550452643994378,-0.041174860126473575,0.03348631268679739,-0.1523503925313695,-0.0008069117759553801,0.07283319381833785,0.16556446581536408,0.06904611021480063,-0.04141974056580676,0.16328035228683146,0.1433140015450582,-0.12743176852849458,0.10764218636514612,0.12491843110974256,-0.08926781183671482,0.1780746906019913,-0.062014326137761935,0.06462114145156354,0.13758205198610693,-0.11411933872404727,-0.07153395661823209,-0.08095983467167549,0.025644888282690605,0.0466536685020664,-0.028644197186166124,-0.12870488691924017,0.03271711760662808,0.0746709267440245,0.13533443414180982,-0.03919772350392784,-0.03748597220420438,-0.08807530865644682,-0.022671604789057234,0.1581819376444783,-0.12072893956096117,0.031623096472379646,0.07710783395825585,-0.02689337466122202,-0.14086986622038591,-0.06136197764041217,0.12149764163472238,-0.04881257687332213,0.12596526289860438,-0.06816555297121504,0.07733089751150427,0.15741026144617445,-0.02291160105787885,0.08711517151247146,-0.07649573851064205,-0.13272645366282235,0.08693463817481464,-0.018243669290562047,0.09383147896654617,-0.02864448926956765,0.1218699259299707,0.13475838504887858,-0.12333644665580162,0.05138507760492226,0.012798970315142865,0.0038258473547176917,-0.057600076308229865,-0.09163583098374269
0.12608982561335877,0.06476304237235589,0.09540720198730487,-0.142714565268692,-0.16225307479578696,0.005540910071073946,-0.11295119568670307,0.02744475670420009,-0.020337909730447093,0.13128851147378381,0.0959709567120926,0.07549706478838207,0.08094108468618841,-0.038710131578787416,-0.11878811723461181,0.010515746749366502,0.1472612164834113,-0.03585544877694523,-0.07048812943611732,-0.012796504048310436,0.025409716642025328,0.0064006794140189375,-1.9730035952028846E-05,0.04468767348458743,0.07128124993763062,-0.0426877993820899,0.09196118759106804,0.06513866176608356,0.011184176247048013,0.1401513600038735,0.1078701767662081,-0.0667945521578535,-0.16869597603670508,0.04945817260777104,0.1565362024078018,-0.0682704521329784,0.018113701087119377,-0.13604332699891075,-0.007770679819814823,-0.09894793384073794,-0.044104005553181204,0.09187269020689218,0.06953738266367357,-0.09368982912041762,-0.09154647089110508,-0.01077619992466489,0.044042368348249115,-0.16668706132209907,0.03999885276106289,-0.13273175833617942,-0.15170517072927564,-0.06880318138626206,0.03188197654570293,0.002476676107349062,0.11949865065525261,-0.07694689294436363,-0.1270132095872987,0.11323603158059556,-0.023336130857680316,0.15961198993904877,-0.12618944584682135,-0.06219393682569692,-0.08853248871741341,-0.14548555378128752,-0.16413147550506155,0.03938627638552545,0.0054749819533569406,-0.031738608934875255,0.028766195010080615,-0.002583924932178141,-0.01794370722867175,-0.10527619716476692
0.10401933688577643,-0.09409747199393612,-0.14208588351349222,0.04962035941064452,-0.020605258721839232,0.15382524766980113,-0.15686472569629148,-0.13606623404699317,0.1312621587001316,-0.10150598218885012,0.003248076136702066,-0.12630311684862802,-0.10376926544667718,0.14307723498459407,0.1698842338446493,0.07676496161485187,-0.07301934684041013,-0.14549718573821585,0.011888817703722233,-0.040857961343124534,0.07721402704685007,0.17318808979022124,0.07882492756972942,-0.1786570066803684,0.0719789199371066,-0.13466484558579475,-0.09244409555505957,0.07210927256117695,-0.17553182733503667,0.030877760788812898,-0.15015839813931536,-0.11621927541344096,0.04912461385909159,0.13553223275194098,-0.05581686714148191,0.1155008702876357,-0.040294623355610584,-0.15912259225805114,0.1652807154883323,-0.041771308156794515,0.17004271142292018,-0.14927125945555583,0.06522683790036472,0.0064585839035863875,0.006830829620397525,-0.08408522588806457,-0.16038953273898532,0.032237407221753715,-0.10526254886942359,0.06698242209573894,0.07932375947351131,0.11145902721070035,0.020215441874636666,-0.13394710410237382,0.10789054095412849,0.10115640757005256,-0.14284980411768897,0.07984735198397983,0.079321850650903,0.1246898815472031,0.0026315825665508643,-0.008684645500727301,0.16428348178403873,-0.008838431382906926,-0.05957502115877892,0.044677890641722486,0.009189119272072785,0.12628817139082538,0.176526392426561,0.008707329852387128,-0.05143821884537589,-0.14587655466804408
0.14214852274375137,0.13876969963406394,0.009132485672183558,-0.10580824033187435,0.01899071186962269,0.028470807811014305,-0.019536675575199856,0.09070450776201451,-0.13665056457633132,-0.0568004292718638,-0.09469568108843959,-0.1353511786294975,0.05181860043367382,-0.00055634541501332,-0.06990896544965004,0.03217937879264222,-0.1624799180644261,-0.10705920737253578,-0.1268398393390021,0.08715272529450152,-0.11958244188270784,-0.0738830565152575,0.14776376740947422,0.1790648947938796,-0.08138236464875719,-0.00010618967845815291,-0.09701029099150844,-0.06543459262503812,0.07794726690866471,0.02076815772343354,-0.02846097127197882,0.06562275692708554,-0.1177531332048672,-0.1455653060222147,0.03534587557575874,0.12094223749324107,-0.092141172544013,-0.16808177934355956,0.1663184482356847,0.12193810613018534,0.08172965049333547,0.07608566373230682,-0.14056488968232114,0.14912472493614778,0.07772460440626097,0.15023824090135018,0.15128396244417971,-0.12613414228081893,0.061622512585211675,-0.07467037719723466,0.10584457751566269,-0.09620189090216354,0.15243826924215323,-0.11533033502120466,0.03240028856209995,0.10998991517057014,0.11541785827470684,0.0842867661728907,0.16085233766618953,0.05597646160383221,-0.06531235067188344,-0.1161096376979513,0.02153446264621543,-0.16151270434725656,-0.06582040850002897,-0.1674017906863019,-0.05426578686147359,0.025051483504929955,-0.10414786794557723,0.015953725114515285,-0.0399367863275437,0.10998116352162705
0.001700738656331721,0.08064570408500038,-0.14821460735644226,-0.16557663445329632,-0.027186975695612972,-0.14687365198759955,0.09287935064824092,-0.007707376101261098,-0.032709767672593294,-0.020669244875139676,-0.03558509848468001,-0.16534426737297128,-0.05810185314988399,-0.1495701574626955,-0.06475974788247064,-0.140673650560766,0.067478808642323,-0.039836099588392015,0.11028523760435358,0.04170777680563838,-0.07019837570054914,-0.0170530461317039,0.05322122792546038,0.1460410612722889,-0.16142603842708972,-0.08505601393298974,0.09877053678986264,0.0011630286626102577,0.11790902311860255,-0.13911387686992638,-0.09257040884042286,-0.10625615951803351,0.13886643298669396,0.1675408455953118,-0.1142214051938075,-0.04958437822197275,0.13387462374836917,0.08490438925299931,0.05778255538671172,-0.09345694452671283,-0.004424210405332276,0.044684281854128045,-0.14665240787953177,0.05595934398653219,0.10816801797522732,-0.07591818152212552,0.01619212637343474,-0.036340024240386605,-0.06305972695180735,0.0193887046647784,-0.10025184300333564,0.06710838066958319,-0.03268297051852732,-0.12873964313202224,-0.05479962862685982,-0.10880295399468341,0.13823994304085302,0.1668754460013041,-0.013628102650095954,0.13043875352504566,-0.15630676550362008,-0.08662782699958844,0.06533013134970962,0.0910929263010051,0.08590760460249405,-0.11906779624663327,-0.05908938316157424,0.09851283956581455,-0.02373491207858742,-0.15502501722844195,-0.133485900789241,-0.11056974515434756
0.09572130746095801,0.14761487019576972,-0.10031931004588841,-0.1285396200172896,-0.10106151687794077,0.059606968635970654,0.09962422039556756,0.021178951492547875,-0.16015459165768123,0.026790364112489005,-0.05633779606961678,0.08286470480928686,-0.06792695552625978,0.09638313364189932,0.06912578129813435,0.07072786099010638,-0.1177423014293514,-0.11647088261403739,0.11605637710326573,0.02206312897786962,-0.08290889447538691,0.01977625825343952,-0.07677023281619576,-0.008958126788910278,-0.15316495475325503,-0.047026588678381775,-0.11221017293247532,-0.12073761442928409,-0.007962201605622202,-0.06556355276716146,-0.10090770860280619,-0.07107242876968077,0.11694728238281192,0.11326913307650573,-0.10331965716899179,-0.10708274475348553,0.09267268207391889,-0.0398606573080095,0.057744507825269735,-0.1580900155686552,0.11771349384518104,-0.055390340467545825,0.12608004045416113,0.0661336832583665,0.1565480939117454,-0.06750542127863408,0.1701167144238689,0.035867535202623736,0.07029438761933653,-0.031901248502740294,-0.12075038694442546,0.16198276440839185,0.13738531765098433,-0.0667732826526077,-0.00485904520085873,-0.17709172691280406,-0.1319685336475294,-0.004823647366886847,-0.06342167288739986,0.09884443235729028,-0.09555938525146691,-0.08175767211206754,0.11282929680408976,0.1328340251520919,-0.1538101621285542,-0.07960119529691365,0.009891889585326726,0.04893694776910859,0.07020777471373389,-0.1348121227014779,-0.10978118061852946,-0.12386169099328179
0.0065506654745927,-0.04449064505036184,-0.09015690281453075,0.018733987890433602,-0.1476685303456904,-0.09558397095816504,0.01746270183054213,0.09677305576055309,0.10451957584634304,0.026933661375349353,0.07327612714867474,-0.07812481647668457,-0.1052041264395803,-0.0018452066283836223,-0.10997836414466312,-0.14952833408164434,0.015995855820432094,0.05197806549255134,-0.1626122722163267,-0.18293636998786825,-0.13683956151273247,0.1577532535848825,0.14109268317077314,0.10190641967468549,-0.0925900604572523,-0.013925525834151893,0.052990562301920355,0.15845423972828054,0.004331046209285622,-0.08337281775928192,0.02866267953556936,-0.11823406095335126,-0.07835727044834033,-0.10549733717835567,0.03297498792631793,-0.07210242790699795,-0.045076625575971536,0.12586157427817604,-0.07546181913571612,-0.07804315158151831,0.14577342870940552,-0.0065201358952357005,0.13530184501232997,0.06500405108359714,-0.14726192845675606,0.015346443467895795,-0.04476365448174042,0.13052924387133744,-0.032182676916929116,0.0780738439136796,-0.05539323380708801,-0.02911241569566153,-0.0851954035248329,-0.04038751249088935,-0.14486814122377295,0.06673165648943018,0.11489960990629555,0.09729314647607192,-0.1686661747037891,0.014997733773881868,0.11570156088640338,0.04133365813949288,0.01362447258750171,0.11642344294023445,0.17797583137679931,0.1401178493927051,-0.11478711777699019,-0.06865477362170402,0.05006890196699463,0.027829886839791707,0.16135272286407507,0.030707266266104427
0.034886020289570614,-0.01890585193129991,-0.06409763481108359,0.12607597067457813,0.06699731220614087,-0.09534620910582725,0.0756895764213623,0.12070835660019498,-0.11572565277933,0.011230947281572949,-0.0746456020485522,0.05528741221637827,-0.020204804073217814,0.075569318319467,-0.007560344314992571,-0.03675707970525819,-0.014058989339188808,0.011084825510095958,-0.16485630856812572,0.009498412001536833,0.14035617635693243,0.15150392066117124,-0.04963955531627466,-0.11245896298782616,0.12016832500531556,-0.029816214996665556,-0.14976400139853327,-0.028059745972909535,-0.09390737580089815,-0.007093352498437432,-0.17442760450896713,0.0027366584720020827,-0.10473454375601413,-0.0235318661744626,0.1398295755422272,0.00027915646288587944,0.0024135307091446047,0.16198671326559977,-0.09573198191920093,-0.08012905296167275,0.12105907084669736,-0.03919595297116344,-0.0014448301836022168,-0.005861663206779099,0.02818856344138587,0.007623408271921603,-0.10654625201468877,0.03361394497299789,-0.11050837119511092,-0.005370507854073486,0.04382939634915407,-0.11247390136336285,-0.11727407427598228,0.06358652652929096,-0.0827205289282759,-0.022755590344450148,-0.05197848069198925,0.06148050275143316,0.014316959771958997,-0.07213807106799845,-0.11641318952756023,0.09048074768783054,-0.13489719401324285,0.09643231324901552,0.16488453706064043,0.1340718400794935,0.09661044417864481,-0.03475540168560017,-0.1317695940526718,0.16122741774756066,0.14278927197835717,-0.1143041456419644
0.012329864866217202,-0.07846056809796309,-0.059637687421736925,-0.14427426973626734,-0.07642393953439143,-0.03399381371034239,0.025265182704342456,0.12992157961178397,-0.12463524447469823,0.04539630444790048,0.0062106563615771425,-0.09199755874276036,0.0023478148736181892,-0.08497906849539397,0.04712009066668874,0.15308087553428773,-0.12259255839104438,-0.12681403979785627,-0.0347537469374425,-0.11959623170808115,-0.13448314773551645,-0.02252431274445755,-0.14005530556903747,-0.08112322407540604,-0.08003481097327278,0.13310246519951457,-0.14589250272173165,0.17490039195329957,-0.10590938864412151,0.032800512062463906,0.010541808964425888,0.08183331642582731,-0.0964226863374688,-0.0608421787283977,0.1036519579099087,-0.024795679395511683,0.043893142358263575,0.024331237939529727,-0.12748517399088824,0.019646586959553652,0.08597611483378348,-0.07152150901398456,-0.03595780564485288,-0.06639673838360803,-0.17761868190426913,-0.06020976052974318,0.005174884907948172,0.17979231790686867,-0.12034279770256441,0.039219844809254015,-0.02671315837717968,-0.15219355853029512,0.027236893200299112,-0.05712575219891861,-0.11765408552999307,0.09216377823324373,0.04195399527864586,-0.07670570838391086,-0.07858603995581318,-0.12196453906915912,-0.030073369631491095,0.005927359013417961,0.15581646006841102,-0.15104677275334796,0.10690284346520097,-0.018832420377754882,-0.06364884688967062,-0.13153145241610767,-0.10242215441401953,-0.11107285964402717,-0.030747020813727717,-0.07449732205823092
-0.0018723862592204257,0.0798953035228882,0.10154786388092123,0.15751395251443054,0.1040160407897071,-0.1656240039972415,-0.03942056159862185,0.07713982928000442,0.15295887048195236,-0.06544986865125955,0.13623428932870968,-0.11938836178198588,-0.04680395255910045,0.007903432688912412,-0.08196825868078711,0.03967461974658095,0.15915226448722167,0.13151566859980837,0.10657989650119139,-0.16480722361155747,-0.02029985008295775,-0.13397021948237625,-0.1020878513982948,-0.16855729917650536,0.14109634199836213,-0.06345972324245897,0.11628787242793943,0.10452378322866446,0.12534827373129792,0.1626498141027481,-0.14055623480532847,-0.015989156514742312,-0.006043040342051333,0.08609199657589453,0.10173569976552457,-0.16773852379561108,-0.1126250455424834,-0.05119793418231802,0.02638705488408765,0.040874934743227245,0.10059060144292557,0.09108191583305335,0.08917802212624713,-0.1535625158958364,0.03265989388353647,0.0293564308949584,0.1723630405853774,0.1120136909439117,-0.08315903306524332,-0.16884358978618694,-0.13967321310825126,-0.08010942041590612,-0.06372320489632953,0.10874936729518472,-0.0857982807201482,0.07719179600419374,0.0014675353217650188,0.07097657282470525,0.01627704836849395,-0.06653620003577564,-0.05703622558112394,-0.012757547359360069,0.037058399007340356,0.12705239149129452,-0.0400807454550092,0.0465299079899891,-0.09010720587228088,-0.12487218384773345,0.11127742427132373,-0.14876797514142898,-0.10822452610149327,-0.07094660617587255
0.13525697603463532,-0.0656433945208283,0.14239468135055558,-0.09193307352818259,-0.04129058849162578,0.12260421241564774,0.08367038646845729,0.023359404675843107,0.04049343651674228,0.15414436098499548,-0.05461571273697474,-0.053393177450898416,0.15047685442479386,-0.03576141305688668,-0.08326055416006888,-0.05043455401863073,-0.1266067894861577,-0.024357042226171962,-0.025053108539108113,-0.08044898791123588,-0.08137681045634708,-0.13659351244465295,0.10281078012351005,0.0573271145355008,0.0028015602446664284,0.026311646478162063,0.04097349088735362,0.04584006299100511,-0.03785313673606155,0.09958700487857182,-0.14817168315577284,0.09902672703934791,0.001987998271586037,0.1600526925348724,0.16443071267935647,-0.09903362621009215,-0.07459652255959938,-0.08456354805742486,0.16127648605659456,0.1275922286280921,-0.1670555842295614,-0.07288302619270656,0.11121378624999209,0.09374553746616936,-0.15171616356203327,0.15079690025165646,-0.03315936938356302,-0.04353406047662443,0.07123834002262393,-0.11988159523666206,-0.12846305575312253,-0.16003115673437687,0.05989634027266767,0.03917800228489107,0.0535653616846187,-0.14248727543243475,-0.08814811165065763,-0.025670636591364746,-0.07203926347402147,-0.016143827071209586,0.0266098757627807,0.021372239091614415,-0.08805341914631805,0.13253500853716868,0.08968462673330722,0.14666001273878101,-0.0978532712597092,0.14724625397188157,0.004269514651284248,0.06943517340179882,-0.14767038960192494,0.15568877928294828
0.06032524161400911,-0.06572373702119852,0.05342029867894825,-0.12852314094175635,-0.14211472077619697,-0.031823860382106106,-0.00407363574512629,0.11596007653117198,0.13434585388042666,0.02621379559877944,-0.05798300928077876,0.14456675760285825,0.0546035996554361,0.06961176085717835,-0.13876764495686653,0.09482786994601826,-0.06498920787447628,-0.14543687937786887,0.11904876118254022,0.06589185887075415,0.08849557111104356,0.10352965560920697,0.015868670513935392,0.15804937326782406,-0.04835869771784734,-0.0457868622823225,0.10625733365236587,0.011799314591382991,0.15780836719141136,0.023998917141665018,-0.10459818642343682,-0.13164176906050754,0.04770933969690175,0.06797753836525201,0.10495886341219966,0.14230722655666636,-0.13603604861511576,0.14809975049967652,-0.07245693827976325,-0.14484303351610583,-0.06950984540555466,0.14140990335769146,-0.07945448206785755,0.0375339220642896,-0.0702944522064177,-0.10900960601553787,-0.06989652079348611,-0.08599306435589116,-0.05082200217036742,-0.002571095448536888,-0.12679147696535212,0.023992502418748146,0.09527380414963359,-0.14407288229675852,-0.07642885176752642,-0.12737138635185657,-0.026395452837697436,-0.15989504496843157,0.023131748636471976,0.06831753435816222,0.08098152386245328,-0.0761095129437638,0.08523647260486836,0.14319822248886313,-0.030661854777829976,-0.06422797309269558,0.1571308905891663,-0.011587097587286214,-0.05093214924581279,-0.12839291007848003,-0.12712022330307754,-0.07027696447417697
0.01655637746978023,-0.1376820720535077,0.1305078092119945,0.010576484934594746,-0.08929147473500211,-0.1514877946669299,0.0853340988647431,-0.06258924979799554,-0.16289531824084336,0.16067538877969265,0.02269740825942528,0.15520352522435532,0.014599989305941159,-0.020169387875729698,-0.02630433398302404,-0.001778886847641375,0.05611193024861251,-0.02142903908732926,0.12688026468723548,-0.12307937627071071,-0.10295634361202313,0.11525195649551062,-0.03450835122936082,-0.032787180525949616,0.14116135256090118,0.16018750187231953,-0.1389185678056206,0.03227530812696917,0.05630489420439167,0.01605498781122927,-0.03194052691877551,-0.07698631814882402,-0.06379007752664714,-0.13709287370944045,0.03177707607944766,0.14002125170060276,0.0664488443004537,0.056144059525593454,-0.04215983267771752,0.10638251291840775,0.12339690846037309,-0.017527883104233012,0.1070097546551633,0.0849829144917941,-0.004351058690100505,-0.1301090712837224,-0.0346837598936233,0.0836576355509784,0.15541729419829414,-0.137902077661801,-0.07511823834624408,0.18217184768654385,-0.07901419411114155,0.03765292706872162,0.11108892689958401,-0.1550252347768947,-0.13192510984576655,-0.08020541243137426,0.07764936546196348,-0.0027714633777304867,-0.0822192175088688,-0.1292581085466793,0.16481321796121867,0.030270340385526236,-0.11449698607474261,-0.14643322310653734,0.05147437600320821,0.11512881321006602,0.09717657063357071,-0.15729257765712676,0.16270274859369777,-0.01362988381380712
-0.013465547970145186,0.015619164665556007,-0.08327109480687542,0.0073169692005584114,0.09964364415216842,-0.1382562796958251,-0.06565056082959621,-0.13184568261059557,0.12217917953452435,0.1450595904022239,-0.10252623394789634,-0.0069092633004891775,0.05867338013509828,0.0430426533516917,-0.01129195313519661,0.14190877351670203,0.01457715465689419,0.06790372108210392,0.08387999586180195,-0.08789431152995537,-0.1350024187267848,0.07814731558996506,0.01012770892153038,-0.1622109354838109,-0.14346173828918782,0.06909296194577827,0.009810517891216565,-0.1230986008758256,-0.14920291006185307,-0.15693517801698065,-0.0865699863930127,-0.15362359809757162,0.07542443098685679,0.06494857552694532,0.07520619951165546,0.15139101531686705,-0.016259050760953946,-0.09620820417593906,0.07563699861468397,0.07501263287087093,0.11935097687818003,-0.1666066331148373,0.010242756089194,-0.010906603892611718,-0.07180706852717302,0.14484570764679733,-0.17290303779961394,0.10408939843233618,0.12988274901861957,-0.16808699349376527,0.05055238639062965,0.19725436517958234,-0.15087505423355785,-0.10785352114984963,-0.1187538742643582,0.12957489566692545,-0.012768403839887402,-0.16305724005683842,-0.1622331650337535,0.004500931778806152,-0.0034358943242212905,-0.18771051578084227,-0.0911183963813595,0.07495007300020065,-0.09790918274881043,0.10796756395273065,-0.11456072966858848,-0.03645298931235218,0.1845170981954795,-0.081776070591014,0.03729717959902941,-0.02188154133236455
-0.1461755367921333,-0.14908890574650752,-0.056644310054708207,-0.023899181876740536,-0.030904972190273113,-0.09553833548694492,-0.02876929643329442,-0.11884989850430325,-0.03494079504392319,-0.02711785199842731,-0.02912448545512822,-0.12721251853650112,-0.013214261132664494,-0.06975451566471619,-0.10900316821895874,0.03367605699794213,0.07115259466836349,-0.16052940561210316,-0.08334455738569357,0.1344251791784247,0.14972616375852216,0.11710202250343679,-0.1269917587476478,0.0783924578786093,-0.05574731142329981,0.1197598002084239,0.08938201018289096,0.11006249276043649,0.10973772094708632,0.16610534725158885,-0.061651479456854834,-0.09020248991063065,0.14364858772682185,0.15585013160869843,0.015981109891866078,0.1033740224901387,-0.045456172711450325,0.09048338623818569,-0.15341575284248835,-0.11902178083122628,-0.0030290004777229693,-0.1684198264338704,-0.06869144673859358,0.04041337145931638,0.060447276151373124,0.05699350282021118,-0.14055420205520594,-0.014328037379864603,0.01906949882912869,-0.05602629524511812,-0.11203025684359298,-0.030400922410750167,0.13413285589084523,0.14904068953025884,0.06971577869998517,-0.015665456709477305,0.16192295305223733,-0.03805854481285075,-0.14999434278273874,-0.11832542492613919,-0.0867196470617908,0.0885734128867378,0.00529048623795664,-0.01200545551378475,0.07159265602543402,-0.08631886531116294,0.09767770182453367,0.023106364943818066,0.007656645211982465,0.09739928888566926,0.02624823771369081,-0.010298419970617862
0.12459720100395441,-0.10995893956162939,-0.051296059708045405,-0.12915896678269148,-0.009531630968089535,0.03427289540912043,0.08817095773720227,0.12382300463070581,-0.03851767758058924,0.021274345245549275,-0.033878449188110026,0.02732037996866754,-0.04537257500552378,0.09939381480862702,-0.09245509720761806,0.04350397421657354,0.005625212187317017,-0.0837484543235646,-0.017176220509215995,0.1525758128443938,-0.02711150846340973,-0.15022823770531224,-0.12938601940316694,-0.06453112716040069,-0.0621865712516269,-0.08769853808321222,-0.07806502636676722,-0.15000861216067227,0.12849852928753205,0.03589066565967081,0.02707524130187545,0.045094109162351965,0.01835805867920653,-0.12631772547943004,0.1590658976908382,-0.0757490699306801,-0.14057205374291143,0.14422476339328666,-0.09331524962514681,-0.07028985855175454,-0.01351922246948946,0.06595222625437595,0.02956327819321908,-0.10669722519473893,-0.053943047978769545,-0.008027987489890873,0.11940285093460835,-0.11236807883525864,0.165127621090454,0.06766533882618017,0.10850325292244833,0.06414383057407382,0.028886074726228058,0.1076704946777053,-0.06853834661350268,0.07364479870774313,0.12828847593724674,0.019114594864427088,0.15741469630951518,-0.03029166001609774,0.08346236096042974,-0.012593343157214288,-0.02818195230716823,0.0459769157829184,0.03426645171786847,0.12056376542927381,-0.08737960310059732,-0.09790526681788954,0.08740196086091033,-0.018426575132945114,0.175780809968113,0.13713306184356686
0.11283787499247092,-0.013645831874228272,-0.14888884242031403,0.07704000591261104,0.15159347280959334,-0.05084495367545356,-0.009140593930642107,-0.15302863414671056,-0.011978334568487604,0.11430176318871961,-0.017731587459806526,0.10189738368552896,-0.15300837555301255,-0.05271820959674913,-0.046140323575306674,-0.16418632508551925,0.09477707473303915,-0.0015767667481129963,-0.13269819933945612,0.1297641415678454,-0.11552885133295222,-0.09481275528020648,0.10260828643928653,-0.09367676874328326,-0.15659281819197263,-0.10468973933897376,-0.1062986408233837,0.042313885280815054,0.07155420609279801,0.05067749719550866,0.15744651748795024,-0.09376024220749787,-0.0866100443571384,0.13903386130022832,-0.08393412130584815,0.00858839234419532,-0.0938098282768114,0.06645882920740784,0.023752431579017963,-0.1571187604563105,-0.02622650760030451,0.15555784133874392,-0.11715358176863719,0.15965259826550154,-0.10516742029707883,0.12186154435463731,-0.10920550491899093,-0.004256870227773288,-0.10322721524212165,-0.065582259113962,-0.08239297087074587,0.12493116460826843,-0.027187182976222368,-0.13469227611912735,0.08854574222838565,-0.05206627902627219,-0.09216401072369403,0.045436108738872376,0.0010470364076808536,-0.03683111972676676,0.15736089078737367,0.018574008760317763,-0.026881452963952692,-0.11045526828605526,0.029983196924091942,0.027697496760493434,0.10701184482622458,0.04952560934914397,-0.1550707632504302,-0.12083135105741115,0.16701345662542424,-0.08606481508413567
0.14375325046546802,0.15741091144439234,-0.1554181507464621,-0.053651934269020395,-0.05610783101983867,-0.1213218170325963,0.02565794416959823,0.04054503498357568,-0.029917959307331685,0.06123003272782135,0.05951911755191843,-0.010271637013840818,0.14455641673304265,-0.029416994733927733,0.10769891207176598,0.10441691907559991,0.03708446498049773,0.07038849285443503,-0.014658067278557377,-0.06558805671867672,-0.010919530600924827,-0.06948010279569806,-0.05972721227017987,0.074905769254793,0.048436986383706214,-0.12706511624303551,0.04846960125598511,0.05422487434842494,-0.0619198583959664,-0.04604768882606388,0.008640371463348333,0.08173164289756757,0.015156697197177557,0.013616844644385177,-0.08569015982268918,0.07397773094460534,-0.07740930216805987,0.004819391827956575,-0.11701029873132844,0.12971611923921883,-0.0807925342647525,0.017308109603321055,-0.11159653392833845,0.07461237249131104,0.09012050742553485,0.06466732781377803,0.13487251174817458,0.04904874514636311,0.06174756598446046,-0.10922369589989252,0.09376963039986033,0.09054485874884785,0.16041174710752393,-0.046906054542661765,-0.033756127798153165,-0.12934971429334435,0.03800628613251837,0.03413925381909958,0.03977787517438035,-0.1422000182470216,-0.07925570123350131,-0.1424427562006806,-0.15615142041054786,0.08268644187140542,-0.04722851979177117,0.018731269302941642,-0.11053886454805055,0.15704299211867742,0.07036130712198414,-0.07124473004007943,0.03320298586536866,0.0825933917687242
0.14538130633013308,0.11839604385287736,-0.05427381153255122,0.10661545412049733,-0.07572072537902153,0.14916176884290624,0.030037328772613815,-0.10272286333895464,0.11819553511234962,0.07930976557159909,0.07680150086171846,-0.11064830120898096,-0.1497335417885356,-0.08160199956693105,0.002845397639793162,-0.1530331660272041,-0.06214967915429537,-0.13223226717946815,0.05398882971287089,0.09179200678322971,0.04283308811983258,0.16817162457652046,-0.14771502906284967,0.06888705785452533,-0.15263214856646987,0.14753469457093182,-0.08775551473644956,-0.044837881553548425,-0.12972629448450954,-0.1367168529011835,-0.10053805072993073,0.002570950865049378,0.152268558613551,0.14136698237279183,-0.060112352864117244,0.14035602524053398,0.1304875676316879,-0.04761839937508521,-0.12847640328225712,0.13732723903223776,0.0018377268268727398,0.08585518981182959,0.07456225022488404,0.1009132574860223,-0.18290813308636403,-0.15622105652281423,-0.12786121618086968,-0.0347204929215134,0.15991843950989376,-0.13207758251591967,0.10284413601821547,0.19055609593512765,0.13104451013791713,-0.020964826005106307,-0.01168198169376767,-0.1935507413824355,0.04898421494671063,0.09705363699944576,-0.015396025341872274,0.07776611687104608,-0.09777895488149405,0.08902058831715944,-0.07697504519504965,-0.14634562556116693,-0.10708867980982521,0.13605097626856133,-0.09536193362195058,-0.035252223813074544,0.01135971281984603,0.09086704758857282,-0.009921672808560617,-0.14213443278711843
-0.16681362041667958,-0.071734096155888,0.11178643956291301,-0.17063885967466666,0.03411216575475003,-0.07194793071518298,0.015368505728726611,0.06764323654191258,0.008247139188901851,0.004692211144703877,-0.02151277992683755,-0.11078253676237332,-0.07702720234730252,-0.10583532596591211,-0.017426297894644525,0.08711736661875992,0.10921849498712448,0.09554015199620183,-0.0019383289300546867,0.010151596670889567,0.07841864166496161,0.15754748284851286,0.0014684403346896014,-0.047494074611864355,0.03524338119054881,0.12376075667318347,0.11720224251960065,0.1330070993657376,0.16146884843988638,0.038609579884704225,0.15057719879329656,0.029469209193064776,-0.1626800771021507,0.0930717069542359,-0.06447663300120228,0.011499862974040053,-0.14633854085855608,-0.041528265551480176,-0.06253789023889725,-0.14144167140158762,-0.01118815429943065,0.05158806128848423,0.015766732573451157,0.1308312851686756,0.07083228647759027,-0.0012420639462340417,-0.002684837165094195,-0.08179792913524259,-0.1708730043854956,0.05912929979116572,-0.11592150836636526,-0.031398446641275474,-0.12576711426200302,0.09563456753211584,-0.0009953261544817006,-0.07261407570168674,0.07805704764879662,-0.05250050374418597,-0.03612224135714158,-0.0648818544013789,0.054075175227596944,0.06292291424534395,-0.020315140872378682,0.13325818342788354,-0.12060807549571571,0.08231690714530568,-0.11504106592911305,0.04346417416334759,0.09993259150490545,-0.035784085556550195,0.12698746244160364,-0.05051174852049097
-0.05428587034957435,-0.003337339092577722,0.04354548314523989,-0.14943864004788138,0.08378289843234278,-0.1619787173895894,0.05637108530683949,0.03250613277905621,-0.07881790283001726,-0.04745233653839186,-0.07337167527886608,-0.0470360814973038,-0.05392469353110255,0.03938878996987687,-0.02912093617741814,-0.1625972643787015,0.149249917944112,0.08233848141270839,-0.11316275293058772,-0.02689515965931011,0.03424914695452179,-0.1391506432821197,-0.1330349328035311,-0.14170528744753152,-0.045718328890261575,-0.11226477881290407,0.006195024967329063,0.1353055839486624,-0.13265837853438334,-0.11955062747955446,-0.05627212345183487,0.039408049889005974,-0.07866578149944727,0.010620101047992657,0.07571464258101339,0.10490353850255571,0.0013883021266219008,-0.1430484811923481,0.11849560621641454,0.16703255358432853,-0.11995206637204768,-0.09449764240493583,-0.14684088596587574,-0.11882861094832654,-0.1406729199958726,0.09168634182678949,-0.038781303276646736,-0.023422029389839623,0.10717045655280139,0.031875262916182596,0.06980908566693025,0.059536330374836195,0.07242369242134468,-0.16976332423040158,-0.10560336166363588,0.08477368725654871,-0.04915601687198445,-0.07362970448566067,-0.15102211313965458,0.01854767848920339,-0.049621228458532535,-0.10298831407188641,-0.044266912412223594,-0.0668008016111139,0.01385099683342635,-0.12392277081179717,-0.12971457028207886,-0.10887868923594177,0.1487957183981024,-0.08355544972527935,0.10351784731106037,0.11937595539008311
-0.03219313464042662,-0.1669357994870495,0.15105945059096837,0.1311786199648653,0.1565763010864616,0.03364406349588376,0.04747523980070207,0.004527692815120104,0.055105049930455535,0.12861162752588515,0.1330141750988578,0.14738233117348437,-0.1540062237875769,0.019423087144436777,-0.014185811327625052,-0.05898823933380243,-0.1473358357654211,0.10923647542088286,-0.05677059128945976,-0.14150937704570138,-0.02630574623202473,0.013023744052148593,-0.027044823880845507,0.1248387865538996,0.14573837140502519,-0.007904805843267668,0.08106604278514049,-0.014613414316461426,-0.020115392723270054,-0.17036004361995263,0.0841364070318248,-0.13460974410068252,0.058926748875917756,0.018516808004906956,-0.11426931244948417,-0.008269085853313261,-0.11764177119040314,0.016255293427308436,0.15259669912495383,0.02440469194560764,0.037177296894869975,0.15611361634752732,0.16741717155141633,-0.16294199075256033,-0.13858337404686463,0.02756853859495151,-0.009687298214565234,0.17030538760782066,-0.01770339875534484,0.12018192418603235,0.1316655471492131,0.13242399435726745,0.0747048744776865,0.06568096307453493,-0.1651767799087956,0.11491427215462073,0.0007151813993611101,-0.03781189844497166,0.041320837694831074,-0.10220229774120207,-0.08215650660080893,-0.1626356970185858,-0.03553953920512727,0.15625383787055433,0.1571144024173136,-0.16001665847170546,0.04568917647383906,-0.09195444705964442,0.16985304497338852,0.14238174798456082,0.14326503849858177,0.055956638009389964
0.14755294111321446,0.11106771660225014,0.04886751183385362,-0.05278806662758133,0.12647811652819785,0.14056603737875606,0.14051421957204907,-0.044059125771278525,-0.08368143296433121,0.12306674399270107,-0.148795208426205,0.07295408295763495,0.1111636080338835,-0.1466111059422394,0.000813448075397094,0.16789618969126427,-0.07858357237782176,0.13575728337296855,-0.06815282517093892,-0.11617165713120045,-0.0872502634433472,0.16270873282927623,-0.0638812480562401,0.06303413252992707,0.1172385652538668,-0.12281610413510194,0.16030538072380832,0.1716326604137824,-0.14418034034709182,0.03973315865479554,-0.011174025744505834,-0.15756067379259445,0.08567903101450501,0.16741586557200988,0.017078758125394673,-0.11100793841168559,-0.018716938933803412,-0.04639376881275399,0.1272815805065716,-0.1264830254264379,0.14663555042980225,-0.11975404583905576,0.03736227560436509,-0.10331348236383406,-0.07458808460482937,0.09371294983348255,-0.0318294127118253,0.02830075755621676,-0.06759068864360342,0.049751788772523696,0.0939988397392357,0.12455707431076674,-0.15105991641936856,-0.1823221819846516,-0.07149338956850772,0.1485740987031381,-0.048333643884836165,0.10496995649103098,-0.14786152818581594,-0.17473527554730514,0.15938758324735772,0.132691060989198,0.15366846659292502,0.006423165802549168,-0.08324338259816425,0.1415398748252059,-0.0028234049338752894,0.00042830488756795415,0.042415457796797416,-0.0086504790225866,0.016460064094587494,-0.1682441241007682
0.061428124208693494,0.03171608287941682,0.09153174140428713,0.1387643305420053,0.11087107036419878,-0.08615231579822162,-0.056881054507899105,0.06771585389021491,-0.0332249820396103,-0.05018148850200224,0.025248499572044357,-0.05586489668401547,0.14267118820016608,0.052550702985400446,-0.1540111333639135,0.10559719408253304,-0.04273004614015765,0.10218295385905513,-0.14940012030964153,-0.07256088496247798,-0.15718173120910475,0.040489775074767774,0.1408317640090865,0.07636278465966986,0.1082660871607617,-0.10520298211573025,-0.04808717125004228,-0.13400821422117812,0.03875936661545284,-0.0895898873279399,-0.05213933033255432,-0.1009878810240613,0.061994523484211084,-0.07061767198544515,-0.08922182288226847,0.12187440524670096,-0.11549777536204821,-0.08299225993471075,0.007373743512316777,0.12959142346887836,0.12345968808306391,-0.013807011515756704,0.07801529044665527,0.1340759413914599,0.06047553680681949,0.0934359538463491,-0.1152231150263288,0.01702699349558436,-0.07759243653752497,0.14956165289316128,-0.10464907935532901,-0.18182944237075044,0.028779437670096622,0.05302233193013078,0.1437683493609841,0.10371914970526964,0.14146128592607368,-0.04455106485410081,0.13178204776591507,-0.13634064700341264,0.027775348509094747,0.08554408092210751,-0.08629914606017038,0.0026376956648707186,-0.007100522936763254,-0.051265908568981285,-0.07180392286951982,0.009163402704718288,-0.03281880488817535,0.14413469569386214,0.035725041901915035,-0.05908821770883185
-0.11404848954872253,-0.13354220140713008,-0.057058001902322575,-0.10422934892681941,-0.0867877124844116,-0.13776838004654895,-0.052117800500401594,-0.026774543919714264,0.11846060304371665,-0.13676131711600104,0.012392513573232553,-0.15309871156540014,-0.1372609360743254,0.036235705300972865,-0.12169730567379285,0.1487366964417711,-0.15779099121093618,0.14873254033959266,0.05201668275042096,0.11151605709314458,-0.03244736759204779,-0.10916442881465312,0.012128499411614936,0.12741025879383416,0.054171024208997755,0.1395503440456017,-0.06106696721895,-0.108711007150531,-0.13112677237320586,-0.06399274988357795,0.101091737200653,0.07979537900874457,0.14379160513047837,-0.05009991422740564,0.025673663214077366,-0.03653194667951725,-0.11743320369339096,0.0994181729150246,-0.14521857972881272,-0.07569835968271442,0.11110209145172813,0.15938115223232824,-0.036030429898293706,0.14878539888762865,-0.07971106046476086,-0.15280428779806843,-0.14748932306657114,0.10937220024268708,0.14507141047424424,0.051242446007929064,0.11074143730291494,0.1392801203074705,-0.08348634627823763,0.12896250714370522,-0.04521418596360558,0.002433557923673001,0.11549096647761073,0.1227131021320999,0.15325561437264235,-0.08159921058905173,-0.025924726091394318,0.14722497343426136,-0.04910000428812552,0.054814716207144495,-0.08734079634646136,-0.015330467321044577,-0.1471230073937464,0.03719769146171276,-0.044263942915082594,-0.10139549129280408,0.06745272410732997,-0.12693983513205387
0.11602112496244568,0.15977424885533714,-0.022532292079382215,-0.14246272161858056,-0.1610566324994804,0.03908734623897366,-0.0969451007038804,-0.03202906432496171,0.11540779468244088,-0.004380237738251858,0.03959219721096565,0.14712773077451127,-0.08570670195290762,0.18054538842025206,0.013965169508068524,0.14578671376458713,0.16699146538599116,-0.008295765296682153,-0.06676675536804189,0.050899048359617866,-0.017803595029737176,-0.12794514448764346,0.16072465089816984,0.03212138653347982,-0.166889566907777,-0.06234338282010698,0.14377456189775242,0.10397232339890654,0.16837659525139168,-0.12958794776285198,-0.13211363375658655,-0.1140334256612293,0.007036632079503541,0.1412120755437169,-0.02740754607346918,0.11470782258875101,0.14362963654907718,-0.017836327192963273,0.002959982102894089,-0.13318334818410116,-0.06171259974035719,0.10292469179524694,0.09452457565357239,0.03995407999847682,-0.13599324232608034,-0.08521944479562703,0.015982897849237013,-0.12544370891323092,0.1702098152488437,-0.16828196569557183,0.08825853464085695,-0.036454085415243205,-0.11145447820970929,0.04906608116597499,-0.003634719222934578,0.14568595096319206,-0.11103521971843495,-0.14502486097772677,-0.06388854787009719,0.03128711273640002,0.12381949149615484,0.16498622326657555,0.043062160966748114,0.03084979179790828,-0.1362830588003606,-0.03001040240335165,0.0692525466540072,0.1589876871067453,0.012597143037302945,0.1462107375487804,0.14066782968886588,-0.01859176985700621
0.07306642226523792,-0.0017245851813347086,-0.16376733185284278,0.008643235054892673,0.14820567415538208,0.03537367979109158,0.05162901025893539,0.044232064928477595,0.13367507015035354,0.04007532831522041,0.13460418188627443,0.08111360671769224,0.14856719908484442,-0.11722373645562828,-0.08282198194227579,-0.03179695078107131,0.06637596733718484,-0.08657135013615781,-0.05522070900590517,0.1457282790970112,-0.12614441414749683,-0.12714929739107247,-0.10212682187078871,-0.10044324816056469,-0.12272618877296541,-0.03476200581703287,0.16024143528409573,-0.006223631252678793,-0.1132843108940028,0.05563228276953223,-0.025724263420156192,-0.036941274656696436,0.050020623216217155,0.0493509523688006,0.09700212808791156,-0.08979851399032442,-0.005212787051358028,-0.0029113879078398624,0.15322536488053323,0.08968862822980707,0.0443303706207227,-0.13877563419705,0.13644196795740357,0.14927232958993208,0.16491871652371684,0.07680579821790251,0.14385181551684914,0.08025118493851581,0.09594323371554307,-0.12264216231321164,0.010015103940774893,-0.1110767939916661,0.08025410068808606,0.02859678672255343,-0.14729795062380327,-0.1457423783476177,0.021925755967509834,-0.14176012647537428,0.09027965839383657,-0.16424097870070897,-0.010096841619446437,-0.13743153532037128,0.043942056112878526,0.0399862096150196,-0.02797625987880849,0.140676016680456,-0.004897708835773308,-0.16499480292700222,-0.022432478110077852,0.05448698979709007,0.011439355525461277,-0.024350970533502284
0.05480160689378369,0.12960266937013346,0.01975151590209591,0.14025172595219731,0.14552378490666748,-0.06011822819649051,-0.14153512013872188,0.011319619288346237,-0.13926267391524935,-0.11967255539944421,-0.02377021378674641,-0.03668977420441687,-0.0691996391982023,0.03192395710916428,-0.0014016343494526306,-0.028293900010933366,-0.12102357262134497,0.07451270970590884,-0.14341312848820476,0.046930116232211744,-0.06121984328986638,0.044049475646012776,0.15864542769075457,0.1317461112524179,0.04068138368653598,-0.0005084635003090079,-0.15444144267217694,0.08137493254308825,0.022760525529687534,-0.0479530002139412,-0.011835486270028332,0.023640707931586458,0.05681097085713773,0.07521496158220893,-0.04807389501975416,0.041351198860393526,0.1073150896330858,0.061178287888425546,-0.045920398974267404,-0.10777089762626951,-0.01547724206973148,-0.029113244834851646,0.12427826775691711,0.0011356692286685242,0.16201865388838535,-0.1488238505406475,-0.08541004632096405,0.11211508890746678,-0.03380238651812693,0.14519424926336869,0.12710044496857653,-0.012191650069948514,-0.15267833715677956,-0.01564701081134786,-0.13878138363871378,0.1675480963219924,0.09775135690002208,-0.10498449379064842,0.12481166645660714,0.1391530222805811,-0.16006447078454492,0.095532696659055,0.1593727782888031,0.008018001376016074,-0.10053317488974152,-0.02702195817193928,0.13550929122337957,-0.027903970768183912,-0.15330877271053128,-0.0006586146872062125,0.04831646489439769,-0.03509627817444382
-0.1588621440977828,-0.14219368826315582,-0.09763257762174365,0.01375982970368531,0.01711780908800297,0.06871971821018803,-0.017369631140997235,-0.07828502439614891,-0.11088223567221726,-0.10472590155304907,0.015179626623059116,0.1073457902488132,-0.14554209208805474,-0.03395682736262253,0.12703581534166644,-0.10828820763857708,0.0088315923443943,-0.12934105730044007,0.16947107252018542,0.05173938488805235,-0.06433710122454872,0.16085096008785268,-0.03883057284117742,0.0917996463943274,-0.022036975310652532,0.08979628525758236,0.10682441028865916,0.06116639521874412,-0.018273681947132848,0.1166349125987135,0.10255243796590784,-0.018659405998756793,-0.12468209176866464,-0.02017799662170281,-0.10110133900008268,-0.013026382828602443,-0.09751134050833767,0.08129680754261814,-0.03005232521006531,0.0018164575143190711,0.1395782142076444,0.08242445053419037,0.06603628277216907,0.02598026037681447,-0.01120020936004614,-0.11675336514278134,0.11198850944991819,-0.07139897273153169,-0.14585030549812394,-0.1660570667645199,-0.0733392359859456,-0.11148560379477733,-0.10083661856933493,-0.04287410511623254,-0.07336470480408289,0.031976257335220665,0.15327241347250994,0.02255952231765076,0.09894602345217078,0.082615905352856,0.023354016515196734,0.06452590781703396,-0.037985045388593396,0.03686950768911254,-0.15436034589700726,-0.03948734454193425,0.14925882156023398,0.13585398752468392,0.00900134406491723,0.11448153577865545,-0.054459758682048554,0.16317418375973516
-0.15620658301775195,0.14482848495284611,0.0037630225747084904,-0.053725041264037904,0.1046457237589157,-0.10803478423647601,-0.030265283062602504,0.08786518882970325,0.0653515342659589,-0.06950108784519855,-0.1246634225584893,-0.08152583795426913,0.09699422192848488,-0.04910870145446613,-0.008526314306742762,0.099073456525267,-0.07814828825946796,-0.12433265264155649,-0.04926975421206337,0.14703997371666594,-0.0896843417786999,-0.10785833342578716,-0.03806069803516487,0.10382995201970757,-0.06313474363269277,0.007764400575322926,-0.13040363892073945,-0.08213539090005782,-0.09923327932341973,0.09326259633389165,-0.06404666460501213,0.10290478385745697,-0.13839476369717596,0.11799112013998173,-0.00217441294245309,0.12471680777725727,-0.0866816343843763,0.08237123563761592,-0.1628696992114752,-0.026199341743311174,0.13280646186905348,0.10300635644940712,-0.14743397330619115,0.07782731381554184,0.12486489096322889,0.14968388191232626,0.1554429494459856,-0.1831897171292729,0.1526733886176859,-0.024299154698433186,0.09696604361725158,-0.12724120365287533,0.14626011582254714,-0.12335121246021259,-0.07535396153642322,-0.03503145070150219,0.005739940558207648,-0.13177008361352802,0.020627928577561763,0.13186365657363092,-0.13117742346752784,0.04143478777496203,0.053163339324982024,0.13758766286532267,-0.05547324582387418,0.08507317898165423,0.027743439547850756,0.1285018362193989,-0.11391354325597644,0.010265843320737631,-0.1569953636957259,0.04222479965205313
-0.12994207382977058,-0.11729048976095732,-0.04097657393810863,0.011689216540773604,0.09937931883217269,-0.15003165052433048,0.006270272315499164,0.0841098135418702,0.08174550236365954,-0.0916174430572033,0.004649698823603942,0.02873068784881451,-0.1558125485458223,-0.04764763550614192,-0.16696150943384577,-0.022443142674537918,0.07744513137672124,-0.07920310419113939,0.055810455887567716,-0.11810811169138644,-0.1284850198280753,-0.09591925808233336,-0.011612946690670199,-0.08917523921305977,-0.0615350744102828,0.04828365260476692,0.15607835630593034,-0.07133006109384413,0.11097629131731372,0.0934879790716295,-0.1557351625540137,0.17467321117250156,0.09977870060267327,0.07819241490778364,0.02308125823147669,0.07406608842235064,-0.026188082433332278,0.06707949582415337,0.1417903666961825,-0.08219318589829792,-0.024812389944538733,-0.016833145095094947,-0.17706961761511947,-0.16291178956454785,0.10417986963717496,-0.14354622062446137,0.03271920693018531,0.08337598753000915,-0.13149847701518344,-0.09081136993235436,-0.024644522764154252,-0.07951396862510443,-0.02043459543563223,0.09285566976128402,-0.04361234757058245,0.012534414759846388,0.14108761931407243,-0.12984606157420536,0.1639514735617852,-0.12003739706495753,0.0322302512579457,-0.0494171774147991,-0.009292082812362696,-0.0401946418898337,0.05919714881967694,0.13143978932027703,0.10450494493335431,0.16279199931809998,-0.13053350848823672,-0.014914900953634899,-0.12485305954997464,0.13347304788152092
0.15580218613450458,0.08485383467610251,-0.13400600654166808,0.006645840035022169,0.06073970140921605,-0.06590610535935036,0.03154859673185013,0.1127643973173818,-0.013392232367359409,-0.15069030668246292,-0.09361093760020592,-0.044745845239120646,0.1275055825402702,-0.07120699781903612,-0.1610840811505604,0.16296109709666276,-0.015906104303806703,0.16452715929343822,-0.13653783192714491,0.13297883255231732,0.10298730190599523,-0.049968344334024827,-0.008345606406354527,-0.008497996572273266,-0.052793373027401475,0.15941319341814963,0.013101359878476859,-0.10243557988723101,0.1446052178515113,0.14837138426904706,0.054992193091296646,0.017635344385943715,0.11114114554917089,0.06179497496349514,-0.014771058164743991,0.1472307125434904,0.029064198248768117,0.08948355394925923,0.07287849324790348,0.0732412937391552,0.08810869152417201,-0.025511635470065602,0.046380480435209016,0.1219806798317334,-0.11656876683358514,0.11082930740380267,-0.1581458236079461,0.045341989380153595,0.14559593849990823,0.08177590681559864,-0.06723068956117735,0.06794141664152797,-0.037232354272643396,-0.15006181911666444,-0.07925792222076251,0.04499065169708879,0.15699272891001573,0.14418689540092972,-0.1502390797379257,-0.015709706802920196,-0.0036918215768386945,-0.029399606909035703,-0.13589773808885824,0.08411372963426214,-0.00796900167539869,0.004514000394039943,-0.09572851488292677,0.0009493997162067448,-0.06881663066632851,0.008689651484231833,-0.15580748803157568,0.06454497058082108
0.03891391517616722,-0.14266842641830094,-0.15333500962074284,-0.009603765841894747,-0.08349378689771962,-0.00616358596301386,0.12937926124619245,-0.15889504829273,0.012649654576999665,-0.04694907348417703,0.17636631151001256,-0.13388413889754316,-0.06358306347820318,-0.03386330444850505,0.1741876776327879,0.1220478449101379,-0.03660402330615675,-0.06343485153330719,-0.027857383367038052,0.10598056004583772,0.11929512975573528,0.10509386536386284,-0.023262119756872323,0.085137912704635,-0.11999464187112727,-0.10623932259311888,-0.09650723192151536,0.06261759937966732,-0.15170623692268626,-0.08789464629950453,-0.00885473642298437,-0.08061058972942305,0.011508026512277048,0.11684134407358458,-0.08530226146140732,-0.059712874309668276,0.10362941036361883,0.05914946702830291,0.026548148599891012,-0.1300387633167763,-0.09467298243036752,0.05604991373111942,0.08895496761413792,-0.1296757524592735,0.03560345727030097,-0.09220677039947238,-0.04520691388316155,-0.03581047295769784,0.010279011443913848,0.038124706742206554,-0.052277071484603886,0.18063261087753588,-0.0031131325371895604,-0.050037592590221114,-0.15831053854135094,-0.1320315591351114,0.1575747859075397,0.11244041456092488,0.03311652226822158,-0.08959787356759433,0.10110186773105104,-0.05876816600515816,-0.021474863335749324,0.04215942963701667,-0.013987813669703012,0.07086946563610519,0.06209384763390058,0.048717601740447765,0.0301049657544465,0.11725742217060343,0.1852030401256989,0.14555299445714837
-0.08564465993359287,0.03964590519022936,0.11062782751479093,-0.08795802539895962,0.09498333016217099,-0.07423902301471037,-0.04308568555977273,-0.1478118120713212,0.030475545575217502,-0.044139916247553784,-0.04041786894859561,0.16302599466199727,0.08497925610788377,0.15896724916120628,-0.06505636238925164,0.14991950199818543,0.05619974885923522,0.1486173542269193,0.09008008624810579,-0.040295752897648855,0.012529731667367426,-0.1048741658027687,0.1509901865173458,0.1458385549550222,-0.05426375816656038,-0.12575482782193045,0.0323776383328779,-0.08523409236080629,-0.12346430844111195,-0.14728683442442728,-0.16489635364768576,0.0024366266977816535,-0.03377333549465393,0.13272377689680787,0.12070364330533391,0.13321568869554748,-0.01628488345252195,0.06758174010327181,-0.05352272692523321,0.15593181722238542,-0.006996033899154473,-0.08334658960711554,-0.137807224566601,-0.03682512980332889,0.07570204455557934,-0.11069283466796935,0.13971348650067753,-0.17914596957912687,-0.17437293083684474,0.0037263796512070294,0.11048841181222026,-0.04453309023102169,0.04760864526901835,-0.03364337361207029,-0.11224004850407915,0.058824476211379643,0.04372253496061879,0.09791968311620905,0.1652720914565134,0.14616213167371842,-0.08355481073997731,0.1295015208861055,-0.0839965472973885,-0.11407774898096211,-0.10270666185396778,-0.08539396940562473,-0.14562051958502648,0.06339349107981225,-0.13466314485759126,-0.09589093553274604,-0.1163108581261556,-0.1393796630432051
-0.1249173940506673,0.03279194561868151,-0.0615540880705041,-0.0525723896652026,0.07614782610166058,0.07511787118876177,0.1283366152894655,-0.09450941858366009,0.029163239858555144,0.1319467894300071,0.10188560764146452,0.060437811721673035,-0.02596586509462245,-0.08907616832420907,-0.15041725672547496,0.06907041986117399,0.009429184175310976,0.14194625168694966,-0.14839458773951233,-0.08436464471213981,0.0252174074810273,-0.15368129192014465,0.08824968142678397,-0.11847906233262841,-0.1336239060918743,-0.09918698793854248,-0.10605124885739377,0.03695664429868391,0.09484903013142774,0.008748673625222766,-0.020200026521598937,0.06181375859299921,-0.08717116254786893,0.021808412902746616,-0.1118659901594574,0.04281788320019903,0.11089026248684003,0.057504091040616975,-0.08525583949317063,-0.1071152274901382,0.01750694803974112,-0.05166833412124417,-0.0727347786156572,0.05727069808744448,-0.12436758677756495,0.026753460779059313,0.12449763879077058,0.05604828317616084,-0.1220215767083267,-0.06836451884145227,0.13357126711389855,0.012122794443892389,-0.011513373069927332,-0.035221276750052176,0.122162574340521,0.165330833248396,-0.0031828848769468753,-0.1735307362222483,-0.051795687860661535,0.12961409992240358,0.006699046836536234,-0.07235205832729895,0.12141651108222949,0.04626419398068599,-0.06648219266216077,0.12491766249809262,-0.1317741549043544,-0.16675039712793838,0.07613860129375236,0.11260292124053353,0.14341353427147008,0.15890858004894298
-0.043046817002823395,-0.03347380286731689,-0.045308834217185526,0.044304590928652195,0.09700589200373189,-0.1534906686396731,0.13963569170084408,0.021252338087355202,0.1696423077729707,-0.052627243923335745,0.005632660756360642,0.0794401796725149,0.005539602449130684,-0.008870588176662505,-0.1584544728219293,-0.11098439756420274,-0.10717769295842385,0.09731492547633723,-0.07429266413285998,0.16640278559836327,0.14529642579749083,0.08909437068759847,-0.11835803137274653,0.08339308056593152,0.0861099412159168,0.10775478840528246,0.16903772836883446,-0.061582109853632834,0.11186802025730055,0.0835832719297356,-0.0380418003895811,-0.005094054385456605,0.07970226013325071,0.01702445422890131,-0.018942874922450142,-0.0025273211168852644,-0.05433592037104094,-0.08574279971537135,-0.1281347541288117,0.052459086662760085,-0.08460613872946292,-0.14605111146212438,-0.017237578951497644,0.1564264428654642,0.03968325044646793,0.10763918564919812,-0.05518684305760486,-0.09451577493540604,-0.036382755023066274,0.08820430555796763,0.060094056520601694,-0.007379942645562402,0.007041003958500383,-0.034492594764191885,0.13290314842740303,0.015209147403216848,0.07291553305487178,-0.04206328680418916,0.13569984477606647,0.04819634732477055,-0.14063714876650205,-0.04897537896029072,-0.06974047290460027,0.16486112474541423,-0.005300932378417914,-0.012513819242444116,-0.05113942940909786,-0.05627208958624605,0.02660243760517983,0.13455258908427273,-0.15838221309947634,0.08239047118169185
0.10568304013240068,0.1384143421927175,0.14404401991114862,-0.03476726647708319,-0.09945010410517699,-0.051968199636799495,-0.01552624518310557,-0.08975877244311646,0.032054245184115614,0.07152832628090681,0.02843122153058512,-0.09349972832770068,0.1306739688672078,0.09624749481132272,-0.0666961591801658,0.03135865933588619,-0.08198693620901631,0.15711315588343133,-0.06283173030061395,-0.1300906533077399,-0.06839094689131772,-0.06651941195229905,0.18387454543946744,0.028407131302581375,0.03096586496232776,-0.004014327507785644,0.0008514132299523511,-0.12398005313489359,0.027972112514099555,0.055749446191494564,-0.15168163146161157,0.12082913009356612,0.05258194468127803,-0.1590750304268959,-0.027451279026383633,0.16042240808675928,-0.11481338914138715,-0.04225580626168301,-0.0007463278387534126,0.13015817066187255,-0.015997532883180957,-0.13189789047133726,-0.18254427855556027,-0.08034478291297764,0.1661198404575822,0.0866145199289763,0.023685291292451935,-0.14119246710988817,0.08382974283629362,-0.08394895908121397,-0.09834785147284582,-0.17757696634346107,0.013054998048107669,0.17822055476289944,0.13847976296355752,0.09244372575733016,0.01810514875683698,0.003901977492645567,-0.14842219096303083,0.035136119826352556,-0.1165362660554535,0.19311839975663844,0.050241699802590314,0.016313621095075403,0.0036447909958605283,-0.14993935399158081,0.08018081619536456,-0.16113018932777337,-0.1893263682356362,0.1653594229286302,0.02754803305694783,0.0032514765477476794
0.13149547183142762,0.010175653680451096,-0.1384385931365601,-0.019260584386588352,0.009765844837646328,0.15209506920064764,0.06565468230794938,0.09603465019834624,0.05027676248572256,-0.019236186686668332,-0.08217895560020691,0.0238978109239546,-0.09820288430630655,-0.06914658417926729,-0.1807033743289239,0.07352320442632881,0.07159121071050872,-0.022002916010600396,0.03098620430702807,-0.07833245047234316,-0.03335567070830777,-0.12120263099092944,-0.12465453222082895,-0.019636399181596147,-0.06431090715543848,0.09182303113197736,0.11523845332084263,-0.034520571591369106,0.05874790224894311,-0.01411809879992935,-0.11523480216137798,0.08623089509829075,0.12653564989671381,0.061571997218279884,-0.04470047497591029,-0.06718172280637892,-0.023664655039509756,0.09351866154926831,-0.05061250520094918,0.0507127179819637,-0.13841611635002768,-0.0177970628369433,-0.14641106391976327,-0.012723976304374465,-0.013180498974232544,-0.0038358003224142913,0.026365792186689805,0.006375998986105474,-0.15734751838465738,-0.10925206552783744,-0.15963420102151066,0.054083243493170834,-0.154400616265835,-0.06183105707917694,-0.08289929927258373,0.033494067201287774,-0.027315327141811646,0.05528508416772063,0.015537240272469352,0.12882522250060383,0.07806736707729826,0.10842531610953336,0.15397794734377596,-0.1318752576931634,0.11047759004531267,-0.1610563246184814,-0.13141168974699016,0.14970274977162454,0.15289228849371067,-0.023564543853814086,-0.037082722820476754,0.07072724503695771
0.010817798265595159,-0.14288042913094898,0.03219408242025538,-0.10345564080806983,0.0295060800084713,0.01061177177119709,-0.055560667193809705,-0.09130221378267923,-0.11170701029601886,-0.0870959129517482,-0.000674232375634295,0.01725280283079774,0.08870979741583274,-0.09000662452071488,0.030443898878155597,0.15612502190049257,0.12485279375328658,0.1487859323515887,-0.07570793961540141,0.022357965933688845,-0.03466363726759692,0.09689408610196215,0.007715100120432232,-0.055585925215104054,0.1309493481059102,-0.144446661940243,0.1556503559795718,0.14435825740269193,-0.0033688212383092735,-0.17830749507940138,0.09829728603253832,0.14970375532618105,-0.029754549729425712,0.0556579378465452,-0.12957176334105364,-0.01557452940889898,0.06842751978245686,0.15753855567867814,0.10024157450019,0.1409890480264781,0.0577955792762579,0.06153645420468611,-0.01531449738325463,-0.04452680936951931,-0.16805770425493913,-0.0749808824961169,-0.007255058715536147,0.026765878271236238,-0.1674408724408684,-0.15747084569876874,0.06935637441272234,-0.10233348933380146,-0.028603763809987644,0.02373233707033492,0.03218015138338094,0.07338105498609174,0.0653764323876672,-0.11446106125672469,-0.12464846256694641,-0.14686781464560356,-0.0869146525799798,0.15749421672990463,-0.11022443734602186,0.07622416168451725,-0.08166851051224575,-0.016463518872842767,-0.0368986399212098,0.051592804816328844,-0.08181751575707437,-0.021807224765414798,0.13048798537580028,-0.03829636234201773
0.10238699275629075,0.1374709394135959,-0.11767728533339575,-0.040338724743895035,0.09259492565226693,0.09142273618453291,-0.11301056753157447,0.15848157908337804,0.06867862453386747,0.012370464575234668,0.0988750638026795,-0.02839256815974833,-0.03670120381163611,-0.060711706380202374,-0.02734477344327582,-0.08035761208780383,-0.11909400890968383,-0.14491307393181832,0.08309251337870545,-0.08083426716185399,0.0703071285072381,0.1358426682124704,0.0043660144986007446,0.10765538209274866,-0.07135968227242992,-0.1506878208118983,0.14938501433007564,-0.06420606274026308,0.12111153564946846,-0.14767677714611635,0.11897032496397751,-0.0209328743243887,-0.16036104790346153,0.06787078034472759,-0.03641693619617208,-0.12095091087086403,0.11214272202477585,-0.12691674950399817,0.02657116661991456,0.16534164549897917,-0.06440031803800644,-0.11773464634991479,-0.12866253333824637,0.10148529488668633,-0.09635524291341725,-0.16503775964072975,-0.023614310824297473,0.08653747584267843,0.0412536277474697,0.032445327432604386,-0.0396422480215458,-0.1094432844167144,-0.06602281323391272,-0.13484112923330893,-0.010052989644438246,-0.08958850448534712,-0.03158329362533732,0.057871931145622287,-0.020821418226847382,0.13912806688803794,-0.14861581709218127,0.1061832813040927,0.11736655786588863,0.05934708204434494,0.11123056166399041,-0.01867535685762611,-0.13723071249798338,-0.012044637101669439,-0.13418262558675098,0.11411905127695107,0.0006102853729206665,-0.15555490606769137
-0.03798298596790399,0.11067674325099953,-0.005234925316612303,0.08106663965426378,0.006930289545885154,0.01915123775027706,0.13581178789174575,-0.02165665923286717,-0.04034289693346822,0.06012916076880791,-0.07081581291914602,-0.12486361142011407,-0.05654783001598411,-0.0103440267132129,0.09871669817719306,-0.0289811923294019,0.07228826369896142,0.003279291070168692,-0.05013036360137347,-0.06662566844874394,0.036078234262878754,-0.08756781000258594,-0.05942167176330153,0.020719053516059818,0.1496321469722278,0.13459384333090546,-0.09417316615753857,-0.0964617949099205,0.03456867843633724,-0.10198343102097782,0.06024175291967857,-0.11716342030149986,-0.1688832861834076,0.04878789687330753,-0.08747314918458142,-0.13050197055486376,-0.12736342193215108,-0.05935478628656184,0.11744119517466012,0.06743999904680874,-0.03154305056393473,-0.10599369608465956,-0.031999907354990254,0.08190831368193714,0.16722340780743633,0.06970759097622045,-0.08556556035539907,0.05648938584349326,-0.004413857844552527,-0.06718477261023627,0.05620841611564746,-0.04185835464310005,0.15752514378805108,-0.005119229175286414,0.11894208978914853,-0.02629317889822145,0.0875798629005322,0.12826860436084797,0.08855076076641771,-0.06910539521174455,-0.04175072762678994,0.08422678850865528,0.1562048738700814,-0.07647173623758932,-0.09243823589151881,0.04048662708023118,-0.008982222094485081,0.13823497618541628,0.1298833934015035,-0.11570227028791143,-0.12210314157401714,-0.07907111871240313
-0.12965305052368728,0.07475372293565032,-0.10353612060220396,0.15922559512816442,-0.040724236348904444,0.15948614412069595,0.13417281124865338,0.025965357836468906,0.1397294373739236,0.08715079714487192,-0.13186572245001818,-0.10274177160088033,-0.06466605429331183,-0.055180121840821765,-0.16409322371556556,-0.11254144961926607,0.16098216015114916,-0.013320101688209168,-0.12199567367463159,-0.019513955628334006,0.004370247106225609,0.07369299602936889,-0.15567071767938387,0.034222595243635565,0.11734048541396201,0.15545550827905624,-0.05388971528852662,-0.011525259838263824,-0.13278618148867638,0.01072162560969164,-0.050324794182677296,0.06204905482928193,0.10355512656668253,0.03398673300823687,-0.0682338844955891,0.039167350342668626,0.024312408894104926,0.05106127078779096,-0.13957013778197905,-0.000487599659503676,-0.010411402100091062,-0.11249706296311389,-0.024750676608127655,-0.11453752909783353,-0.09894794014857974,0.12482504539439784,-0.05758994945294842,-0.0010172974775763328,0.046674773295213835,0.0967853941575724,-0.12709750289931568,0.10464519371260796,0.0252478295159348,-0.11637798058569053,0.04659851258803362,-0.17231926794349395,0.0763983705505828,-0.003062523623166716,-0.1632947512854755,0.026434898941903033,-0.06176521223522287,-0.08346480265930728,0.05566891768246807,-0.026527916047033265,0.039691638791584855,0.00981295471835786,-0.029952142025838166,-0.1615507201045818,0.05839432440205973,-0.03224216230805984,-0.0852055719494688,-0.029021354356515615
0.057925396577171405,-0.1277122330276453,0.00751616253455632,-0.06988149515465442,0.1346487856832727,-0.03484790080825966,0.16967998268842083,-0.14258980472060748,-0.17017331593685017,-0.11774414662107699,0.1319945098621266,-0.11623802676626746,-0.008250847637265983,0.13389513125723743,0.1822875553471391,0.07022375227560347,0.1434542370176638,-0.08486832095400505,-0.0054409364953723486,0.11989732235052887,0.007227035998056846,0.1806459426799333,-0.0712797759621567,-0.044817925142011016,-0.0374775880508042,0.10668749856133226,0.13034019536486152,-0.04780780631967348,-0.060026550382422474,0.09267239247772349,0.13741233991972338,-0.06741836870706996,-0.10863973583707877,-0.06506842381121905,-0.06012786539911247,-0.012015065063723511,0.033895169392325765,0.1360180404647955,0.10093766844289269,0.05343291049930321,-0.10166525712206448,-0.048745135990053305,-0.060598088487050436,-0.009606804695119748,-0.06755940595107023,-0.06766375863137436,0.023940911414806393,0.15131829312002693,0.11103216477605425,-0.11061883952526567,0.05374300655080283,-0.010205038740993955,-0.12752220892004404,0.16073598108204273,0.03494833600563019,-0.14029242016234586,0.05705818973987144,-0.16569099139039217,0.14445106258881815,-0.06831594672718642,-0.026701954825831764,0.05204921113068847,-0.09709944602276867,-0.1082726708909136,0.10041167080802495,0.06652911996432329,-0.12522390719844328,0.08795019487216832,0.015944940770913064,-0.16055835278018568,0.03388950543546604,0.07915437621699072
0.10926320168326378,0.08800989072188375,0.12435113211398242,0.0015309717027108848,-0.12680232183738888,-0.10410163847460031,-0.10108013253768304,-0.06738044556011707,-0.010424834697363572,-0.1057555119250058,-0.10565592636866256,0.03749605965079909,0.07339019612705985,-0.12889532500722964,0.15058968423279123,-0.04998040282859572,-0.09806573854132156,-0.05131781015736481,-0.10307421823511834,0.048848204192966066,-0.13615903260417514,0.1330112811283677,-0.05790908787635141,0.0007468979285755851,-0.030191961132395848,-0.10560109467192301,-0.16297457872018423,0.10035469250030532,-0.1029895870981041,0.1094346515431932,-0.011609700955561643,-0.07799466510452872,-0.11148292514560024,0.1474721957753775,-0.08360281678050958,-0.008206357630854902,0.12770853836507937,-0.11532877213259239,-0.0321948815354743,0.16320720628665827,-0.16509198687614984,0.16950517544915317,0.013448774243642837,0.10995449512400443,0.12904288827518115,-0.06398038308475025,-0.049106259556647006,-0.17250056702236494,0.027437930659800342,-0.12231072175724123,-0.16701378523756763,0.007260802364842279,-0.017663039265279942,0.10512626161799546,0.09079720387564723,-0.022009106267498472,-0.01961990530136678,0.0970768242567729,-0.013650732206027189,-0.14672747440815495,0.04923186508099161,0.17446764839096723,-0.05942930715237008,-0.08682794556487296,0.02742379732393082,0.006321530069671606,0.13785110497768846,0.15862425196826876,-0.08848991830306159,-0.09335139133878664,0.021707560737372223,-0.05190181674519206
-0.15274132833679552,0.036411456201385084,-0.010206929130509284,-0.043338392620602316,-0.10276088456491853,-0.10521093542486705,0.10913180238169143,-0.09145942803678117,0.026696496479022395,0.01992025237470374,0.06634131227160718,0.11210772246595348,0.09549877983028043,0.04317399905466964,-0.08206229648508327,-0.03692495090262266,0.03379091456704459,-0.027562926085806568,0.116975762193404,0.12467855584752062,0.14540355755100645,-0.1086004232361036,-0.10718992814647312,0.015656533379868658,0.15743274725380277,0.0710349899885965,0.024778180046443568,-0.1353036030454603,-0.14680906137440197,0.10607469779476962,-0.1407724835391524,0.16302700791963531,-0.0933225143406926,0.15421269472064994,0.0033202359880498186,0.052228373369036095,0.07857829393343362,0.08653272694102548,0.059753505767695336,-0.029435313752896274,-0.015262046285367571,0.023759841126973644,-0.16344574372901421,-0.05573764001337279,-0.1046043977732619,0.11317254694347241,0.14615095757003352,-0.18213710236679273,-0.05783446575295542,0.08850498662495554,0.09161757232237963,-0.1539305362729446,0.03855246028099328,-0.07965623034476979,-0.0470083898697587,-0.04514687484393611,0.036898596670246454,-0.1658606491212668,0.15912086219291915,0.006991218849626757,-0.1498483889570629,-0.08932754422418013,0.09947072771239263,0.027523693691646794,0.008277683636392414,0.030706168765602764,0.1442399884720963,0.16816952205831373,-0.1314123961251919,0.07021417678910018,-0.05748429345438571,0.053876979098763905
-0.12414960834938273,0.08938492342917166,-0.14223562701309464,-0.08214439936364704,0.012209038621811356,-0.1378392552818114,0.08899163851707555,-0.02355838765099666,-0.12542667885185418,0.1249202685373136,0.13546435968697898,-0.1404443370119552,0.12317639195329137,-0.024224256255038098,-0.09748418888409006,-0.0760735679809221,-0.04489688475574076,0.0903770771384775,0.1243596906635976,0.03411860013637924,-0.023136284721153574,-0.053345622100294234,0.1337566646950792,0.09062792618166661,-0.11100313064028398,-0.12103895924049385,0.039682058529842516,-0.026178527896664822,0.10561665173556868,0.14237273929960276,0.00041218535447280985,-0.012396454517376273,0.03270693748603662,-0.10522226779604632,0.0799318375020484,-0.012382691172786143,0.16507112148191178,-0.08706909633469352,-0.10388001538605048,0.022017931511440686,0.10379560204385901,0.018253146839553612,-0.12506258976179965,-0.08924770203103237,0.1280462919084386,-0.15600799229463325,-0.03757167213911114,0.12212529900252192,-0.025620521213946677,-0.11998877314747795,-0.02379842127320234,-0.07710218015490669,0.04352944472143485,0.021003501985764467,-0.16596419973197016,0.057746170264391335,0.019196377969219497,-0.08191765634333217,0.11589901414830078,0.017747412459753795,0.03634528328621112,0.12501474093519974,0.12289359017286218,0.13818294702412823,-0.027621600510662314,-0.006437173248999161,-0.1461961110484599,-0.021508860776512984,-0.023348456749087292,-0.059881401154197086,0.053660626432741006,0.13978504490827492
0.15701100078286873,-0.0407551218561157,0.035959343758250724,-0.11219583171248645,-0.15706608235458003,0.06652459921160582,-0.08831887141292227,0.03815952050985227,0.08159081838238322,0.09330077427679036,-0.1086398071790755,0.03967792902105096,-0.06984533541218198,0.15940036624530035,-0.05849294586684514,-0.13315972590213646,0.15020598896310317,-0.03195646765700595,0.04909085151100516,0.042140736828774415,-0.006217099759718468,-0.03454855187427614,-0.17078669909716024,0.04399289222003689,0.14411848598905072,-0.10238291043574646,-0.11620276916148638,0.14562597185377638,0.14240060820252504,-0.09668630395681116,-0.11225892244334276,0.09573348108776308,0.09595976141892112,-0.08170730366206429,-0.13932717325982394,-0.09441690641955482,-0.13790854099440605,0.12195039440865875,0.14750341327832955,-0.05203532135716767,0.14900489754614296,0.04852276920613458,0.04479562878591771,0.15339733537685943,-0.04131404656462363,0.12161286996909636,0.11628259853765006,-0.11514249302497818,0.07288870864610617,-0.06268965542573955,-0.08151107083484453,-0.02656205366533655,-0.09862653213441014,-0.10613023190556581,-0.11743615450639996,0.03459374661030582,-0.1011618097400073,-0.0550473550512248,0.1601336929770781,-0.040743733953862764,0.14261756439290307,0.03003558965310834,-0.1513284924344087,-0.1296459106378051,-0.1387733859330156,-0.045129796800073244,0.03456424016271067,-0.13780146363609372,-0.11217551921113098,0.0037632779192125327,0.03584649394813003,-0.0368326731351235
-0.10473525451818866,0.04845249710907094,0.14864477519016603,0.16035239265516546,-0.046999223353793806,0.10768831014548859,-0.09816632913194308,0.1401643270811883,-0.03701751562965755,-0.093862007564448,0.04899491884478379,0.04338845259597644,-0.16237506070197888,0.028936955450857785,-0.12205153967688337,-0.060815566131657645,-0.1479442113178905,-0.04258595302708995,0.11039508733374012,0.014283418646798475,0.021523231382250232,-0.1260953558051203,0.06262018025500231,0.13236770330243763,-0.006480193712981284,-0.05146342902415057,0.1737204036775266,0.0013966521693011499,0.03403314785309741,0.050470278783553715,-0.06727309644046436,-0.10285194960668426,0.02447386717592404,0.08737114043875016,-0.030477527381955985,-0.054417616398547274,0.10906533352902002,0.04261136714315267,0.011776364820583574,0.1388638864214413,-0.1333566558731536,0.15204424884870352,0.15488493581406246,0.05920938641961836,0.1338695031504225,-0.004154235277908308,-0.03838166809618239,-0.0470330631468945,-0.1461074804453989,-0.10117131033694506,0.05977437327970062,-0.047575291330921685,-0.12408786977433335,0.1538082932515805,-0.027211957479640503,-0.12301676234484772,0.07008905837527415,-0.0821050076510335,-0.08018177197446864,-0.02142756524933179,-0.05073854906687556,0.023827089462854032,-0.13495179025166323,0.12855745357369344,-0.034939890014781066,-0.14812087966760193,-0.133160848917758,0.1771481327459339,-0.15117664641407746,-0.04075916281142155,-0.038811093073626346,0.10512251052990182
-0.15651128814734883,-0.1237064475844113,0.06904576668926932,0.08643910645198462,0.15690137111961255,-0.09600708113938261,0.1342891370403356,0.14011701707901228,0.023559804766345168,-0.11437120581707058,0.12217170139631735,0.069206815170901,-0.033545611134055076,0.06885599564088601,-0.009642256476594712,-0.14395553903008126,0.13075816798043835,-0.03813395378108299,-0.026035744363142967,-0.06521211124653836,0.02150123783881356,0.14127044380527848,0.03530220620224707,-0.15865222917467506,0.09524981539353038,-0.06211417210616434,0.006043458519043407,0.029217578084486683,0.1383665378709265,0.09040163970490711,-0.08537875494648196,-0.09142983677482917,0.06949408007266347,0.10912107735180132,-0.14593325490192494,-0.07917751753818075,0.044387944495934264,0.014303357072766821,-0.1451372722352889,-0.027453462115879273,-0.0740572658077754,-0.10304564472324536,-0.01480530303319605,0.0036126745328268505,0.07629218961001037,0.05742580264479348,0.03856988205544512,-0.0005484793935735796,-0.1637394834931287,-0.14332027341354797,-0.02507888682299262,0.0727381516990172,-0.04601588449129832,-0.13738576048473253,0.15175843937848185,-0.022133690777868642,0.02278501810360678,-0.023599141810885623,0.14491784640898422,0.08117274406859497,0.05983943838861895,-0.1394525404375539,-0.08542985920220704,-0.14837042147561472,-0.08781017935599693,0.13830329760188598,0.14980480047009156,0.07958723099189187,0.13518824517020067,0.09613116388918488,-0.11772799457202866,-0.01835027493564025
-0.10814947352431839,-0.15395765983801807,0.1369734978491774,0.02535474211715916,-0.08741101385024731,0.0709946611070064,0.08317084990402489,0.020120186350981284,-0.08757230252619497,-0.08308219107226689,0.05575704097219109,-0.12026345846283491,-0.0952862365487691,-0.05987477093033023,-0.08078765176599698,-0.02380317782129648,-0.08808216680883245,0.10379351049477317,-0.08941240011434287,0.08551271826490149,0.04809181608061146,0.15491849836502966,0.1551757238734054,0.00681560465858363,-0.0021489832139919246,0.0039442876351080056,0.15286135448761604,-0.05757705607794848,-0.08536033154107206,0.03451602040676313,-0.10229587772892892,0.037982238683458125,-0.1337123361300663,0.12480177099181498,-0.07645455983471695,0.042031574705871655,-0.041059622254336764,-0.02121191461053753,0.12543829140201987,0.12485522054705221,-0.05134665069383025,0.04582514061014859,-0.022239762146387693,-0.10401370401169406,0.08382931385654428,0.10547210276964548,-0.058993825863524425,0.07741866612254146,-0.026983677239101556,-0.127641406076873,-0.08275987678752315,0.1377745268185637,0.11057134361844527,-0.0984087026772179,0.045238838879013005,0.010845769462432367,-0.01985159173798936,-0.09414856744886146,0.08323336375092716,-0.06869761135365779,0.14399144253562626,0.15699329029307274,0.029124844051059525,-0.15475160756927883,0.16747488060776763,0.08620080011026411,-0.13960194772811854,0.046059476004240194,0.12570179642310247,-0.07890797542969236,0.005170896472190734,-0.0739358485187466
-0.1540374484637931,0.14153813825989273,0.060672124284226886,0.046357453186743634,0.09089019709652864,0.11053002238871203,0.003856009943226364,0.12773237796851886,-0.08833440776277177,-0.16515587068689352,-0.12397633646588678,0.15115965051470648,0.07646286723404853,0.04975512446248543,-0.02285481481331623,-0.09766467312401961,-0.07210789252628103,-0.10570334730967007,-0.07805958926489065,-0.05839739485536588,-0.13821730090562026,0.049004874853388086,0.05823372546281578,-0.019426178795902877,0.14938129779842754,0.14364019711066206,0.09742129503289355,0.002234801624954152,-0.12740327835505375,0.014516297339720922,0.1549055908787832,0.14802453806694296,-0.1202175028053487,-0.039494418238287095,-0.014149208915988346,0.06628106654355585,0.003420211986000941,-0.04443326657716073,0.12251857426532928,0.09180072946949433,0.016020109835130796,0.08334952572319436,-0.1554736249796465,-0.07895635060124569,-0.1480392686329651,0.11399978623772228,-0.05038324369087221,0.11629096189922958,-0.026986790180439656,-0.04414141568166871,-0.07569866458939577,0.00815430829165563,0.15186527963190938,-0.15033204052888433,0.10170400498836803,-0.05359425663519159,-0.004933373014072639,0.03794273286425081,-0.16012166630733365,0.09778410538053306,0.0164081873964644,-0.0815226712988224,0.13952968137784005,0.15433048500027638,0.15586859944816933,0.04147031563432246,-0.1070223735438835,-0.11753780279081577,0.04916573057232884,-0.05013143846147642,-0.11955164995578961,0.06624132349209307
0.11052840127953419,0.02413107881185699,-0.10582842107285448,-0.014445116710696053,0.0011146664321955045,-0.11964123928367966,0.03620693038271167,0.14478743046372422,-0.08673077035031945,-0.013604733107780357,-0.15691443799244165,0.12419163170492495,0.10643646440069043,0.07897560088554594,0.03209897053764676,0.1354109715391192,-0.075863034875003,-0.00335836019906934,0.11108101094926595,0.15169905862134211,0.13938162354698008,0.07628767100772842,-0.0796612910485244,0.09973010219035555,-0.13520590088566456,-0.15352113632083078,-0.10357439816500368,0.11693127713338951,-0.144562364927256,0.057520929739471795,-0.028971611846459102,-0.09493458861566473,-0.0605019661151408,0.024910574911707086,-0.01380694936347367,-0.045275978993496814,-0.08942078861731373,-0.029992235674681355,-0.08250545901014564,-0.07116149511173155,0.12681795442905383,0.03765764436237291,-0.1390357055472557,0.08848259262795878,0.1417730787614333,-0.17439206460070625,0.10360967178368159,-0.06166825070425265,-0.1447716342422527,0.08874282795467911,-0.019508739254883507,-0.04590744742136436,-0.08512001683642466,-0.09287683345284588,-0.12541348722761442,0.16246862494877673,-0.11745971763712672,-0.03709386160599684,0.09045045100036643,-0.1570124482925599,0.013263383649009669,0.14828236321341517,-0.08934480850697826,0.10974998285450563,0.146427606666163,0.07791892936153914,-0.03613529789200023,-0.05538663442708906,0.07621805216138587,0.13753667552953924,-0.023175258381858795,0.06489862477972215
0.060462224752714136,0.11374687023548537,-0.1518051722171664,-0.1549143008470551,-0.09160542194420901,0.09811123618121215,0.0006913772317032107,-0.07718289867380934,0.1748655482151404,0.10876066451036795,0.06216882300905588,-0.018038116885564066,0.11444700828765964,-0.09447443831494243,0.12498345277788701,-0.05446233635256693,-0.1568353611908585,0.07693605318844582,0.07255980112199235,-0.002305407655211762,-0.09329758815439435,0.10334504237875101,-0.11932138083249709,0.046187343309977806,0.11362269314626397,-0.03633076526686307,0.11436951619321829,-0.003584558199306033,-0.12723887873542816,0.05628523303531676,0.09068017112877878,0.07970988259969393,0.025357575152228893,-0.03564719768646542,-0.011707156529299644,-0.04736486873736329,0.022152354738366676,0.07869315390772141,-0.028315877727920852,0.037891134834938146,0.135429498323796,-0.036462859848777014,-0.025817162909460692,0.048112610028946456,-0.09265831499435007,0.030794399013568372,0.1356894426240709,-0.08331529657338217,0.11890135540484113,-0.0377587656467119,0.11701925300643368,0.009579633851279851,-0.1003400192565287,-0.11689638428110384,0.10547582527231257,0.14772947159394847,-0.0754081221925045,-0.15172713828852238,0.12354119212895587,0.08884463910085558,-0.04689370053909674,0.06308668008800801,0.06236797413480676,-0.07583738926946679,0.014776365427753098,0.012369708662480855,0.11199857391125047,0.12015524622895152,0.08061242052157605,0.11002705159860506,-0.093931598757394,0.06942287198475025
-0.08638177932417629,-0.15044120978102835,-0.055620845371151244,0.14756376655066275,0.07783765237108597,0.1408483760911957,0.029242286884459328,-0.0016793224521044873,-0.0884555546631832,-0.06867715630118078,0.10097446785969938,-0.07537910931609831,-0.0661231237298902,0.039765218464500846,0.05345164799508617,0.02079814881426143,0.11730377569571426,-0.09593533526584018,0.07431170478127397,0.07632239353122938,-0.023235500791171308,-0.05227730105486634,-0.10344872142116202,0.09183282715122694,-0.15573277082724554,-0.09250481116582464,-0.16688244910813094,0.044595987970675786,0.08652630908516472,-0.15682006437635163,0.13784746829068015,0.023131985998929894,-0.15570775959656152,-0.07353739138340777,-0.08901642456079457,0.013209988165970606,-0.16400838668013842,0.12044812915920793,0.10578045651274479,0.01685358261679983,-0.17471303128833582,0.025619370790740108,0.021113380048680904,0.020840127641007275,0.06737652258122726,0.020261963577343518,0.06753423071221602,-0.12560647182879447,0.08671775327539223,0.14869853641212483,-0.12511231248196206,-0.1409986601663035,0.066513932518283,0.10821676814648104,0.039245616501533596,-0.0570577135037424,0.025091659713406305,-0.13879971080898365,-0.0261112980945136,-0.13536555072543743,-0.01653260269762625,0.09091105241020148,-0.022332598337254612,-0.15824096862881137,-0.010495167782246129,-0.15671326841436597,0.029219737060002388,-0.0504763225243546,-0.0027989310651775306,-0.014739294212840336,-0.15155207863058565,-0.15893114600489974
0.11798556953922557,0.06093396334813139,0.09231668168756929,-0.036928209633053995,0.11661349825549995,-0.09439623040984678,-0.14145715717925184,-0.02016018233115449,-0.08234068118052877,0.045089813133876604,-0.10717568069908781,0.067995365664653,-0.1264446516303641,-0.09063004797459628,0.018553325397322316,-0.022392932868917095,0.06510073147681006,-0.13399200061420963,0.04942313984596829,-0.03805940914845335,0.034761298450334766,0.1150070562129954,-0.0902370331604743,-0.07729557850796402,-0.14879575291333166,0.09352636038333444,-0.06534621030914375,-0.09365354630221874,-0.005899206087833326,0.16106777635920502,-0.05757522528557418,0.006084361987577651,-0.025008275522797534,-0.002189578592778023,0.0654993759741119,-0.03244506995937594,0.12175155167136593,0.05132415824566508,0.04239797949308858,-0.1258102354577457,-0.04854147834298333,-0.13614926492091114,0.005645379568807511,-0.16381664745800706,-0.10059825355047915,-0.06272525432182491,0.16017406524117989,-0.12452507213596391,0.04060654859280409,-0.08936863552227847,-0.0015852434809641238,-0.1107576689846448,-0.03491012058611643,0.13722560210617096,-0.14113755901013822,-0.14317319995127134,0.1160878659315021,-0.09691130927930465,0.01874191521188838,-0.1264607136223673,-0.13960973768131132,-0.1550134403614399,-0.0764398703760495,-0.16133584672939114,-0.09956675527183252,0.14783092369575387,-0.10009969859514746,0.16117602973310965,0.014487230733416425,0.1436674340992366,-0.0971536732990165,0.11394350324327213
0.003743315558208465,-0.006190767379579752,0.1318145504615585,0.11124084622892405,0.12827509646830956,-0.16049144856990322,0.0998729011452795,-0.02020408449386791,0.1663789279635729,0.12384635537697213,-0.0383362422187082,0.16499289384546448,-0.03190735312794684,0.041151878933565415,0.16458040463094867,-0.03252124912063591,0.16555485308927195,0.07984104435764067,0.043388785474077436,-0.14694162694470042,0.009970529220989068,0.05642846577344704,-0.12137283786246819,0.05925726306448738,0.03603897117506203,-0.030991065394496482,-0.04682898123159834,0.002002817802548303,-0.09281624725792166,-0.10069249607695827,0.17904125934740492,0.08124076529653372,0.013576851658833832,0.16834858633711705,0.0374630378256101,-0.0018363412180725214,-0.08909095331857178,-0.038548331710564425,0.10325680968274846,-0.16248754586638783,-0.023033464586759315,-0.08144978052132205,-0.1221450538001413,0.0499335677978631,0.04809417635929018,0.14865133145475332,-0.00744330997998072,-0.03299510429823158,-0.14803824500450377,-0.08879041969363086,-0.08971566941842876,-0.09319781734193928,0.11662988500124398,-0.05619858751142343,-0.046915448671440145,0.11619555722247556,0.11161674054644129,-0.12787203303945674,0.04008397990098127,-0.021625432215524598,0.032345913072863296,-0.1621945788199292,0.1423022771124469,0.07415795251190808,-0.1453116222577975,0.13627962864858806,-0.012418672857590728,-0.02874931065637061,0.160939021667071,0.08832648320546695,-0.07801430504873365,0.14669213040606502
-0.05854804506584321,-0.05473513034808007,-0.1207550363398851,0.08982016523409814,-0.1146894870931611,-0.031811956007479915,-0.11449207796987139,-0.07319016463985269,-0.015774509085040155,-0.05090035647881415,-0.14310786736076525,0.005173627547405309,0.15796167161017607,0.13358159338261624,0.0875138987103468,-0.016380881089946526,0.020305165073591612,0.04151235643010353,-0.03531450612169901,0.05031167180740492,-0.15646768815467316,-0.04016445266227534,0.14226628184292,0.04027932105558416,0.08259399432802203,0.13116679061093484,0.1520803809950049,0.008733943858698776,0.12764910241361885,-0.10004736120742912,0.06685366831017549,0.01872597794112636,-0.01522514416569714,-0.1422782828742701,0.003384166635917554,0.09310109758876219,-0.13505257712993182,0.022043309703642263,-0.09859458787519793,0.03242812386597677,-0.07550298628158561,0.07421612653972695,0.04600929046477718,0.09428228446844647,0.060837093536394805,-0.009897013710777865,-0.06247276669982602,-0.12667333345471649,-0.06409185326056349,0.044534189700663605,-0.10225467859592259,0.05031821635167238,0.1626319088388102,0.15113822629377383,-0.05797937636970226,-0.02001781458503613,-0.02787654776552602,-0.10550785669037077,-0.03439538254493875,0.10312410235361096,0.014533632162631503,0.06857456697887158,-0.07195253028666933,-0.07977147443317792,0.1285956909910223,0.15095633176710388,-0.06633686623528107,-0.06592509687093469,0.03252647206346832,0.1693720946169296,-0.13127421207496476,-0.1467451378729068
0.08849009255795844,-0.06041334173190314,-0.14548151602279255,0.001681385046121304,0.016250632348628,-0.009611063018493545,0.07501142923971249,-0.011286086660913125,-0.08319625966395668,0.1497104383120741,0.037790708342470815,0.014854589906358686,0.03438539640820964,0.16976323764369247,0.021920131427416074,0.049462275244145995,0.11328522623778932,-0.0864912106136631,-0.09370763612573642,-0.007732857406150409,-0.09903875948308571,0.03378814097744212,0.1665269905255764,-0.01876319259864467,-0.05744930284208114,0.11390714318272242,-0.08801011702269083,0.17396480714689727,0.01864755346801508,-0.02705029098754287,0.03771014697280195,0.14290363521141403,-0.10981016592823646,0.16080346987138724,0.03496128798935484,0.012219881713297624,-0.01954802345007759,-0.15134557695167927,0.10389967068260494,0.16620312059308562,-0.06722012254986552,-0.0071345470021899945,-0.07019820953624088,-0.14061325972511213,-0.021141731440163833,0.05192443194564426,-0.0076467919152870285,0.07613667701997158,-0.05387570415995955,0.13072153733184022,0.01132482927346002,0.14060745338314254,0.04300509561718877,-0.060439642780347934,-0.033139732674975164,0.16208867084248943,-0.010598576454817722,0.016093912458658138,0.036448320132604795,0.057440895928365696,-0.0019299454538390373,-0.07792201394320215,-0.02361008105233846,-0.12124647779329781,0.015168235289605375,-0.027186362927658875,0.06057045431863683,0.012855458278647596,0.0652354624879781,-0.012770738744956626,-0.16093429478139237,0.11115380708737994
-0.16898923355056802,-0.11055609739166568,-0.008101986201812142,0.027980002848623987,0.07665537967332248,0.12969948662847663,-0.1680341137370694,-0.10509039275467467,-0.13515982245135583,0.012041717961551051,0.017569162155825314,0.013434940869974972,0.08921789026954154,-0.12814392059366267,-0.0288068895175147,0.15148772238731906,-0.08253594224333255,0.11105139270664226,0.10696795046684096,-0.06879083333957843,-0.03399349527322303,0.05455784878288063,-0.1152573725794348,0.05453674070699793,-0.09731443838911667,-0.15813909052369032,0.05203071865137638,-0.13633046582914307,-0.09106762042585523,-0.15445869550287974,0.10979761511142361,0.06842312442734744,-0.13998252880975515,-0.007765838912349384,0.013543675878035443,0.013137031273285948,0.11981286009571758,0.04103368959841762,0.06799594433971796,0.15885529540116639,-0.07353642460293171,-0.01961982009452428,-0.13395843237658792,-0.12183855753193568,-0.13834726396788646,-0.09270044705946527,0.0646800108862506,-0.07861629013408977,-0.16575270353572344,-0.12703869892088612,0.09646219719898709,-0.07086934085626409,0.15576548713869867,0.11263173930384413,-0.08818078651147106,-0.11910462383702582,-0.07541700005019952,-0.04067976065376866,0.019646556182461302,-0.100884153342128,-0.10807477160071007,0.0303456087917267,-0.16423843258499143,-0.007343335799644367,0.010896046948774375,0.02726272356457791,0.03488306864342726,0.020485895563190193,0.16725047706582294,0.03660238927416164,0.04459186783003609,0.08241361026240196
-0.0467607757085392,0.09331716822197964,-0.004691752076605877,0.09693783998506333,0.08300010764326428,0.06278821616391606,0.1505385222195594,-0.12759372105745975,0.025238473057920426,-0.14884121505839962,-0.0022447909385130208,0.028444528116636825,-0.1682215379050096,0.13342911728075135,0.049730372808469564,0.155258542166854,0.04482671390067751,0.10465338206105525,0.041339272330260635,0.04889540650687221,-0.1373450320180492,0.12292986263298233,-0.006082364458774002,-0.0200755596330335,-0.04168188976811092,-0.0685830467129524,-0.06997013449204821,-0.1430832353149517,0.15774611106459413,-0.09215837072101177,0.12923747634847216,-0.025975087547262885,-0.10745709584635299,0.159720826861327,0.10401688641350623,0.0751632833059824,-0.08460731482335146,-0.10234919348519693,0.044582557225462754,-0.03133927871957631,0.13647353575370422,0.10790778604348882,0.07683784909301894,0.1542909609225703,0.02854899585743025,-0.06956808458112515,-0.14428158489567344,-0.058066761859984564,-0.1353110370784913,0.02244683046949144,0.08831650221190317,-0.13525199544521235,0.10597072407247454,0.09696861497885598,0.09164525033201283,-0.04463300850798401,-0.09319519227397367,0.06258937578970304,-0.15933119578977883,0.031115026223939836,0.07757684201374904,-0.0710460067517962,-0.12364686996632099,0.0820357498703345,-0.16023889626947954,0.09608555286878753,-0.1530465782681491,0.09802734746237839,-0.044387243318767054,0.027777600141471587,-0.1341404989873243,0.02550915339611774
0.004902612132916254,-0.11006153604302174,0.08137533881669401,-0.03855276462196237,0.10339236525438145,0.06737374842899069,0.05339313211927529,0.09925308832758109,0.13172875077392138,-0.16331884694059234,-0.04760716467585231,-0.11117853747228024,0.11745160062678218,0.035517145225197944,0.1064981015311316,0.06955214548639604,0.13636790303105642,0.08596407190873422,0.17021875364944575,0.10915320345815542,0.12582244180986477,0.07068728361275203,-0.01639810080911068,0.006708715771993794,-0.11678330758665281,0.10618649474566114,-0.06655904747441412,0.1465485704105491,-0.12786084096981765,-0.17784384808278705,-0.1290679396248318,-0.06900637233976095,0.035675358044084414,-0.017893271274904338,0.06851105365052013,0.05487897144755177,-0.044221216358640764,-0.009870210631034992,-0.14026933258436036,-0.010412506180895138,0.0421448193168203,0.07902529037042973,0.048785417588254415,-0.1674278913785501,0.009624001926170436,-0.0468973788689089,-0.07629230905899467,0.1360636254962905,0.01967263834810798,0.05651500705800165,0.09731856270534135,-0.053471843824605826,-0.10964408435264177,0.04277048829672926,0.009518575109816447,0.05059129448448917,-0.01659221619442606,0.060213903209298834,-0.054306470999900595,-0.08014217870712556,0.02131289600176001,-0.14271121834843792,-0.11222779308219542,0.05999785035437698,-0.012754960632673491,-0.1586305876800078,-0.12469835977308509,0.013209155791483932,-0.07889929269707785,0.1179716154500802,-0.10161239660817861,-0.13415343493067525
-0.04869055986315341,-0.10061211589040168,0.13789385471898846,-0.012152056698526228,0.039550380893172275,-0.06508072513030067,-0.02376216059320824,-0.030992536184925947,0.13120914115937893,0.052696603142708374,-0.12790641513610337,-0.0037026497137500796,0.14567803945824245,0.011479038144346818,0.034352791595083414,0.06282185613346782,-0.0972868540101659,-0.013429185652126507,0.11494353106151392,0.15628269599282896,0.02355104834580473,0.03223969325757008,-0.17270133455493475,-0.12716344886540248,0.07346879162185199,-0.05306009017592466,0.12488782177417752,-0.0661706885292034,0.04772795384148846,0.08757701012174313,0.17195329861690864,-0.10591448478051647,-0.028845655902178767,0.021431656449268078,-0.14000295940247018,-0.012110314417857022,-0.024105335784548137,0.08303362197180905,-0.036864934715504484,-0.10476024438173107,-0.12058308543557007,0.04364680430792716,-0.030510635246561998,0.08510976127537229,-0.026798308816413655,-0.17156495393274468,0.011724609105284282,-0.0949356463258563,0.08274578631535577,-0.07423928738272904,1.9153905091393053E-05,0.02314948592750503,0.14715216758093214,-0.08813600327635035,-0.09158261614014834,0.14165535139421132,-0.10864877842180143,-0.008233074284675118,-0.003137213709711613,-0.13768772302813798,0.06499732007763345,-0.11133388066637516,0.008687858947973132,0.14922196222183087,0.014983889108621699,-0.06193731428263842,0.051172462623059065,-0.06302095860762383,0.16746144032984406,-0.008282006783277077,0.04571076403098323,0.07734030978116711
0.11649768746144495,-0.02564981668826223,-0.050738232528021565,-0.03782519105742921,0.0465812937375772,0.0564535314378071,-0.1263016974640504,-0.003985408465242601,0.06459921392995087,-0.093260743270174,0.07464219334425215,0.0872931361634802,-0.007332064691948979,-0.10222300815520201,0.0559594315929886,0.016028675221471698,0.06052463296466035,-0.03899874579703806,0.07437217240795051,-0.13023156438259076,-0.01763838965484177,0.14046010939899145,0.041838309727203024,-0.15938019403432066,-0.16817498529943894,0.030880773977304227,0.045385475313068184,-0.002196683918177237,0.08301382627359365,0.10802460851671429,-0.14866651510590784,-0.10479002122026408,0.0238305770288568,0.12010429726700815,-0.002150753212060123,-0.03756642411581577,0.12271919190344105,-0.07278586484589021,-0.10842764843471667,-0.04582365576497363,0.07785846546148326,-0.11477267745184529,0.16234721246184264,0.05923875754219795,0.009634765272166777,0.13457938570150416,0.0834058456194983,-0.08401028552541355,-0.07742797376250705,-0.007240945289884376,0.11339966963900913,-0.10471018666443856,0.023372643700979048,-0.12162778035239658,-0.028116195323105032,0.1592730272896462,0.04804879468566624,0.0324074906860428,-0.12033841853910304,0.03694220517023388,0.06588868831827631,-0.06464322275257187,0.10525276953214947,-0.06381863637244911,0.08774311590112699,0.049633731686322,-0.10601819077615048,0.013462587432615929,-0.15549803428139877,-0.1508102020882868,-0.0030344725212664066,-0.08076176765601835
-0.016153295403175755,0.062153753549860837,-0.08233802881206492,-0.08005751793897121,-0.009951739526104628,0.0014599036231391874,0.14158938053590595,-0.12347139864179192,0.04348871460428644,-0.11638550887515985,-0.056228827822933,-0.004472731631225911,0.08161254083687217,-0.015629868355472174,-0.13816988878373962,0.059814281565207884,0.06513381459352346,0.05592308522933047,-0.013741301018820798,0.005178331874109795,0.10073052833336658,-0.13189330925645668,0.13787681626649073,0.11306627493839494,-0.10250674584471241,0.1304165284895598,0.14039325981629577,0.03338100734601146,0.061698292351975964,-0.08142428946740578,-0.1290585296935086,-0.1032582871817498,0.05215369149132448,-0.032826719440721255,0.07050914025634313,-0.10197186635018146,0.03126000428819364,0.08870551541829355,0.16035096793029135,0.024681069613529213,0.08764925019956739,-0.05406876615538783,-0.0988881005528243,-0.05379660165297915,-0.0397005774144232,0.032828375723360316,-0.09976332270029097,0.07117625231995911,-0.06734286017095234,0.16091641770342757,-0.06514672914716794,-0.00537634945310763,-0.09174878091256697,0.06258270944857872,-0.07816116686438855,-0.15520061498764945,-0.10236856741760472,-0.0488601591798522,0.08364840864434886,-0.1303405800789767,0.08935100668434182,0.01430552089565454,-0.10958542108099832,0.10713014640380483,0.14616727903725898,0.07041656094761194,0.13873721796339594,0.08988903272450204,-0.10226921573298599,0.03261410986513094,-0.1322608301025497,0.09194769400979758
0.08206125044597384,-0.14309914747126704,0.0537338530238271,0.062297875079196846,-0.01836111653443712,-0.12350010631366438,-0.03878323857163231,0.09789162725789442,0.06336118810584766,-0.059705536447773135,0.0834458683002566,0.12984743246925914,0.14904240283275227,-0.12100618154419547,-0.09992236276788295,0.12921275578754893,0.08803041664114436,-0.07370643735325494,-0.1498740999800913,0.025602058208689046,0.009958458713026225,0.028949380178545765,0.03329367685396752,-0.024212264807513106,0.07096701802081219,0.08039847297571685,0.038258107726022915,0.05636062474959693,0.10226554914384965,-0.16097387609679623,-0.06920046500346609,0.08733112348867712,-0.11286427519510768,-0.005586897392606337,-0.1112027748347931,-0.13040898368708814,-0.08671866627963043,-0.019776200436593207,-0.07139153257416239,0.04878858035849716,0.006624777392830004,0.15896175316156963,0.006018490573771203,-0.13908591059143088,0.015497422545557023,0.04790010192895565,0.09651040840866847,-0.015277961701687213,-0.13969312312032686,0.032105571913551546,-0.060319486757825,0.09096932103071162,0.13013064664722898,-0.001365465990193613,0.04582312172953122,-0.04677167299599421,-0.1294219549500811,-0.016832501007673934,-0.006702873946769919,0.08410845024103386,0.12270252223439258,0.029338528029933836,-0.14269958219709655,-0.14477220826173903,-0.009819683539674839,0.0776609246875572,0.1340522843554559,-0.08955193744189624,0.09532508840282734,0.0181981573813716,-0.011122810281176414,0.12608449354865026
-0.04884504210766043,0.041551321226803786,0.10714980103445501,0.05283606809468551,-0.12287750563603024,-0.016812112605507825,-0.12395347784760773,0.0034053067780974327,-0.17408465475146412,-0.1417111358721355,0.10494978308151552,-0.01759369184566248,0.11972568605201747,0.11030167254260054,-0.14305174794041706,0.11182629093704134,-0.0533372411931687,0.07698915899543417,-0.0648960662522402,0.11820377899981267,0.10421784255281973,-0.08588324302601359,0.06485858359144402,0.12704980809717223,0.053936878914342914,0.15820497857635568,-0.04438009181718801,0.13379055795270747,-0.11796524428398908,-0.07265269933671972,0.17240239051346107,0.15391484680976766,0.05843859150096623,-0.10982771603399785,-0.03848937411389325,-0.07548610893638048,-0.1208091842752269,-0.06973976393655713,0.12168433463515696,0.08253628004201113,-0.016804334611889966,-0.09309197459864386,0.04351257237080724,-0.07258129922743072,-0.09927545705340095,0.00540440542375524,0.1410017172472655,-0.02946328749923155,0.027419577275997722,0.11763848850190507,-0.019983730491588053,0.09706378719128222,0.07024867013043307,-0.06967926197222467,0.150624067068359,-0.06294182884525622,-0.17375567066568906,0.06810649191624513,-0.11521132260651254,-0.10796805573237132,0.07132895249489155,-0.040216900384703186,-0.1512893037439986,-0.16231101468238188,-0.0997262982194801,-0.1141647546626552,0.14753940228471815,-0.13810472296134502,-0.13934784830455235,0.0845364197768415,0.14671519370831176,-0.1530539310402081
-0.1296169169217787,0.08368608000328347,-0.15140949944975235,-0.12451385735431016,0.019336517839243835,0.10838125646013563,0.12401609887588955,-0.05048998850158425,-0.006686441385459363,0.12747547156507072,0.16807316864598829,-0.1472082821267145,0.055364501031090314,-0.14939042854003384,-0.03284131405396432,0.03489560922711958,0.012487016796133907,-0.09697678817121061,0.13341667093839782,-0.02285556551583417,-0.10148602090640907,0.09728169839792901,0.03421116537584261,-0.13560321074109832,-0.08192120839678164,0.14115842150685726,-0.010970763559374291,-0.12623906252536946,-0.042787121682855235,0.13311624431099256,-0.09790449865243599,-0.13602409458772102,0.001381233741568191,0.06255392052622792,0.14771128667535285,-0.029728747266769273,0.05466006452675606,-0.10697706696641633,-0.0719035682658895,-0.03263826578718835,-0.05804442488886242,-0.031024794853760758,0.0967773506210955,-0.1382654261896937,-0.009487479050658356,0.07581181536015154,-0.016920972703480832,0.17477177259371676,-0.048455136547323675,0.07753117573296403,0.16337691083016254,-0.07993432911101157,0.11084351122932327,-0.15536723511977615,-0.09458794611546488,-0.04438745357117079,0.024524013666459555,0.03897450696170221,0.07088996780960012,0.1382859376728935,0.10851394201206341,-0.02886877196644801,0.13562866495037676,-0.03552625119312262,-0.024244413423622303,0.042841964275198464,0.1696377455857436,0.15936851889229642,-0.1161968454150607,-0.08771992037453982,-0.11122908025183612,-0.007634942263637681
-0.023160718093507785,-0.01236249141706242,0.12552122823463915,-0.011205164686346967,0.05530824150515289,-0.010966814799473335,0.10875078582646311,-0.07622352474516794,-0.03478322587809576,-0.007908072448011299,-0.0467920479239496,0.12570909307223557,-0.16631841115044643,0.05615111668297178,0.10603383550153578,0.05468469647703632,-0.06492563661572742,-0.08864578805763099,0.14619014892854257,-0.10118275260269985,0.11485860777951412,0.016310667201992844,0.047950142956995845,-0.06982588191718103,0.15522986149153323,-0.13554452532841155,-0.1594714748059306,-0.029428156978544298,0.14860588598905178,0.15407374348850092,-0.05408606183960028,0.14540541882187105,0.043214014458541755,0.1253345362809452,-0.0018276296356335134,-0.03581877319801631,-0.13784244579985228,0.15795072504244173,0.013504340450844692,-0.16073971999089215,0.0993272555904976,0.05971846509337543,0.06972536605437216,0.11952204405236232,0.1588518350338024,-0.06700547026259535,-0.02051720824671471,0.09510174363988026,-0.07552452771582363,-0.1163266629650974,0.033821760925685854,0.012660155755518184,-0.12588802901541243,-0.14383238550575841,-0.08796873375097163,0.0965946094093228,0.10646719558308834,-0.05347981335411918,0.10564378540928489,0.04756727530179016,-0.011326643587116667,-0.0033830691572769495,0.13094433924541726,0.12855477500096488,-0.009389589535904082,-0.13027901614208756,-0.16605268266307482,-0.12794805345703444,0.1342517413580483,-0.15714932162869563,-0.10581873161705783,-0.006837726694957318
0.11499470402357477,-0.10159203511032804,-0.037193177456836264,-0.01262444770932385,-0.05854206593868851,0.1132358854659697,0.0878817513835778,0.06906697233316256,-0.020752521475057885,0.13962316639252775,0.05760449594891078,-0.032950821258316956,-0.1370149202846562,0.04640544260080722,-0.05546751435530258,0.0006179080581210101,-0.07762580489903213,-0.16457553700076394,-0.09063548859414365,0.09532063299740985,0.04980504663277547,-0.14321821316837074,0.0600810217591577,-0.04092281216122335,-0.07896573414358017,-0.060548401031183405,0.05725470053926587,-0.13333974845884733,-0.09692115979185746,-0.07614969980069039,-0.056509700794573514,0.07915129269167094,0.1230643956541029,-0.033844450858696945,-0.07763522873242738,-0.08493447664675145,0.061509718601686345,-0.02002530832550687,0.05328107643804521,-0.04719590373460858,0.1649114179853985,-0.1419780761688817,-0.08744860442176135,-0.05739111841817645,0.009714388102509294,0.01705554546812424,-0.1327171254413253,-0.10433087853106435,-0.14420127695310522,-0.021378056972069504,-0.051656423920539596,0.1606218484421596,0.014083777553885802,0.1328862075009144,-0.03675083829883574,-0.059129518791407536,0.10032034842161136,0.003752375219015036,-0.00909485751925797,0.06391945437949166,-0.10272687341502279,0.0044554622961510875,0.02566732790441879,0.1524770823820934,-0.11227551220789948,0.10743399628306517,0.07989198158148644,-0.048455233010083656,-0.04139192458115831,0.058080057698907325,0.1590890744651427,-0.0722498380742885
0.03234003883128558,-0.05009983914965029,-0.13538765171938197,-0.08572955291526856,-0.01665863578730887,-0.017021379278415977,0.010447945430170715,0.02815517945552946,-0.0015256485034958445,0.08030523391296837,-0.16281475509122376,-0.11094809750877846,-0.004250391349373464,-0.005394288978927866,0.10534060838359877,-0.14024629281463039,0.11227166728804594,0.0547169832977557,-0.03569912847588741,-0.09126396619089909,0.14571301870719758,-0.0011094715951667767,0.10937954681753828,0.09933905246748927,-0.08205119888190161,-0.007231348744925651,0.14787309662501597,-0.03409325998039917,-0.16679392314378588,-0.1412305002328551,0.02611915526721927,-0.02987925204718521,0.0641007714633947,0.05599755589184235,0.13730235970596238,0.05881155307457163,-0.06325350978480541,-0.014016046695283123,0.06923570815110591,0.04521688537382686,0.018550060331124302,0.12037949799818849,0.023350883535940278,-0.0020056366887149586,0.08488816367861073,0.015049410482762487,-0.15215705288093365,-0.15470666151202644,-0.05550829971492876,0.09985627027069403,-0.08690317273461519,0.12215105089556094,0.10832680629628742,0.024183608524099474,-0.012546211411351472,0.025165932259604264,-0.12994147695384198,-0.13634401839130586,0.07375279689665963,-0.14831344629417145,-0.0917061920989062,-0.13305735934733312,0.01130734302327811,0.08914219860769076,0.01600563715703406,0.1532917248032024,-0.01286490453506869,0.14791974758747303,-0.030221349246049595,-0.02718793243113514,-0.026583425192119,-0.1204507810488748
0.021923496888283576,0.1127675507703103,0.04442606240847551,0.07614276238653965,-0.13426390268661484,-0.0684512053396257,0.13710226125492722,0.0555169658855571,0.010648899803782724,0.08102962598673533,-0.06485245122061802,-0.10967839433491396,-0.030024329796827988,0.16990428588882156,0.07534544376098108,0.11484170865545829,0.051182703265823644,-0.04848411097431762,-0.08874621266231865,0.10634812948626898,-0.07142971869701793,-0.04843310605800084,-0.0050169463586839744,-0.16478790773823998,0.020857973564760088,-0.0017600372770018198,-0.09112696343368694,0.12691322689059514,-0.1753037668628506,-0.02294742794375762,-0.1309311056313506,-0.15640722642157365,-0.10885606343030871,-0.12477112379607108,0.11021228985973691,0.08021988098794955,-0.07797977783779805,0.04265335940494985,-0.09549337951843602,0.06674684952054379,0.03988597448946392,-0.13239507608068404,0.07923186309857416,-0.0917831969490644,0.0049109947825344315,-0.08326391584932999,-0.17419411461823583,0.09597251996789366,0.03042222090114222,0.009357142632712565,-0.14769100439145572,0.15862704566230454,0.12471509760017627,0.15641018938289736,-0.08133396999856729,-0.06853676412577737,0.10086144185996794,-0.013561549705022708,0.02022201246263485,0.037400306787228554,-0.09988585579057419,-0.07765916417659058,-0.1283106957622086,0.06411546460916179,0.1202874583680058,-0.10571683108000647,-0.025835838201218455,-0.16425625322547358,0.17094096418672328,-0.0003663738808583803,0.16022144567254387,0.010348347249918519
-0.15824843143553932,0.13676122821383155,0.13243428777471242,-0.004754180969669208,-0.14258989186174773,0.09634827485463526,0.17134439010347693,-0.08279941397844284,-0.09472618087777289,0.1462735719889747,-0.12629656167577985,-0.14794063334345472,0.06531692883118452,0.011087669364572155,0.033740733532105306,0.09873743876114001,0.09969995832630102,0.07354705128687193,0.08357194247840778,-0.1622018767880752,-0.10689869289136542,-0.06347834706079959,-0.07094125080692719,-0.16661712867348935,0.04753560465846658,0.0011303421609660195,0.09618622412826819,0.10418041626267696,-0.1752488012986693,-0.16361069476146775,0.08557530268694387,-0.17968084029004866,0.14330369885175082,-0.09346185426459905,-0.18702671893599862,-0.0978413373972933,0.08475202484952334,0.08526937809046846,-0.11444277778047951,-0.14205441783499517,0.14512783805358792,-0.11824611269548518,0.1659757704690326,-0.05069034402324717,-0.07144393597222212,0.11447878954897414,0.060071158499107144,0.11282719589500224,-0.08203003081050805,-0.15406878920038347,-0.08134797359895322,0.03961097963291755,0.09417386437263793,-0.009610859181775344,0.08260064171083675,-0.03129334576598792,-0.09697831559318297,0.16663437646204163,0.1352577329012782,0.005359902941759183,0.03460024398589843,-0.10027513921381194,-0.09845992200000622,-0.14303110656972592,0.05718393997848023,0.09690075923280231,-0.1315329794723568,-0.08488828546971604,0.13548496222106432,-0.1434290649565273,-0.10073489476632212,-0.025729340074427648
0.023572430222529587,-0.1262311686054118,0.06666521795964286,-0.09620391510069203,-0.11367200585078736,0.05599023811476839,0.11636338417426659,-0.01646748480513864,0.10134277052368086,-0.07737633803584129,-0.10435915987392363,0.16148261108430267,-0.08655473100092702,0.023671284756869002,-0.07401753942349258,-0.16564209595953505,-0.09194441153342908,-0.09358267606785091,-0.04372416395769796,-0.04476708961699072,-0.11327870104195199,-0.07940351554782125,-0.1571168127097115,0.12507024878963457,0.03609628197597771,0.17140834268308516,0.14213651944444763,-0.15115577013801812,-0.09412591059199486,-0.12189594436939855,0.04649564303497079,0.08611777477684492,0.06662416406698028,-0.01742236830579824,-0.06636502641058237,0.16176133044545946,-0.07399074826882143,0.03885745631465666,-0.13982256656312309,-0.054788666699244766,-0.04502639139462199,0.01952310021340818,-0.027385503202546978,0.07616396530975852,0.07325040509023312,-0.04497154121133869,0.046675049553853314,-0.16851646310890225,0.05188065500528253,0.008196364116777152,0.13653922555852904,-0.12827320566231906,-0.021355547649649836,-0.07661274958470927,-0.024254024523565162,0.1491873601482549,0.006102737614520988,0.10101649674154174,0.022813122246535276,-0.007613121864034562,-0.1141765280197839,0.09979323621635186,-0.02137477854885617,-0.027536783756840325,-0.13844921332666132,0.03471775271961686,0.0036836014734673533,0.0005750496794160826,-0.09540582977255183,-0.10127808336758232,0.060542523208095764,0.10562029840047095
-0.030844322890516192,-0.05969678380753532,0.09345226573567914,0.061900880460394006,0.06986156432929473,0.09150074810005501,0.1013879828260322,-0.12251814029725244,0.005467345786293895,0.13942316283545336,0.007005310330293819,-0.1643742870366404,-0.0810584762176201,-0.08525234021034607,-0.06182898814730657,0.06857969214619507,-0.08192909922403037,0.1272169759517777,0.014846753762389192,0.00256316233519405,-0.16651033758582834,-0.1564560766207874,0.0939386335921134,-0.10763463458147816,0.10619409967116605,-0.05998732145328129,-0.12962450751433868,0.05691624233799625,0.16422312353494767,0.1376667603197984,-0.04820681908830925,0.010885502304998766,-0.03977633043584356,-0.03337077722921275,0.10219353781629419,0.1517720392692669,0.1527085491190225,-0.07920060534153994,-0.03438479089920642,0.008180208756026555,0.00827909682266295,0.01748455539696221,0.1270189258514046,0.09899674471365491,-0.10325284980060805,0.047059211175770256,-0.16122210540063658,0.1493310845816313,-0.09835131557846943,-0.07981942698313894,-0.03226319363662754,0.0125979363105695,-0.06417062572105899,0.032412120727662905,-0.09785788281422861,0.042014575526250285,0.15973799599081942,-0.094152960730725,0.11934458169100065,0.06657395261606379,-0.055354574986825465,0.17480264362993075,-0.13004827531481705,0.03180712034918153,-0.10625009001356808,0.1356123132638456,-0.019476274595010327,0.03328481728428245,-0.09206424879014959,0.08860085784953546,0.1325450618097192,0.06608172026716748
-0.07225372163179075,0.09482620036988448,-0.12444544958110822,0.07499571082025622,0.10865924663236602,-0.07575343733907607,-0.12234241670613731,0.1101309351359182,0.05779448321339033,-0.02528734098073906,-0.05593242997470507,0.04201797755628438,-0.12540826402063418,-0.07966610285503281,-0.028447544503487885,-0.04700694907552804,0.03858829798451329,-0.035987299878234486,-0.10843511096090498,-0.07955391934392926,0.15656282157411028,0.0835000194163078,0.09463058119603464,0.14418542675490748,-0.09280865257729733,0.17205858162609322,-0.05900315864667133,-0.01883279738330275,0.11961453538739406,0.13570769337223895,-0.16782666484541686,-0.05175424161144511,0.03349055454853552,0.013987378384223516,-0.08452906364546323,0.060954393349488774,0.16314796921422678,-0.16346584453780147,0.058991895269958,0.10478013733258378,0.045147077743479494,-0.10859315261402877,-0.15924834296477253,-0.09873143872812319,0.03983495251054338,0.016588515031437653,0.06283728984097163,-0.0005773040957093662,0.09343442332308928,0.1307411345377863,-0.07162403479546883,-0.1408039478338557,-0.13857514020419484,-0.03141855357200614,-0.11458740060361075,0.09784166681307234,-0.07789122354175801,0.019423630721497612,-0.014468532506831803,-0.08660937350649814,-0.14249491289772337,-0.06098196333040788,-0.1529182681315909,0.04498948442119324,0.010988820002109472,-0.11759448082760926,-0.1603727246943629,-0.04240787013155705,-0.04710310850364681,-0.05895552838687135,-0.12384314409784751,-0.14095381012647093
-0.13685747741607585,0.05158638183432759,0.03403177400874044,0.03239867431987616,-0.060551483622200655,0.028644334899140915,-0.041892677061381785,0.07326241925792203,0.0400645341242652,0.03949718153108085,-0.07761351739178239,-0.1424595668517417,0.12408095203456859,0.09278142192879393,-0.14510904405647024,0.11490882848261827,-0.01902361378769191,0.09628029116024865,0.061869887736701656,0.11476529303209805,-0.04380907928764054,-0.03172460809703589,-0.13681953276358996,0.11272709849885608,0.04363196538691665,-0.1527022750710626,0.14824730420568139,-0.03469596590522466,0.13191775206048575,0.03394953122080322,-0.038693019918466826,-0.054719313416428474,-0.07992824529132309,0.05829412068989986,0.0826950462886389,0.10349439619005422,0.09086722136138962,0.047747505350417156,0.1442424118948529,0.024576139799158292,0.04615153833906518,-0.0001829990492847976,0.061638268017511544,-0.09965061422749526,-0.15720489224399714,0.06481309782374836,-0.06655110459364656,0.06717499315285855,0.04624390581847767,-0.07455856742588399,-0.09087925822673529,0.027510333005041812,0.1313967000358764,0.011667224096129684,0.15710485349629572,0.13067918023469863,0.0980356053494404,0.08068792073116504,0.1073191762388857,-0.15913302071156146,-0.07060159137926356,0.06909684134205485,-0.12099546267538445,0.13492981832239864,-0.12526789711353703,-0.0036891791087485183,-0.012268457619133678,0.09642406666355872,-0.14121671601548882,0.11917059227198339,-0.1338816848360583,-0.039268047621354905
0.05725919627282911,-0.018409876196875143,-0.04588434758426482,-0.14692648562060087,-0.11060626721996826,0.1550200330994486,0.015906209901926874,0.11628344649173011,0.164180688726033,0.13328160054086974,-0.09307177572759975,-0.03681118701613821,-0.052021210274939965,-0.035051151261545004,0.15820473170259458,0.15215102529142321,-0.09862530836125244,-0.05067529468144903,-0.14472731136911426,-0.01361069439485831,-0.06710918865017307,-0.008037116949604125,0.03444537734299282,0.10084907377909942,-0.14356071447941382,-0.16211962735527197,-0.07457027466769521,-0.1160774799451304,0.03981409101146887,-0.04012986979700596,0.15127009459138804,0.06250486999374541,-0.14971711907601878,0.09920398439962803,0.1180228108921987,0.04472159380558983,0.10262568228779383,0.1626840174395632,0.020663801975974005,-0.0002559938152503445,-0.05265859106381896,0.004623442993783752,0.008865989785275247,-0.07742995441375412,0.034663860869322896,0.002575798119736361,-0.0013134481747655107,0.14687530555822104,0.12921220578238615,-0.16131696630238926,0.16380159220285279,0.029930330226569928,0.16099565599550353,0.06388959074195183,-0.022334896313199626,-0.12212872827411769,-0.13827924806083347,0.14018675247737233,0.1255986576643423,-0.16651059643578883,-0.10861111538784093,0.034784018223440266,-0.11997119786344541,0.027076224022929328,-0.09838071537282933,-0.010572548845208885,-0.11913149219802886,0.12311032839511193,0.1248456205418375,-0.12457361538572122,-0.10979356224640582,-0.14021798981537564
0.1636042570648556,0.0010958176646199101,0.04234795971531883,-0.1388340617910737,0.035151692949934955,-0.15859893264337502,0.11210056583637651,-0.10118393259116404,0.16371886650791834,-0.03945619700635772,-0.14629676793498847,-0.07085823173675658,0.05646372978800433,-0.13084430278894724,0.09138070790796568,-0.13225372358113363,-0.13349364576143113,0.08575422224118094,-0.1021819498520212,0.16194723929159058,0.07663132054435107,-0.046878882294820054,-0.07744949633123718,-0.10732158719062003,-0.03381376552977554,-0.14772543915509959,0.007854539166150894,0.078316904220516,0.0664216859388351,-0.07710095651802815,-0.15647521357586525,-0.06965539871422384,-0.0926488241665596,-0.1393046873860119,-0.04577318237412448,-0.15497071426393003,0.16357483721602573,-0.0290115967776232,-0.08066548254386616,-0.038570547414756476,0.12493927294352085,-0.14160011093458666,-0.10645765041609351,-0.05663101816120762,0.13388568916085053,-0.11958289760800286,0.0036852185788431866,-0.057939200038790266,-0.028957559168668066,-0.026581671571596154,0.053875960812801015,-0.032846894487108834,0.12075421340164738,-0.08108775956786983,-0.1405536845586858,-0.0782101994417946,0.1502929796925443,-0.11533962980556878,-0.0076247608215822904,0.13184009380791156,-0.037370799493688,0.08144947722752652,-0.15805139851589095,-0.00990280590775456,-0.06979715796273323,-0.03762593095648274,0.15852254445559616,-0.0722136344206915,0.08727407268209907,0.1457807431587339,-0.16299390158506372,0.047437360075131406
0.11786836099215273,0.009169604223783665,-0.032118032222664815,-0.10680354851083322,0.154419299878103,-0.04135357882936227,-0.10811156792648823,-0.14439097853542435,0.14086071593872276,0.019865150335655998,-0.14429095590640717,0.1478210218701596,0.00599827777589856,-0.10384143705497313,-0.10715164841250485,-0.15037798715262324,0.06337415499148286,0.0787058302119669,0.14704937434581555,0.15565229449705448,0.17810375055448632,0.018335037725588053,-0.14708428596229045,-0.13437682828555816,-0.013162479484154561,-0.005162815992107484,0.046973937352571764,-0.04642957672745991,-0.11304725915501605,0.0033967285176685407,-0.15469928544555966,-0.10853665707567976,-0.009320439389284467,0.1301103174341249,-0.04087997985956416,0.00147657478792924,0.015003300957330115,-0.1264110735415961,0.10920838589278152,-0.10402066055714021,0.10949062609425983,0.037525006954952124,0.01819496262237892,0.128639263967977,0.10436158374943803,-0.13734474008151842,-0.021619257937831947,0.04272900570071355,0.08513776382271918,0.16526958053631374,0.10180584448314205,-0.06607833398163206,0.1511794346815479,-0.07502143082759076,0.08543319036203145,-0.031274031483040365,0.1526855997699979,-0.024678298555429287,-0.025408613954933164,0.04575834683674564,0.014193486646366561,0.03694891487303157,-0.0648052423235187,0.008770265436510027,0.004251560245896885,0.08148325751347633,0.16024377555013258,0.13709350305347992,0.08957996777389404,0.039020978404323614,-0.09327204445020931,-0.09972163906673234
0.018188085681140397,0.09914517730996135,0.0008169851090875236,0.16915976427967472,-0.14344335279054127,0.08940270420016551,0.05726113234179854,-0.08131172355269815,0.07153831017244147,0.13792376239787119,0.15669459936910327,0.09232045687143851,0.03820052617332559,-0.11107530732530341,0.032563275749556246,0.016116011684320246,-0.1401211439037037,-0.14717215852244014,0.1114889531579483,-0.15107162233096855,-0.008441531564930738,-0.1485470825013328,-0.08604526260812156,-0.023539957647879556,0.0688786195063489,-0.16708957670379207,-0.1550514838962575,-0.0559667873028322,-0.0857148543435928,0.017289085617924173,0.006723265358868463,-0.09973215859720269,-0.014397832089187526,0.035688823629511736,-0.14428527855479029,-0.10840889905032608,0.0949083689088199,-0.02067667809970759,-0.1454242954038757,0.07472100251808551,-0.0963632464755409,0.02059041605611757,-0.09980162416441567,-0.09239745079525506,0.14332259503745903,0.15038622570329546,0.10381008617529992,-0.10013726779105331,-0.05179924053574778,0.01933275565801927,0.09688771633042391,0.05229567066492672,-0.16303961751614773,-0.15554769746392824,-0.1563847932164211,-0.07668518842697257,0.11566826453069996,0.04014621909836747,-0.09275424522277383,0.12756236760036097,-0.06364525388981454,-0.007331609118109175,-0.10883631431804319,-0.13346790957376792,0.10417401789322057,0.014020624956690745,0.10399063492502081,0.034944774800708255,0.13100746048202477,-0.025012206180616562,-0.06021053107957835,0.030524107969127592
0.16314931126842022,-0.04434676943591492,0.14561895964014077,-0.11314187628536591,-0.14645512118286536,0.051680096193955576,0.1067822556708634,0.04181737555907142,-0.14772820977626716,0.1501761514295841,0.06406235671546472,-0.09872657113597245,-0.023178656347634236,0.005137762532083438,0.058141773053540846,0.0903983791715177,-0.13861978087020957,-0.013768951635036117,0.05109051440366055,-0.0973544628793564,-0.11767956086878334,0.046698298962992046,0.13181993945459308,0.0680771880246781,-0.0792004566517324,0.009975577018202252,0.1331729562725514,0.12734977226350003,0.15528778415404812,0.06163847156405038,0.08005716240172496,0.015460399015989192,-0.05304756483762968,-0.004871987354582295,0.0666467792703238,0.05936683752202166,-0.07984615561906472,0.04007028181322325,0.03811553133993059,-0.09999542725237134,-0.06638289568227956,0.07097688045015968,-0.06475253415979297,-0.08615543464566847,0.018466233894820633,-0.01768112513466441,-0.015501954657832554,-0.16937478514531445,-0.11918272563572686,-0.07545270013181159,-0.12874093289429178,-0.04632320178761646,0.011810142622843769,0.14662273527891745,-0.017430789030424214,-0.12430754121982052,0.055308010858253306,-0.13328387048813886,-0.09178860434908738,0.1822815557098113,0.068654773217823,0.10214692034331938,0.1629848635613963,-0.12075117349600821,-0.09431558542450247,0.037745915089692245,-0.0975172261461058,-0.019891380792706904,-0.004155222764054296,0.1226880015246734,0.0797491519659353,-0.14798495372821743
-0.1377059329314894,-0.12053364691558896,0.0710708249675756,-0.019771504466722892,0.07239264620032243,0.15115118444745818,-0.1384013301223659,0.01901604362359685,0.025821197698246763,0.12110822734270532,-0.08977691493682896,0.07802906783989591,-0.1437240473328457,-0.12538762236885792,0.10156445494395075,0.027794572299295613,0.13277817654185087,-0.03428616828219147,-0.024740475076861747,-0.12086320350871198,-0.15757554711597213,0.10821962119178175,0.03523254038406457,0.004854295115777226,0.08028548882983692,-0.12285570945838649,0.04217208922729186,-0.0898665665988898,-0.01366456347658657,0.10742778942635497,0.010752190496297515,0.10119672295639011,-0.08966104891218077,-0.08688026096775324,-0.04643810099347825,-0.08600949512805431,-0.06367289349833073,-0.045014404717442204,0.024169641773550538,0.14156598230460096,0.1392591488486742,0.13203139112632387,0.089266763638259,0.06390103425965743,0.057615950459814935,0.0598329907243927,-0.006892034729572486,-0.08627351398357133,0.046787255103372824,-0.09032483722425418,0.13807296897953833,0.1335678125132929,-0.051530302948456445,0.03778111207864468,0.020712444640750092,-0.04201226720588532,0.11301370925414315,0.0016471447952369348,0.11350703807438238,0.07294948012563918,-0.022308060501549223,0.1085387926603316,-0.07328214397337657,-0.038498173317862594,0.07433384960109632,0.06286372798944052,0.07967930910723273,-0.10393609983020381,0.05934741892433772,-0.005930896949921824,-0.005759875339154005,0.13228750518670898
-0.02234617229060399,0.10106876013122192,0.12428558430467886,-0.06665177376845763,-0.013005806910748118,0.08101314862900644,0.04878609058664619,-0.023389028371384128,0.011799594567701228,0.1304112162530522,0.07135080733918862,-0.030787644316776764,-0.13472111783420654,0.0508259419076896,0.06450817728075765,0.036761022493470456,0.014989161346744747,-0.03101702848658406,0.10790197984967549,-0.030498603219187743,0.0492830461935825,0.060842855757498135,0.021080400079344797,0.10305896243647918,-0.02510859097725832,0.1225946037385178,0.008118902813438073,-0.11611743801710472,0.12018167640800224,0.09917944109097783,0.03336363233309455,0.027203869015245272,0.12235182426323413,-0.012330363276585394,0.030812578244420165,-0.037983867432617176,-0.034804005347857096,0.06946906456323322,0.12194742579648704,0.0022451379037443076,0.04487164290842307,0.1462786124635413,-0.029036288000949362,0.005531726664109877,0.13193745127904583,-0.07272942921991049,-0.04802553063172906,-0.05800820735796555,0.13174447378796644,-0.10090534701822688,-0.11435893569268242,0.16866501031197476,0.15348056124598822,0.1606041800989033,0.04188917792604595,-0.11459491100758705,-0.10213483902036026,0.0126796847979062,0.03259217545738228,-0.03352976772092287,0.06370226260158784,-0.05055505029778527,0.08519872660720434,0.04480864011806131,0.12603969862399514,0.1384381148727523,-0.023829005863929744,0.1310033565400131,0.09165795004679571,-0.15355675675627245,-0.026617893749892416,-0.16546135195413386
-0.1379761359747414,-0.006610005793603867,-0.1449900798547968,0.05542436562562529,0.08217271752152276,-0.10244691352932919,-0.05459713764780246,-0.0948485860168308,-0.1609811980532745,0.022766117395244558,-0.13383972242121692,0.09414728812716243,0.11715925572404884,-0.14497286150882585,-0.04875259408486834,0.02785659362375019,-0.11678197058617067,-0.11697282366882422,0.13445776476361138,-0.013461234239142347,0.0668896955495937,0.1415804500470405,0.19836017682729243,0.15317004038677548,0.175325611605431,0.1835471481775509,-0.15943754450161354,-0.14955075398893014,-0.10755106147360685,0.07820527819033037,0.14324475546391818,-0.05516812457465337,0.045119625861227045,0.12196495955472286,0.02070387149117828,0.07315877733796972,0.09243078983878915,-0.05245394444909479,0.10014076655833275,0.008319994105951224,0.06879417611336322,0.07760161805265366,-0.056024157911144574,0.06488268907700195,0.12236423696336894,-0.025803277964081547,0.07646688524397217,-0.07142418597421746,-0.1587568781503876,0.1565208640879593,-0.17453387583658492,-0.11380676806877944,0.11091256162371424,0.14174085127470332,-0.11320844770631601,0.0802682970685042,0.00468487061776763,-0.11632298624939427,0.12647000124101507,0.16098343255511893,0.006159364371672257,0.14429062416867214,0.11408713433982905,-0.14446385915157073,-0.04037017155752074,0.01362305883001291,0.01718758981272686,-0.12103783802956225,0.024808742348238207,-0.042186304701463936,-0.1533420545570351,0.008026738361818062
0.027828167914358146,-0.12217145174687606,0.0997673316145048,-0.16505743509318377,0.029822149328690813,0.1278622397279604,0.07901127528551442,0.12251404275141022,-0.039350566909057985,0.1142771150630686,0.0168642774424224,-0.11579450297174095,-0.13059988455820812,-0.09961878953558825,0.04475619468403802,-0.034484395721656735,0.179686981826271,0.07158302576489307,-0.02284707637775283,-0.012007318161055741,0.0026438045910391174,0.1667649845256367,-0.06414306542028987,0.0164748144625842,0.05921615718455499,-0.021732563641898187,0.05907942222418362,0.025103434427873463,0.03793352178632465,0.1490597089906549,-0.0674681723837905,-0.138205006289998,0.12517788479453454,0.14841686255848513,0.05901624491527504,-0.0882074534269443,-0.12926331603659258,-0.012826908743055157,-0.09649772154682384,0.12521293953692567,-0.10291850823019158,-0.10951317143139638,0.18538872047789645,-0.06779726114535921,0.03804546912347543,-0.11580598402643845,-0.033234007855431645,-0.007538931088596665,-0.07997697778067078,0.12736414817953137,0.01600492518537487,0.18017755082017,-0.014081565357680717,-0.10070325356384374,0.14882312221661567,0.14072781103440432,-0.05381189987596107,-0.003537571103591773,-0.043541813107447265,-0.050943806590164877,0.07898515133708935,-0.09784297489058971,0.07195043341675922,0.017547956274313478,0.1471581392734045,0.02747368839507763,0.03017402585644339,-0.1601597205974132,-0.06558455248376231,0.1044321263679424,0.06513858732912621,-0.08629505183717111
0.13210102402520926,-0.08195532886865822,0.052728273395584356,-0.050661289077583174,-0.010905277730151836,-0.17085544678288422,0.05813975537265749,-0.055629808988652385,-0.06466524034565811,0.1150132373463466,0.06557483066804728,0.13689116162224294,-0.16634179669995783,-0.11080164581774843,-0.10841496059807244,-0.058687075932595804,-0.019919851956418228,-0.03357883786004165,0.11495108205450318,0.03274270888923785,0.1282868111259287,-0.12826410458792945,-0.10215354774486358,-0.14092531467254046,0.09626278740063123,0.0237210666952761,0.02464649488926109,-0.1299724790575471,0.112085579736335,-0.1576769197310204,0.16162989307823847,-0.002476629523663361,0.09330529119387225,0.16486172673299532,-0.03459160331997235,-0.031776414726286784,0.15263302278425628,0.029501148358250715,0.15083241946224388,0.10315550632558323,-0.15626964852690545,-0.1548039600256761,0.15107399663228496,-0.05421055099562709,0.08955510250979112,-0.07146159763652624,0.10529174061092376,0.1366350280639826,0.14664697763129567,0.13862988067777549,-0.11285457483692175,0.0163069063229512,0.1404664503778265,-0.18433114177475304,0.0893446888826491,0.1042499067658365,-0.10706978738449134,-0.16204133068726362,-0.12065378835278001,-0.04218787040426227,-0.10086681936511922,0.031565254780555815,0.07461819346432372,0.1615670319894367,0.0669900564352115,0.15647715207752905,0.16766662517766667,0.014568540173501475,-0.04032736707150326,0.09622278872606342,-0.004283576731951222,-0.010192773813777138
-0.06671024640782007,0.10321625923111857,-0.12873471713115048,-0.15431546897408904,-0.04384591566962163,0.10672575605443042,0.07610986512888981,0.15821047422896822,0.04444023735007343,-0.04397742528279106,0.0014616108694510263,-0.031791878488237536,-0.1070868566246597,-0.0889368157845781,0.1255338688027817,-0.09911034689298324,-0.15080941175236437,0.08152013996996374,-0.15688135837634118,-0.0951048144643959,-0.06478428861257848,-0.006344086950770096,0.020676686456847802,-0.1424256837367365,0.12629046807717711,0.07577455986178513,-0.16727604358726744,-0.11029429455380974,-0.06553967635381393,-0.12982600094682895,-0.15209733694205826,0.15160131521228973,-0.026053963869673742,-0.13873576086526648,0.1452245890965101,-0.00724987721935896,-0.11259122446867098,0.13674131373585965,0.14199846030794666,-0.024956009336915757,-0.03978389225933974,0.05900937553610925,-0.06359506511125503,0.06627661617106666,0.11265100267829409,-0.11423171940013055,0.09229488020076888,-0.13864370759485273,-0.12008723909112963,-0.07625319823278359,-0.15246067521489395,-0.06476753101274964,0.16799312016120674,0.131628758125198,-0.07527854806386149,-0.1512547714920648,-0.0037728822323965534,-0.12765090729143244,-0.04880490099817003,0.11054239130970885,0.13454250547586402,0.1795512990221885,-0.04238742797571105,-0.060979138967748425,-0.08684643134327709,-0.16137219239376674,-0.08401351314836839,-0.06019837347590178,0.018764178907235626,0.1365389644985324,0.08343232934728534,0.14068035523804825
-0.008565095710650278,-0.008361366685598788,-0.08848319040376,0.005517691178722319,-0.027592102941005947,0.09607491107687782,0.1511728340130797,-0.04764740660799948,-0.14277518566474134,0.15168144856133475,-0.04185144340260304,-0.09426313380410709,-0.01107087549655506,0.024147666593942196,0.0801778648130891,-0.08454510860177324,0.16044765976121253,0.03421146962716196,-0.01009914701507917,0.0766782982429187,0.08495560562772617,-0.018024095541832836,-0.14670833833552793,-0.09672720544013655,-0.023652193860220345,0.0821262748898924,-0.1550998517813915,-0.08597351160912792,-0.1503190107554831,0.0118136528983547,-0.08285231014731448,0.025163338315761608,0.0885574343409265,-0.011077220412907646,-0.09545921945952153,-0.07247397438625802,-0.08359587390550169,0.057395687237896696,-0.15921971227468443,0.07599515793994215,-0.17250536435751337,0.0520229209978127,0.07770122847413054,-0.09259056936592373,-0.11622272612931919,-0.16491110427993325,0.024575568797852367,-0.01142895777880487,-0.09063975026348495,0.019557574587975187,0.07560617929749494,-0.05763290987276305,0.024610086641561814,0.11698030428543792,0.03253110148044226,0.157305557147167,0.1506872737020183,0.1059461763949915,-0.1003624406911407,0.00011795426721093405,-0.01076069854489015,-0.04357396554685975,0.1154502132984039,-0.15660154450687136,0.08213147815418387,0.10006889880484876,-0.033257245047309654,-0.03635366287049973,0.049753269281541584,0.126476808785825,-0.029865726395642937,-0.017219012722680175
-0.051989607514098014,0.14661591588412104,0.047054389252214605,-0.021443153428447232,0.040141994623426616,-0.024857658225626512,-0.06997853861282922,-0.11157539698570597,-0.13002277398363615,-0.024821864611311566,0.10900188649592009,0.14209548772898695,-0.011969246683557058,0.1227249555287246,0.13765236932051772,0.16801501828213114,0.14654191230328237,0.02002866069280604,0.08877430910556894,-0.056806619340096454,-0.016628214702537048,-0.03393283012272747,0.047723803035151564,-0.08127786365642016,0.12942985745474958,0.05858393511086566,0.09097653354326579,0.10782722742470159,-0.11912758203133599,0.10485356163730845,-0.037529384471515645,0.06787035353015501,-0.11177599253631333,-0.15645565904654352,0.06499142772199508,-0.06418126076093193,0.062007302618577585,0.12642724384381762,-0.15591207446096847,-0.011025346603168933,0.15164302628166224,0.12097836105195182,0.04812004819715473,-0.11372034020835539,-0.005650877607995234,-0.16637149669389642,-0.17916100063964469,0.12936898330140667,0.03513686204545306,-0.002606756247584919,0.052909224500151904,0.14078675464309157,-0.027280894368651484,-0.1639321314809838,-0.011981355553551658,-0.07431462659638581,0.058096148072847395,0.02136199843085668,-0.03935301304657094,0.03845831284541289,0.08292459792942039,-0.023548294045432523,0.009528176736513542,-0.13992464925457018,0.015493334401824384,-0.1456665033657155,-0.06103557300153072,-0.12815984749616538,0.14782735508590072,0.05293121515893994,0.17273800802488387,-0.07522914087169617
-0.13469749190425478,-0.007693418896434344,-0.1432905495949432,0.0875247459433078,-0.15299134804429074,-0.11984870222983561,-0.057935835741736476,-0.03271369528077002,0.00965032085139894,-0.13306946278411236,-0.14372337671572996,-0.15234201034723716,-0.04602168726939301,0.13259386464281786,0.08099657514463945,0.036453808131710515,-0.011075162603204987,-0.025312054527922043,-0.14881942787918526,0.08310247380125348,-0.070705171994944,-0.17259012462040468,-0.09600791239098735,0.026615700123616644,0.03212439897443774,0.10914846633418149,0.05195971220085665,-0.12493786796690229,-0.028719526287209834,-0.06134560740740318,0.14664470508593222,0.15270282354555717,0.006505279219061957,0.14432035709492447,-0.07098716528931717,0.16166549186235596,-0.08123388242359704,-0.06076208590448865,-0.02922245450759937,-0.11244299735367629,-0.005428034807398005,0.1100039568146313,0.03580235775957137,0.10365492374780795,-0.0969710398186456,-0.01487259376915333,-0.08530128936559106,0.04074030552127587,0.0245734556760931,0.12140764814093577,0.017194057676690966,-0.14596284074203297,-0.14863970654729916,0.11326652909715638,0.045453696941604914,0.14448542855867091,-0.12239313546239783,-0.1542493018166333,-0.14088845924273607,-0.09333241734855639,-0.09822431729794459,-0.06766689328418751,-0.11177894892083932,-0.1531967413907763,-0.16047515982232735,0.046851850114775904,0.03407779823317206,-0.14136372757098709,-0.09659862390504907,0.08782870616047443,-0.16119480870546074,-0.0025392733011180054
0.01431940289388908,-0.11825094388335747,0.05765850765290838,0.002138670286514723,0.06716436337320893,-0.13210458418205018,0.1352954030373934,0.06538853427524136,-0.14698031805045142,-0.10108462726798519,0.1473160205259029,-0.16302511526436167,-0.10475397701748458,-0.045553021196698525,0.14760791940949414,-0.13479529833667134,-0.03649109672902608,0.13971746579169844,0.12893378390914317,-0.053287643223796616,-0.05128512115313628,0.10115934305357198,-0.150651594828595,-0.08145019475750885,-0.11443233051134635,0.07977175529633361,0.05169362043454222,0.10159579019892287,0.063951946221486,-0.17091430362555074,0.13525075744604415,0.09213433310799642,0.05368546381752379,0.005925741181882416,0.14082161451897876,-0.05466539705098585,-0.05474637610359652,-0.04747346033398433,-0.00723518485287602,-0.01755461599305481,-0.02634061614958891,-0.15146246549787482,-0.07315771676128026,-0.0073894884418459865,-0.15093669748612806,0.1389379953377014,0.016620759711739198,0.02429624676829581,-0.11483918767220307,0.03677794681010832,0.16284918879510585,-0.08119519256683784,-0.012306522309835177,0.07537786445755325,-0.1252188663836488,-0.047189018532071234,-0.15811329424825576,-0.010778520936484182,0.13744279641574864,-0.10831890026212458,-0.13976566108608043,-0.09103362363253266,0.07676448681232337,0.03967756589616193,0.15002716375130426,-0.03652248532360106,-0.04829940522586012,0.11093866130431758,-0.1694692160635553,0.12400313150422246,0.09110907797145129,0.100587817369406
-0.1700574346635835,0.06137731119846221,-0.14856283743723167,-0.09270382153633111,0.09508593252703779,0.14657622492327915,-0.11149605438104003,-0.06412167940543438,-0.015610776066306922,0.13338498909017774,0.12511530812376115,0.12669039423091463,0.1554351599540592,-0.06481200739009076,0.045726476646175886,-0.0203188061410352,0.18216697735150922,0.0808551816319678,-0.09557943948885606,-0.16621422590802776,0.05432580785731384,0.017481805352673043,-0.16265182397977446,-0.14241498443684888,0.01439622377188209,0.05674371461236904,-0.09499430720670879,-0.10017085746441981,-0.03473707913574731,0.061455448538869396,0.15503704299289647,-0.13762174057298981,-0.010861662805430442,-0.016717461085643225,-0.12724744941272792,0.061245590290936056,-0.029200497659888466,-0.09505526420207926,-0.03960529243277863,0.11849096438928505,0.12962689662942284,-0.05535107862917031,0.11383733973967486,0.028492605081590405,0.02855969682668447,0.14348229961299466,0.09760625738002596,-0.11024827229842929,0.1264575437604987,-0.08975752434598697,0.07407002851631292,0.029280596627635522,0.047178144043147255,0.00693534147974325,0.12100296065334354,-0.1039060843504771,-0.10580236040888537,0.046084537153097516,-0.006507840579855225,0.007973184921879818,0.1706157091737335,-0.08741551823836904,-0.04453918878333439,-0.12709062441536348,0.16588169048120727,-0.10625089846492643,-0.1736373293309021,-0.08942478117551204,-0.13680313686055406,0.08617398879550484,-0.10804145947359194,-0.060783509646885475
0.005061750817133613,-0.13880787781920792,-0.1455651823693911,-0.12488756609625411,0.11050326551837324,0.09294748692392993,0.01768723069122863,0.04719294921092846,-0.023487867316342465,0.07789313052728077,0.08697653872414043,0.062179462521160744,0.04843772654883154,0.13690890787389967,0.008898462438177357,-0.1288958940318516,0.08409593784210725,-0.07473155892206057,-0.024959416747185242,-0.12872143462845648,-0.06892457465765787,-0.013272619852470031,0.11108212451204154,-0.08966125797446185,0.09670664899604611,-0.048294832506799765,0.08080021950035858,0.09655020894597244,-0.1387956968734043,0.07287153022474833,0.10310383111985008,0.0013524587293089962,0.15550720789531566,-0.07796856773866233,0.10020000350344262,0.03004659574665286,-0.03394196858448542,0.15525275989295256,0.11634447406286777,0.12181235292798696,0.06781349880949375,0.0736827178067831,-0.08460053453646894,-0.16053895250933836,-0.11231602341646578,-0.09841900760708103,-0.07572146181399116,-0.055263920559015925,-0.03160633618266953,0.09733298939166737,0.05111490734108616,0.10346556277821502,0.016602828938951604,0.012481226259625288,0.003705387237203942,-0.04675515696301347,0.03307764830802611,-0.08170841231162246,0.0596367910051221,-0.06910797002907464,-0.10835425497383738,-0.04380496128487091,-0.08146077512567787,-0.12926032773624543,0.002963379146499535,-0.11708783496674088,0.01383700255680385,-0.01619655414149308,-0.001416881659589689,-0.0680511801863725,-0.09254128423947414,0.10931457524521909
0.1228138530968894,-0.04473316954826023,-0.009921653683675598,-0.018014067503387046,-0.10617965623885693,-0.16740791448512385,-0.06936611995999079,0.06525121232786116,-0.068235685943161,-0.03375995934720242,-0.025889622899584113,0.023828916427572542,-0.11118618189106404,-0.13471075400366092,0.029022206934859553,-0.03942081589748005,-0.13220331905712246,0.0728147040050904,-0.060811924917466544,0.040070114176278794,0.07522957310990862,0.016691068035170762,-0.023325372269082302,0.11738592494952356,0.09614354772598796,-0.0723739992028871,-0.001315829828507077,0.10411229098334178,0.09545478147740136,-0.07880576095546792,-0.03298585443687122,0.1569996088986552,0.005812174174044028,-0.04867403597925295,0.1136378232275287,0.08114145602996393,0.1731064582874464,-0.06614571596981123,0.12768648693590207,-0.0016573735145526947,0.11230597972193372,0.00917060617275848,-0.1445383988531538,0.0986679914691348,-0.016247606675970683,-0.11954396032601114,0.10862815746776114,0.10438044714424065,0.10515562863696441,0.010833473386290376,-0.06599985041361625,0.1239384447332409,0.15529961266275477,-0.07561680823419177,-0.09976658168016697,-0.03798422255770073,0.03479443815520358,0.12134135150888002,0.09624904817920281,-0.12838398260849718,0.10186409596438015,0.12421507784764858,0.139799358835609,-0.007084871595536005,0.06576589702073331,0.14819522767379595,0.03673322480729658,-0.004712651167473552,0.14457741923327772,-0.12349456332135937,0.05403695470385923,-0.10848825487963971
-0.10756598855538325,0.0626569508468311,0.15018077310102518,0.07855056126387458,0.009441673791997438,-0.1259275090091081,-0.10026743023843501,0.06100737585957101,0.0008251203063451821,-0.12625193616514618,0.08503050139637444,0.04405156394315715,-0.07688939578431883,-0.06802112235169476,0.11288561643564923,-0.06081952594847351,0.06162889047677297,-0.0004969364745266823,-0.14589927252514556,0.003273522212879749,-0.05739165971490808,-0.047566850497691375,0.13390958646572795,-0.1744520671630021,0.12649068443149442,0.11251723917976239,0.0008411056397024857,0.14660830775318806,0.11529310633136762,-0.12265544006720919,0.1247532504613032,0.1205441829118911,0.04197646712172622,-0.05323872682922945,-0.04653975030372782,0.0942414747408097,-0.13828117224447373,-0.08398053516168365,0.10458541369203389,0.15569986608920894,0.1375409569775414,0.15989600239987178,0.16871594081589059,-0.047613025754837106,0.0009834867052204088,-0.15754402698774805,-0.12134302899285437,-0.0061963200090347165,0.11748492833292853,-0.057579640769891194,-0.0736072930021618,0.09281823032553427,0.008464998637563522,-0.10407645150650321,0.08142715704047095,0.1476398159873725,-0.1180171376496807,-0.05350457495597207,-0.10492486086832813,-0.07326616449468966,0.13748690968904795,-0.16439124645002298,0.052537987182762515,-0.15909601425718972,0.09106979572841639,0.10233800917168147,0.007750215745073175,0.1512617870310796,-0.03238245483634918,0.033450745421741625,0.15359098161336487,0.1343308782457977
-0.11986915745644373,0.0804550220340215,0.03923240491482266,0.12529007774282638,-0.11075267684741598,-0.15705482396817164,-0.08472319984264311,-0.05567582888817402,-0.08750932408649073,-0.062300668841865935,0.06416935595061442,-0.05203066407945197,-0.1463719115915577,-0.07133918477743506,0.1056648023228762,-0.01767442624786386,0.1456680413763488,0.08848466924437563,-0.004078394234469656,0.0928033041177802,-0.12882880910017028,0.0012594285090728788,-0.06075649618542672,0.10241741132462098,-0.1499393203488476,-0.07232461169835849,0.01433973489537918,-0.006720343062197764,0.0038288206089388036,0.11646016681150118,-0.011699126795972209,-0.06854324594752988,-0.0925964135487508,-0.0040792961708928255,-0.11144041762546404,0.10316115163907812,-0.021868513044979037,0.11097710843249974,-0.021894705157593747,-0.035555543341341554,0.14708312278748056,-0.04385813779971964,0.025921383421555064,0.11213984304192907,-0.012050872069676059,-0.1539811400271978,-0.04459969108852385,-0.07962024505221942,0.08085971423895387,0.040417929359890546,0.1376487207426065,-0.08249409928451047,-0.09174183643671013,0.1079255915494171,-0.12363650463019224,-0.16514474270695337,0.10803909902890214,0.022901852567870213,0.10180765122777105,-0.15091159677582228,0.002651158494949927,0.1222464421791693,0.01024147291641369,-0.06821732474577794,-0.07288831830147681,0.15159302876154765,0.13208798335732413,-0.12725054439381694,0.15749493194687655,0.02589488072293895,-0.1296648726673972,0.14854960047259191
-0.02251903153764977,0.06450317784126444,-0.14745252081585639,0.06382403120595014,-0.04443762454682567,0.13774064637567016,0.16979014175310173,-0.1198476936655267,0.10690151628973182,-0.09205912143539687,-0.08215079916180706,-0.11877862023416615,-0.11257412950447142,-0.028853251946621368,0.02608407393747506,-0.16144958864802123,-0.02011547622023188,0.06435706245582089,-0.13136360897059052,0.09859751760518283,-0.06993288890076506,0.1341456038466744,-0.05005134407580205,-0.06347284210725969,-0.08320295370968485,0.001987981265479018,-0.034217124760532125,0.16701984751476065,-0.08279976017532989,0.14088077183249353,0.11410291911307444,0.11348673316056017,-0.11736307137757974,-0.12009794729500964,-0.1551230860164885,0.12090712488383795,0.021936252006244716,0.15152472988847257,0.12489912287421678,-0.043041314877728304,0.034794058332170766,-0.0026136008742985396,-0.0985444338785021,-0.003510870635729424,0.017092029142834506,-0.14864599595179603,-0.011171712030471643,-0.014099294600286779,-0.07701500595037725,-0.0419906939827572,-0.0739112611083479,-0.030987222842205592,-0.01426986494250972,-0.0003254912397307465,-0.11701995487257244,0.09721097697983672,-0.08194107390193818,0.12812177232175018,-0.10482926096832432,-0.050152588895332056,0.016491328988946105,-0.10418642548905131,0.15147693219356675,0.02664233934705447,0.10448838444843486,-0.08119637816152114,0.0012945924971046487,0.13994260390590976,-0.04816847805710235,-0.02443949567564509,0.10371219726280442,0.06877091239819372
-0.10823433539182883,-0.08981179371677116,-0.0816715529500478,0.15971387092492018,0.17099605372659316,-0.008501125225842652,0.14236540190174538,0.06521803477672528,-0.030125811986588986,0.0962100007827561,-0.13804462600431805,0.10348921714317064,-0.08483041823886019,-0.10505291953619321,0.11132766541983147,-0.1537727331628775,-0.005133435658000082,-0.06397454752643034,-0.15325311023845892,0.04772181353466316,-0.053604416058774904,0.1313316524611843,0.14341886055615363,-0.1589791682007977,0.009244488437154547,0.12278813209386365,0.03093530845120124,-0.08664409192539964,0.004453817983880394,0.0019190902927345007,0.0019491730158096544,-0.010681576677852168,0.01595965708983007,0.043945530327119,0.11316551615081528,-0.12436521666969684,-0.07515922264835291,-0.03223934896355242,0.03638137165750559,0.16237716905875427,-0.07633917158350083,0.13143851308336915,0.10232604830517747,-0.044458945201139924,-0.12813765887635056,0.09760606485979977,-0.003843427128851751,0.005087081227123031,-0.03629517974257997,0.14430485015191657,0.0771004180744669,0.030148527708214995,-0.06974046895120507,0.07138287467899898,-0.07717742894776315,-0.10627016797793276,-0.05543636156627835,0.13562068612861147,-0.1626524793002062,0.018575032919734273,0.05591569665739638,-0.07221916450953521,-0.09844654771257513,-0.1717433336322906,0.155537416848111,-0.030192856394854008,0.05163120829279691,0.06781147969644061,0.0251007002747468,0.11336220290177755,-0.12962407539120138,0.1327943291714945
-0.15886828080391907,-0.10563572570459817,-0.033072206555055814,-0.12695305870314338,0.0881699014181508,0.13050097410995856,0.1151212505763976,0.11381608700542564,-0.16443349608462351,-0.005176914733748793,0.11009123319243823,0.04539187047641318,-0.06317071153321822,0.03606946290112595,0.025375603802205684,0.07460655297986084,-0.061717283778071653,-0.0030091967162172452,-0.1358064356583839,0.1417152994469547,0.004536958193434383,-0.012870130828069558,0.043011132676188904,-0.16765485094074023,-0.015200143788845452,0.15790790110753455,-0.024877573944898094,-0.11132285829672209,-0.050211161088180765,-0.1166686053894478,0.1591464022262538,-0.1259285068430555,-0.07318281600266739,0.16580677897547666,0.13101012265179007,-0.07821798879623909,-0.006967231739189056,-0.033797345611770876,0.08235482464349143,-0.14048701834827354,-0.05541287457709378,0.028237589860610483,-0.02380548975394287,-0.10120311782392555,-0.022552112708184597,0.07139012489018003,0.10539491078342163,-0.012096301097645895,0.13136470059783767,0.09112236244444125,-0.06155752182494447,0.04387664684599244,-0.0838298405916274,0.09253820766014853,-0.14186110615892344,-0.1329718139366589,-0.10755061991139271,-0.016505208192042275,-0.00617645075226951,0.10181173163234002,-0.11724785216805768,-0.05519544850348738,-0.13201812749617378,-0.15255168095374444,0.01490065011462288,-0.01775559831623146,0.11278045428794588,-0.11181152566278965,-0.1093785009370562,-0.033738775061937495,0.12074132817034865,-0.004671585177769886
-0.10768175690750549,0.0755388568109646,-0.0015150997499362208,0.07220192040402047,0.026285622208039556,-0.0200370808364067,0.04178230173192564,0.1626964588028225,-0.11855746118538851,0.016687275666608194,-0.1428559479994847,-0.12509195093072717,0.09720569730194362,0.06932747790384189,0.04622383264855152,0.024795018037016874,0.03995268284223997,0.04327590333356438,-0.0685879205428547,0.030563512372543036,-0.03216244225342437,-0.11745432227343132,0.061166157339777955,0.08711074770808779,-0.062007341493791585,0.1252051953436809,-0.055222736092629586,0.03084917726898333,-0.1659905655684209,0.14578428385428988,-0.03824208047936607,0.003326679624703745,0.004989103871285864,-0.08127623098314359,-0.1674592882972723,-0.16015139868832093,-0.11483339245083848,-0.0766361241265774,-0.03564428683361096,-0.15479884274126954,-0.003433211920947183,-0.11228119770698723,0.11551493877067862,-0.008829428745970409,0.06135179316248073,-0.05763092135963393,0.018675373504199053,0.14025624545004106,-0.15125326740395442,0.06135689865882368,0.1282736612494414,0.09445229582856512,0.04847684823759304,0.13481933548324976,0.02126556276957094,-0.0034625810213134863,-0.06338919887654726,0.13166460123187332,-0.038344216692780486,0.05827957640216121,0.029824860905022732,0.061146290436858805,0.053705591784981646,-0.028822575907146524,0.14473553065178135,-0.06136228545011556,0.036852741645001116,0.06208694583509263,-0.09345256928193477,-0.10737509644099623,-0.09569391713227209,-0.06401433420058177
0.05624805760222759,0.005375114465949091,-0.03596732776876847,-0.0639492740036361,0.046898932137175546,0.1747381663519845,0.17443959479921597,-0.11966006397277285,-0.07767886533007916,0.1434051867038404,-0.12576393173786013,0.11462935522053262,0.053351062053443636,-0.0712964257240275,0.09164669977838431,-0.010135263782591856,0.05469538975631057,0.11450623493184381,-0.07531212897486145,-0.11471935139843688,0.08703725943249747,0.045936760965360514,-0.08642420073166013,0.06707159440240712,0.15705320198183878,0.13180165546337622,-0.027523642314899063,-0.15348969801317822,-0.03580310505583861,-0.0075979950863632635,0.02945163668071252,0.12213279172982407,0.08522681381222935,0.11057331379048779,-0.1311507632426473,-0.021726923788802772,-0.03371535625382454,0.08906025076576407,-0.16947314943172231,0.03743241320939922,0.14215413977510036,0.12416462941161072,-0.08471368951841249,0.048777353650492565,0.09888625739787302,-0.12743483107400314,0.15780438832153645,-0.08599344644165714,0.15224443376970972,-0.07678703875271535,-0.06214125470975916,0.13382652964084604,0.06464909273628966,0.0002418793273650878,-0.08761006144182513,-0.14647077384396304,-0.05791282480845233,0.07373986356767372,0.07964699166223753,0.1684773800489616,-0.11638730910647921,0.06064107030992651,0.04178784978234269,-0.01367764189262015,-0.08425203424043202,0.02237814311187583,-0.13420679003673025,-0.01988577237289937,-0.05433427837432266,0.07155714715054573,0.17772022832821616,-0.1671492760045933
-0.039106542712830705,0.04408723680427136,-0.0978024481928927,-0.11137954971613732,0.01399698313193998,0.024857142912797076,-0.025437163526333705,0.04484458513491946,0.03693924218832932,0.11167375916974406,-0.1323086841136917,0.12278183568281685,0.12898233365332518,-0.12344487458671247,-0.0086318960235584,-0.09037490819245646,-0.1301328882778258,0.1428773708297772,-0.1319437600548851,0.0762685012929579,0.14917758784235038,0.006327410081904491,0.13122723866003602,0.004633033395675843,-0.010484893833577388,-0.14996358124353026,-0.04953885037704737,0.0038661639976598485,-0.14790656480185543,0.1191708689400691,0.13137933283488207,0.07666667269599282,-0.14568380719546745,-0.16326506773322721,0.15642760504952818,0.0025312038488412777,-0.1409900066188952,-0.01166409093157066,-0.020150952466374446,-0.00668631793329789,-0.025927956429287392,0.11352804498679808,-0.11843777281937097,-0.08476230727389193,-0.004831917306464606,-0.08499222121129428,-0.05386807550388143,-0.0766498255796686,-0.08686047230845627,0.038568490404236745,-0.028173867231366174,0.13950351274007,0.059995567843958396,0.042155246919755134,-0.1139399539408053,0.05920264943349336,0.04234639658099228,-0.07683976913180657,-0.05101332294647304,0.1272920702940222,0.0735152201962446,-0.12751074009956798,-0.013285245230307078,0.06425975795649247,0.10786730105509053,0.005988532905795287,0.14164228989327762,0.15155681161677798,0.03607242782766096,0.10584303398021823,-0.019019633373758216,0.10100233959824761
-0.08312464631901757,-0.12874361220482278,-0.05061027005946887,-0.13923717759407572,0.04844682282506975,-0.02002751382214781,-0.001141793407205047,-0.062039279495293746,-0.16859047722651618,-0.13326685097892352,0.013857063809214452,0.014680547172098941,0.06635320302406687,0.028612629506121735,0.04324502047945147,-0.1771710146036022,-0.0197947987595516,0.16370736571425668,0.013581208946972081,0.026092563219660178,0.07355861508765098,0.15478682622929815,-0.0371738166859839,0.08007919019781544,0.07320999222317814,-0.05916988048078449,-0.10486054619382983,-0.09317218323877931,0.025083475014252333,0.10674286706115002,-0.08229136892796922,-0.03695969062671285,0.019514753604415937,0.12032650784418665,0.0944818491819281,0.06212314177419151,0.12961289947269472,-0.1738599119703574,0.14563645696519267,-0.13253475913853802,-0.13873687612722974,-0.00687408995514495,0.055455670382876354,-0.005279947395397744,0.0019086284750991268,0.11428524426605226,-0.10575271667297079,0.052915395345693526,0.13076843938817415,-0.0989361297101855,0.03337653019460603,0.01707440893202219,-0.0002869015968011267,0.000960308703009949,0.04906411771546653,0.15853338787406243,-0.1154133533005454,0.14203247867618884,-0.057240510087011566,0.07971384229703533,0.04872937303347423,-0.08725907297150383,0.06465326051966656,0.1358123280684942,0.010654179344907857,-0.14656295331102698,-0.004621555216241841,0.13861443986363,-0.04075855123071613,0.06535848633261333,-0.06765950296158278,0.11060661626564071
-0.04052411864085085,-0.008741141132028042,0.08221087700291115,-0.06596958231124662,0.10896935137577082,0.11105491152476588,-0.02257341048709854,0.005177154508071842,-0.05635853774321635,0.13595624511483825,0.16218351603254236,-0.0475664843814333,-0.06797913850320678,0.05544245203021034,-0.12214860474224211,-0.14708713766558723,0.03776588526317662,-0.020899926876970655,-0.1673721966891058,-0.14613500886494038,0.13729280732756183,-0.07879318926424246,-0.14699218440295783,0.03973172927179527,-0.13207169969670413,-0.08688077690437329,-0.07698583715743695,-0.021518920231078025,-0.10762147732810441,0.043047763838087096,0.13196684103576717,0.13763880911107426,0.03144504876474994,0.09758660487395433,0.06604676460265296,0.06863027869987973,-0.08734888025496283,-0.005810901827593215,-0.1512625029397263,0.09509117561886196,-0.08843782944731268,-0.05832749835540015,0.16665231304982828,-0.12308375527102526,-0.09071640821964728,-0.15269467475581583,-0.010392571562664014,-0.1595799813779651,0.0854071564088483,0.10295061741875813,-0.01524532798440639,0.12459514129631331,-0.1448281188523188,0.17270163029841082,0.15599201503471383,-0.1504228648174644,0.15249371598009667,0.048122884115619734,-0.13491831140894575,0.15435323603648518,0.10434086975930482,-0.09158164138011601,0.008323383683730258,-0.0829958806277216,-0.1372213704560882,-0.017347254269943213,0.15866889066369236,-0.0942929057940111,0.09029044715703957,-0.021006280263760828,0.07524599629326635,-0.10383797114564303
0.06642249870407316,-0.08965499452734003,0.05287540740693644,0.0647700246065364,0.010373940295679718,-0.12314852582369933,-0.06554548317493666,-0.009956586054114985,-0.00906288956368587,0.0647041039240563,0.1503739393517366,-0.08974185929349439,0.08986084447762228,-0.12035947004987456,0.06720699524607987,-0.12951136450181944,-0.03917835633937803,-0.15994346232834566,-0.08613929799646788,-0.0943921373605951,0.07723255297550227,0.12168672220729258,-0.16012794158981433,0.06954690651980068,0.09597479054915989,0.14083540197887406,0.1159226893409627,-0.0098470505087421,-0.05927019402642435,-0.06960082494660674,-0.011650855611519476,-0.08244071671236265,0.027249540134346998,-0.13891918092031458,-0.04078210150436835,0.125476263290938,-0.04409914434778543,0.09390472403339943,-0.02794228835453918,-0.043061179767265104,0.1726466309123619,0.00456882718860455,-0.1400444184104709,-0.13911747759701115,0.05366506692000921,-0.030976929051226627,0.04035075315183442,-0.08329344318723417,0.023235522897460035,-0.07941155904678525,0.06406625560991012,-0.03216644883240978,0.13706689315013998,0.011784413848667066,-0.16666575281021617,-0.15492130253211348,0.1510533849171776,0.11695508287541204,-0.0009941695879539267,-0.10236073822956965,0.1222936690286857,-0.018328101708576298,0.051962020990644384,-0.06789922256111514,0.07011348046105485,0.0576019884136277,-0.00725697821771238,0.11241198560429773,0.06872424582524422,0.006416517593481272,-0.050636623192307315,-0.1327261492512736
-0.002222675292667827,-0.10502704411815952,0.06602665591776205,0.11233833369626532,-0.02681943190870714,-0.13685973344590296,-0.0882706452212287,-0.10103205141769395,0.08790594707377279,0.0957892510225651,0.07436801749418998,-0.0022269967494977145,0.08467741878565632,-0.06376828494381534,-0.04086374508870019,0.12186864630883038,-0.13186902701281958,-0.0394073702927968,-0.10774442486901802,-0.0759216370539926,-0.029755983443724317,-0.1144026370264369,0.15316028601694778,0.04209482355256596,0.04599259371898536,0.1208763641528399,-0.16042533450424112,0.007500131278787256,-0.1520112920064224,-0.052915958514768976,0.021897658019510026,-0.06861349625176703,0.06984047093398915,-0.07132903577672992,-0.013455806446454353,0.06823155299618555,-0.12728878543449884,-0.1205675532110779,-0.11105955557634208,-0.13359253189188827,0.12357387488060181,-0.16460628261743207,0.044265660635464034,0.15369615322159008,0.08446294470775395,0.10552453295299004,0.14950602823581233,-0.03658470662696422,-0.014429691212140288,0.09779816401015168,0.011556430228029138,0.061938991056231296,-0.13111731896441908,0.09081839493689264,0.1148395163019223,0.11146830612533465,0.10117060010562584,0.0012027758120734637,0.11559194831359758,0.1589725409297376,0.1489114186683611,-0.06403101299129801,-0.04451619115187336,-0.03789297836964196,-0.12400144010846524,-0.05007855681013689,0.13335592298419685,0.0892936070058255,-0.013575731071303708,0.11901822213687878,0.13939537220645823,-0.06333232402206002
0.0292697194090254,0.011184416575774257,-0.14789709716629612,-0.07537073439150271,-0.019093339775536473,-0.15828884814238212,-0.05614678136476916,0.053763980415029076,0.050936355303952414,-0.07322831061162796,-0.023034833848322778,0.13618745301625373,0.1318831520925888,0.0020477697334920944,0.10097801563935742,-0.13430874332401024,-0.10118050107202659,0.13337676904564186,-0.15142307612991174,0.10022129278021563,0.12956163696388442,-0.13034808632540576,0.11791112491713245,-0.05373447432102271,0.008235387891394736,-0.007321880912277403,0.14772340961961938,-0.11540345450372605,-0.11157971151562522,-0.10221190464801085,-0.17220542254101529,0.0978355794846892,0.12816667158193598,-0.06507314521912441,0.1132241525147744,0.06769662631822135,-0.05504988635679537,0.1156064007666835,-0.09793853028752271,0.1308878857196469,0.026726355043887533,-0.13849079548189058,0.06253222552687725,0.05753893809176798,-0.12083106477940525,0.04781264861764969,0.09949512706233012,-0.07364242965567985,0.03931189786565295,0.02538314281050008,-0.0969274556603413,-0.07613628296386886,-0.07233547236179039,0.09042173583777414,0.07265069962172344,-0.011482010766598867,0.03689335185933797,0.06480427960798603,-0.11980576358224276,-0.02242735005638188,0.03113674519553111,-0.03968526382025246,-0.07976692909349621,0.11497897671620791,-0.09404692749107368,-0.13774195496050817,0.04087803770225588,0.01564719087414378,-0.15098422548031049,0.051950543992083334,-0.010137926422561784,-0.12813187209715463
0.04995697295226976,-0.1465985466752848,-0.05261989992018765,-0.029450491874742708,0.08200753175695724,0.001455177954064017,-0.03039855118576664,-0.05643976050160456,-0.06628849370265673,0.10551763994314972,0.021232297141241103,-0.059057651763851936,-0.058183743400389565,0.021636154177864346,0.1644250721561127,-0.1460912701606139,-0.16534437278515426,0.004982991483824484,-0.015271185319585828,0.06158471873697325,0.15423551626557044,-0.060816630319756565,0.11564526910090094,-0.009696404332806441,0.030206296603711037,0.07338666447991275,-0.03969973719579613,-0.16467760089227768,0.05339468949892917,-0.09685907529113223,-0.02658542988479064,-0.10611019070649165,-0.10613260490232772,0.166209725936162,0.15634466859330345,0.10575007936292063,0.16182886868903115,-0.07318963403950464,-0.15053750698659824,-0.1419924038731586,0.0014678699519345985,0.06725812488264109,0.08724955985275254,0.14859491562831473,-0.08345010287904166,0.16607277556730807,0.02740740912006431,0.1434869504631213,-0.057326786032458936,-0.015028560648351784,-0.1420362611713608,-0.09724035527527693,0.016184664227650365,0.16381867799066993,-0.1567709797558743,-0.11820717042152405,-0.08701233874915389,-0.11319207132197412,-0.006775041936180178,-0.09865079080182466,0.03056728955513798,0.1534517081789806,-0.06144410545737033,0.004401451572240733,-0.1717627284398661,-0.05334304211131816,-0.12069300400704243,-0.004664912277859797,-0.03335907253409286,0.03959383088353339,0.042551174349413454,-0.024057519826629646
0.06620563808021512,0.02404730726701298,-0.13990041716031626,0.009043434458337605,0.13668703593953832,-0.019740877012051596,-0.13319758250480349,0.15296188321801601,0.050846673331500336,-0.1487308993860054,0.14703510513788134,-0.10660027624473244,0.08200586107735709,-0.0867012573282639,0.010281239472215062,-0.13821233411788353,0.05701999144401759,-0.11700824965607562,0.03528687942250539,-0.11063919820535878,-0.08002827413869888,-0.025060400615953587,-0.032490962259282455,-0.056422703279777185,-0.16960603306934705,-0.07036000847862597,-0.14908989154561256,-0.14351424924196812,0.1356125286803473,0.012212015056404403,-0.13262803981765717,-0.030258293823299337,-0.06022794041850261,-0.06262484278295331,0.11383094200842385,-0.016116653756572865,0.16691530701416735,0.06841376291655948,0.09885978817709162,-0.00767139917403364,0.06697871977004884,-0.11261914271521796,0.1403049020686498,0.10356338417935416,0.08195868990764732,-0.11481440513608615,-0.13999216545945223,0.024732270647239162,0.08941869323829653,0.13978409441207407,0.11563733522898466,0.1507436648026679,-0.11810326268253725,0.03697064467553049,-0.0961696219904375,-0.02244546385241111,0.11044861306854459,-0.019869668255366967,-0.08274092107533924,0.05716906240249259,-0.12984604745123748,0.0323095698880241,0.11062510393362147,0.10059945813780527,-0.134397203523465,-0.05378030085482936,-0.07021591667865482,-0.09312023826983937,0.08944610809876213,-0.1710049680902665,0.16138158987786602,-0.1518102219381585
-0.11338268056998817,0.07474176204488742,0.019215532112737736,-0.09442702109176208,0.13230539179018633,-0.12202458628111688,0.1513157634301883,0.006382854745472512,-0.06298758332743462,-0.03391502989763267,0.056099298680052735,0.09712840519462353,0.11678406062947531,9.042544367747406E-05,0.0634396980361314,0.033302988560256,-0.02741312318538369,-0.04466630160088236,-0.04725033963819478,-0.005521951425762931,0.05921788802182317,-0.1372509465044299,-0.05967517321528963,-0.054660291560596944,0.06153011667234821,0.032627689687202734,-0.1196926680934365,-0.1136424883166927,-0.03803148690656784,0.12056959695393267,-0.1384420563768316,0.003828602565786301,0.08498158321233677,-0.01919683946990473,0.008651762116789566,-0.0414783279438037,-0.01709493687048902,0.048875542659016565,0.019268656756814002,-0.12432865589482096,0.06727426768064361,-0.06427049099866362,-0.0647319772374643,0.057008460119910134,-0.0709830117057309,0.12610274867794807,0.10503263607637175,0.16892840938177156,-0.00983146181442705,-0.011885852841894673,-0.039433012120437226,0.07577253069589518,-0.02417291617102148,0.12893627058951226,0.10641356479409787,-0.13941687748182846,-0.047902515765177046,0.11436249785174613,-0.1635069968662387,0.15981585351119162,0.09652687340503795,-0.09837517482024966,-0.13070972803726355,-0.07534538672358136,-0.03439067737885051,-0.15371909272007303,-0.11881993030136026,-0.12077006487334602,0.07024615910608968,-0.12980199080380667,-0.053949022813376095,0.07312863577569607
0.05969489934597282,-0.09935371835232487,0.14077371053836277,0.030171178328594343,0.11260520815257011,-0.04188662623318647,-0.07440937113885422,0.016253364390048382,0.15925406146733515,-0.011155155196434497,-0.02384308166232374,-0.060857384225661164,-0.104679909908715,-0.025415013153679174,0.1017302711966381,-0.14346226323302,-0.09478271618339242,-0.032132638694919696,0.06366467541720665,0.12133015197170735,-0.10504803538945433,-0.1622265987606416,0.03821592094165337,0.03380692875465389,0.10163143728400487,0.11351355766135254,-0.11498006322351514,-0.1167045132531273,0.015611465595835943,-0.12174050519294356,-0.1178977751837406,0.14155309388208207,0.07375959188197291,0.15371440306128575,0.07910149902467124,0.010962889219387881,-0.04872733746392764,-0.0644559793761479,-0.09938492485619989,-0.15526356425258292,0.019572690712434296,-0.1393036246934781,0.030340902009650755,-0.12300963762035905,-0.02971054216127972,0.10232800169351862,0.07244552054189587,0.10846880570257803,0.019374193635323486,0.17242615641485157,0.07484096788021634,-0.043906334723523364,0.10121708615337659,-0.12874548039351744,0.03904464786534633,0.1370074108271642,-0.007048971457284149,0.10868825637469887,0.010007343550437926,0.1218375738923332,-0.11511414716451802,-0.10847349651145141,-0.07190047491291927,-0.08124030389128575,-0.02647076413427899,-0.13207368347452617,-0.002933008011460132,0.12187826955582592,-0.08131761690883386,-0.12916345496989148,0.05891437344042169,0.1743580776691559
0.1000452835641375,-0.1575512876883506,-0.14124063317693009,0.13437504524934646,-0.0013777696040116318,-0.12165448530788965,-0.13526036985354417,-0.11356387281331803,-0.1765426342956967,-0.1085093073112864,0.04908878268797522,-0.000927012833369705,0.09597010411967649,-0.09798460164909104,0.04513961950163845,0.002923166331245455,-0.12091169929754703,0.13705080970894898,-0.04478445870696317,0.08113630796949198,0.15165773662215445,0.05440188853742571,0.0069891431745745525,-0.09615583891476194,0.15245373157089176,-0.1400709798756469,0.11466732479378439,0.1674211920509828,-0.05063551807187083,0.13862048846324776,-0.09321317272609646,0.1491894127668342,-0.1411728334409826,0.14966562832027455,-0.11757835243353629,-0.12068116198384421,-0.07138500306953179,0.10091294336162174,-0.06763809103732718,0.005467227454104731,-0.08823199667501541,0.07487354767266219,0.09594658998758061,0.019940591397361915,-0.10158264394300213,-0.07260401262496975,0.01245325606592422,0.005296159305767489,0.13706500634368762,-0.1352213698297288,-0.015388159349992438,-0.05515648062947999,0.10407585218052635,0.10471606660893515,-0.018650966173689276,0.13547223152921625,0.0007139374920414512,-0.14674926412903053,0.0573048975108478,-0.012823712886275783,-4.404056508442636E-05,0.11191632754229483,0.05602900632049645,0.09379445364897324,-0.09302801756248504,-0.005921689834343152,-0.09333970437575986,-0.16833960107192633,-0.035528641961142124,0.1117678785312659,0.029277571342787984,-0.10349418094521733
0.14099193421769515,0.12321372483249421,0.12311147451863877,0.09407588824350124,0.04755036209154656,0.1556637924976648,0.08249616918246531,0.12650241879674512,0.11849214177526791,0.0013306379010027416,-0.14936334231201218,-0.16784754293357362,-0.08422686664429858,0.011396678569387553,-0.09060597834611916,-0.1493062866537467,0.10156604748247396,-0.020239419508229682,-0.08643683779425594,0.14433095785816377,0.03414473820027774,-0.04061457968443981,0.17065168610660067,-0.14001037885201975,0.020148898979131136,-0.1371745221900697,-0.05393878336036836,-0.060812957556525,-0.0741102983540671,0.0857696530321509,-0.056653656863953517,-0.025800704537761638,0.003338905244164291,0.00940711475104026,0.04057103568002638,0.05073329432001132,0.12603206369525133,-0.07972174745612352,0.04384111329842599,0.12057300738790441,-0.033171534770423186,0.06477252961405888,0.016798789096426077,-0.0010338283758905527,0.13356348759131448,0.11050844456876398,-0.019217094910462487,0.005655316604276979,-0.052732465554348525,-0.009317352581064756,0.13217398690188464,-0.035213964213579654,0.12816079417909407,0.16591713719554077,0.1323657585064648,-0.12190573890672966,-0.14632576581633985,0.1415695822148547,-0.07931530337628838,-0.12360645436969445,0.07126627271885409,-0.0406429212223158,0.14868101303663142,-0.019504484867062268,-0.09306097395142632,-0.15327569007428438,0.07202665442939202,0.07057441108219084,0.06266959855139308,0.07122285862915403,-0.031658818983612655,-0.11973893161982171
0.11207192190397157,-0.0002753805302922766,0.03963854667606057,-0.09603305289478828,0.02387283530195333,0.1379719807073025,0.05786490169329134,0.16433837202605953,-0.020619435350533486,0.053860858503927536,-0.13831921477212558,0.15749596823292744,-0.11094746490280259,0.10143428943608078,0.07179977711787165,0.0879474764407911,-0.10196733863394339,-0.11792579094768008,0.0673733444978761,-0.14427008849712297,-0.12259212413828513,0.15132528219551297,0.01608159478936227,-0.07491325602536354,-0.03252524997848903,0.12261296644732286,-0.07218162105793374,0.05069052264193362,0.1166438687557984,0.16729929793337278,-0.08147736901037211,0.10003330398044293,0.026275152136174835,-0.15875283233883175,0.043852789527442364,0.06645012456632622,-0.0027211634180521237,0.11001032328355227,-0.09488074933305256,-0.01898603593185087,-0.1408633955962992,-0.13726642080285345,0.17300844822261807,0.035624693367862406,-0.09859628158333972,-0.10612364033769296,0.09562435293912201,0.08906143437566262,-0.044623270115282145,-0.1351511266097545,-0.10820263428459136,-0.10452920552442213,0.1367056517854519,0.0804644415623745,0.1596788252485157,0.13998058946749722,-0.16330631560950304,-0.01870368858732714,0.020973602688342228,-0.0032517665627659225,0.0029003768502201214,0.00765904607470656,0.136848691338,0.11138732668226198,0.11481334993242304,-0.02742687748375711,-0.024165405154369244,-0.08794583567933696,0.1408105350992427,0.049825910882298485,0.11032763900689656,-0.15377228184473074
0.1033227581940868,0.01395270776790715,0.13150107855196375,-0.053574983392113786,0.13481525734119407,-0.03415875812844707,0.03546215748503605,0.016248747088802796,0.06506406785752106,-0.06276885761641396,0.14679939288676722,0.032024277920746115,0.14421774840181423,0.06482497230598783,-0.047404471481274545,-0.11604406625467917,0.12818871721854455,0.06916946624632153,0.07622543900330543,0.11446538662053939,-0.08791554671881342,0.005656390796882199,0.12395531140808133,-0.00553154542869286,0.052333326233102426,0.07812932335579933,-0.15015339447495102,-0.14675322611405137,-0.09089998079747305,0.1399094299563444,-0.005672741026491515,-0.1651079226405041,0.1574780364857061,0.05803411698284467,-0.15344273918204296,0.008537932902511557,-0.16406842185010426,-0.12252167154247033,0.11248036389580686,-0.059681586014610585,0.15400478719621433,0.07298738425653278,0.10533266716895004,-0.1606979278730956,0.09023504074180907,-0.1115983867892205,0.06797921685138883,0.03260124188743196,-0.015547066127331335,-0.09722389954593252,0.0020951059717755063,-0.1126152199500615,0.1253856413933071,0.15796035467602174,0.15142046011508697,0.032571244799894226,0.08694895955270152,0.03342182017422165,0.15493319873835443,0.018714213703716266,-0.1396292855663629,-0.12150935421765353,0.1606027745522674,0.15869495479498033,0.1673315140557193,0.05790222730416451,0.12786368575203244,0.10776020256060707,-0.025376560771250504,-0.1344697140804053,0.16211557707738827,-0.0647080959511845
0.13973391636190755,0.10507765882619853,0.09410518383643836,-0.14372146882936884,-0.045897775938148505,0.022095850918565772,-0.08353089943003304,-0.1326111639413779,-0.046979924825307634,0.10886773938414541,-0.047067232723830635,-0.023200482364491397,0.07930690508567453,-0.045021905362648086,-0.12493658229231332,-0.1721052756231156,-0.1485765323654193,0.12132819096372979,-0.09096547933323475,-0.1030741681242796,-0.09187127726015026,-0.00929122910684746,0.005170010266482373,-0.03479468455634517,0.09781973661599908,-0.0689395081893715,0.07611141289430133,-0.04928028117024593,0.08658082933699403,0.008411719553574663,-0.11250010358979132,-0.1156698212543513,0.05742389385269808,-0.051678876832247,-0.14520336225271455,-0.05408727137310205,0.0007072798435100599,0.12556353271541051,-0.028894408585173798,-0.1504598466303694,-0.1641879855794928,0.07780130027020696,0.02776942098049134,0.04289621406557647,-0.0027842925631238052,-0.008628932647422382,-0.13938629116350285,-0.001688011749376509,-0.08211394379203356,0.07678031092544987,-0.014812750696692596,-0.0031230776995236536,0.07569843706894432,-0.04655004136880454,-0.022794227677803147,0.07744396095069425,0.13433861393775623,0.00637655450573144,-0.10056198451229602,0.07463780034618919,-0.17136587731388275,-0.15911638870491138,-0.06461216178646509,-0.13106862474268854,0.0967359523830987,-0.1361571576106349,0.14574558404515978,-0.10155486514492044,0.06981732051774583,0.09753885087526482,-0.054722581019096626,0.17249765036086953
-0.08367050970342886,0.14904079375702828,0.11452774379783659,-0.1348904895539855,-0.00011948128468470993,0.0060799596428427445,0.04674362983919859,-0.015513014120618363,-0.03658325657161842,-0.08806742576737155,0.1515152792855278,-0.10439295075880194,0.05217574450771506,0.13560189129967903,0.08520437361668855,-0.08213259675704236,0.08585795914121513,-0.12084421137269603,0.06986143824329608,0.09206918501006192,0.06328844682461177,-0.03865316878630146,-0.02494544579700964,-0.11760749509361808,0.1369452518361764,-0.06277655609251981,0.026546932670801493,-0.01241242218715331,-0.1232186990379292,-0.11352114181541213,0.13095800357391843,-0.13602349645889572,-0.012062836414637311,0.06188700253113951,0.10508380938602252,0.11729404984929752,0.16805627775599075,-0.10761839143764015,0.03947586662833926,-0.010482786511370752,-0.09870333714935949,0.014628170226649683,-0.09488056691009596,-0.03974141192409109,-0.1601676571316296,-0.029915345735224325,0.060885724803051454,-0.015626152187487943,0.06802149436921977,0.025497326132811055,0.09257254498441883,0.1120590609962809,0.09399752223976794,0.08807071102716549,0.10608817381907377,0.12172203667670553,-0.14256941391141542,0.008034446086705246,0.09896722441859565,0.10776862514242257,0.03166312543681526,-0.006374813730321577,-0.08156549571706304,0.07533757665931257,-0.012522369580950021,-0.11302069512175296,-0.14077529825342144,-0.12435601253798745,0.07626076595561851,-0.11994340211190957,0.13113686088602844,-0.06903140185392091
-0.13239208387725124,-0.15350311166334168,-0.01652283902412448,0.07242982469487959,0.011553854048119584,-0.1152872286375182,-0.07755775191397037,0.12288539509744306,0.09603017106396593,0.12313385676935772,0.11793418043953524,-0.13944684125882711,-0.14124607993493768,0.15923793700717773,-0.061464614986426205,0.13961714461512,-0.007995392357553036,-0.03394242179939134,0.002248210885420845,0.05630425225126811,-0.03568830697979759,-0.16157923556572296,-0.15957656636003972,0.08711135036441138,0.15228092760143838,-0.14120719220042724,0.06626473861640726,0.005084978071236053,0.1483620253747049,0.15796120211606698,0.015501763549907475,-0.023679165092806417,0.09306613416558855,-0.1619008484487218,-0.07436090612425847,-0.025192477653956498,-0.10496604197162937,0.09911591011804913,-0.11783730329178702,-0.004460594233006464,0.08511659113978225,0.009150787789860738,0.014445771784326378,-0.05805154982125173,-0.10576656163730952,-0.13403446106144604,0.1097679297916644,0.13485978231962328,0.000686385985041948,-0.020609496455105156,-0.1119944275392489,0.1591982454814238,-0.1630549680650807,-0.10146532126779488,0.10137079609733855,-0.0721798613514557,-0.1326853233938027,-0.11783020965311375,0.09517803102160025,-0.14980311248274272,0.08782964804729614,0.010812441543056314,-0.013756077537401757,-0.022419455191620693,-0.08853259515271537,0.10801541466825246,0.08407051355655357,0.016225859987487195,0.00697636217692164,-0.06823750136803679,-0.15477395181412446,-0.061804410424581846
-0.13969791051369487,0.05644108981009368,0.06290692653452454,-0.03711446147030077,0.12126805583910982,-0.012989350893736134,-0.16578497693291466,0.04085257769182785,0.0031489980378047134,0.12663040588803154,-0.06365997195281578,-0.1393755858162041,0.14746384564838602,0.030709018777544044,-0.06639239161142677,0.1589315277456229,0.07623342751650249,-0.1372514792869421,0.02648007026773059,-0.1375799577511358,0.1731294530543122,0.12281016800291232,-0.11067267606451493,0.018615612323845305,0.015439446971266183,-0.05544073606359198,0.1241673021882813,0.17502686620288258,0.07956512558013491,-0.11822524983719707,0.11886140569427116,0.08334578054359139,-0.12119252161825783,-0.015846116375880986,0.12118205833677713,-0.011616851053580237,-0.0319056701879676,0.05827747252225999,0.10830598067759475,-0.025608383246753807,0.008089673870871365,0.02811955407658568,0.1529783852585218,-0.10051294823509582,0.04456741793643929,0.13761579408006394,0.0054728995961931684,0.1039564919952801,-0.02711452555229424,0.06305290416566148,-0.1318613323292554,-0.09148063460680612,-0.06255071674235721,-0.051762370367846436,-0.10167594897816873,-0.13399723670509617,0.08165183225221379,0.03148221929851227,0.09333926767096144,-0.014500504174812289,-0.07128182455154247,-0.1697854378566014,0.10739486450801088,-0.09887991370979075,0.037152839231015394,0.15034465322385512,0.041797305241399324,-0.06685884939048771,0.10493428703270309,0.15927723921458334,-0.011236102167989896,-0.1538826453934461
0.0980759880203266,-0.09011445112542674,0.09297904057741674,-0.15961921150157263,0.15279521154961528,-0.08035100689281896,0.09005789705784323,0.030381091583391525,-0.0497653918542476,0.0014607619389169118,0.04409155340285446,-0.1309831739343508,-0.09581627337602758,-0.10673303574779795,-0.09705057137344016,-0.06486874600497267,0.08569487271337708,0.15489090791180388,-0.00476260688755213,-0.13574213924912623,-0.15610509140588724,-0.019601852753069055,-0.11531320417465922,-0.11344959226282156,0.028752428604771896,-0.10632065364405249,0.08517857817404184,-0.14073687351813746,0.12791614728438688,0.14646762356179122,0.11638921912879242,-0.023913808108699617,0.014198357906003309,-0.1479249228711929,0.09224953967660102,-0.11806049099205897,-0.16249284857066376,-0.051952961220471945,-0.09589483488111014,-0.13460278200739073,0.10150450828320767,-0.08478583980370837,0.17080498962911767,-0.16186833000200507,0.09159994547771674,-0.11275685801364593,0.035946497518076444,-0.09012381045629768,0.03617761425175462,-0.06732290021649587,0.10235827110570571,0.12080039192807121,0.0193281106328132,-0.12890017758424,0.07164225248958483,-0.10173559476040368,-0.09249615650969754,-0.14972580367874525,0.0499423201851068,-0.009128013588121103,0.08772438546879147,0.03878855959122377,-0.0175825366422084,-0.08439207790533922,-0.15793818976995241,0.13482346208537752,0.031143948005535962,-0.09784528332639678,0.1069862508341737,0.03786701511292911,-0.13290166777120252,0.023147297354734135
0.11685598334178322,0.1353707106961916,-0.15331922576098198,0.14407762938034194,0.03283199513626296,-0.1274799408234062,-0.060985975277261406,-0.0678605133262833,-0.09552504640439628,0.006473413762737979,-0.026742810048442013,-0.10161967043965907,0.12344454869187368,0.09564510684303883,-0.05813282793893739,0.08087823718690573,-0.03412787043080852,-0.1475045628526663,-0.1253404451753353,0.14697501937669116,-0.02635662615108559,-0.12979920033297732,0.09881856759057428,-0.056137677902901514,-0.08574264332429053,0.06555612286195925,0.032034380910806966,-0.12308000115404408,-0.021423400082148977,-0.11941399556632229,0.028669657235576067,-0.05478464659857497,0.10887529399739894,0.09279402359935701,0.03137789304341296,-0.008255931266076459,-0.07495407209307325,0.026127652222052197,0.07950913869435637,-0.09393508240275132,-0.019129621715491197,0.0556574372405164,0.18110969157812318,-0.028047568698148447,-0.14561400065318134,-0.14198059939822683,0.010264292274012411,-0.0263307341128113,-0.1629955288124211,0.07295033959181109,0.06461096786597047,-0.14887039264489832,0.09362604823216274,0.014189465248584238,-0.13488525980574143,-0.04343750461956504,0.09217556982096178,-0.04751726819734598,-0.07136546784385835,0.13622664765952824,0.08671652639176525,0.11775419138089362,0.08903946344005353,-0.10253652923608457,0.057200456478987964,0.030959307049205253,0.08569951038972419,0.006919024027325761,0.03249194697382679,-0.08572612157980859,-0.14692082227229297,-0.03785505186019793
0.003559180492706862,-0.01750346089490601,-0.030510763631714975,0.0565540936330885,-0.11286341358433453,-0.1552714659264517,-0.10078174541608277,0.15096880862896964,0.14418107241856679,-0.167752029769713,0.15789331622715314,-0.08229681904036965,0.04044301100476375,0.06226999503015504,0.14729606917621305,0.14983096908869814,0.06252213975617163,0.07454402646904601,-0.16592371061459507,0.09393615266782682,-0.02073572043491945,-0.008408133267429787,-0.15796211501249158,0.09487538070379355,0.06308758397095887,-0.14759831589303224,0.10229270513860853,0.07711818666736346,0.1609317371360585,0.11397019248490259,0.14546604573037802,0.053222824201449685,0.03940369040321791,0.10305593119525285,0.14199206954161545,0.15970502688861427,0.07308633964103374,0.0444755925346529,-0.07560754576521153,0.15799120798990665,-0.06627696221876131,0.08550295227318781,0.012472717822896724,-0.12805888583837116,0.022720229077929796,0.12835749742518057,0.06375244580015138,-0.01568190288201759,0.07945009906607438,0.06086856880486536,0.10402155488670907,-0.16379761540638413,-0.12384238754972592,0.04506522052190256,0.02225112252387946,-0.13768279553876436,0.0105720339460878,-0.003131226867892682,0.10645265257962037,0.048507054497992926,-0.018945857838701754,-0.08033003235247606,-0.10689555572743997,0.1308137675275257,-0.030111788018554058,-0.15410933183389147,0.02497140023331199,-0.09319161188475276,-0.1083093627322847,-0.12656177632363155,-0.028244316090768846,-0.11953811355938686
-0.05230889360799308,-0.08448203657798685,0.09437684056515604,-0.1384469531254833,-0.02251454339828724,-0.09870956395499818,0.0886737857985162,0.06065396173468526,0.03376328517619073,-0.04354827786045429,-0.008892463544073753,-0.009702419950820022,-0.04516056617491124,-0.09106630337025255,-0.07936238272089048,0.0015625181507060268,-0.16306942786209072,0.168976955367818,0.01737229142815741,-0.00759393835760225,-0.11590014661670178,-0.16157192229780618,0.18657354097571163,0.04850161228560216,-0.028494940624999836,-0.03196268890512531,-0.09549956761508915,-0.05294348791231028,0.1064026954169921,0.15550972833034632,-0.11809511253260424,0.07962448072065104,-0.11410491832084932,0.035367544366016364,-0.05956980465660337,0.11262310811027007,0.10419480608866016,0.13826991910850223,0.04847437166309674,0.05037634159035198,-0.07340410096113506,-0.10632326078267823,-0.03954991813550195,0.008123343654144456,0.12750385259023114,0.13857926301636045,-0.021367189553581654,0.09056291441649614,-0.055756531720258115,0.1411863468056281,0.04306484741839278,0.08095607711854638,0.08190639982339908,-0.010396006791398477,0.1585449401140489,0.052225980675705365,0.13161223265395827,0.023996839472070864,-0.040093654054199325,-0.06055455902459688,-0.018070313538611146,0.12552588828927239,-0.11132308943494443,-0.0682298480395589,-0.013060497323738374,0.06703066912680523,-0.12023416101014026,-0.13912712049849596,0.05936424964203738,0.17039854066619414,0.017674687699274775,0.11346216266299577
-0.16081635967538302,-0.09896416180012829,-0.09331382042573114,-0.09538264818593149,0.015874249886597316,0.03237019099014404,0.11601297662332433,0.14684870628495172,-0.1470004238843154,0.021153535607477576,-0.07550501725086729,-0.02621271247079403,0.07178492963309036,0.09159420658730714,0.1364199476300929,0.13644232447997834,0.0958725085113223,0.10016362592363011,-0.07865970667567095,-0.15027275924920336,-0.011767285564597336,-0.10325450255727063,-0.18307324024736438,-0.08428279286962816,-0.07272100118495305,0.11606223753493915,0.16904641998740003,-0.09719730936056253,0.050474188061599735,0.029898436169598114,-0.05216967048601845,0.042288427766751374,0.16983773612063635,0.06931646937438667,-0.18984284619309932,-0.09539243744856765,-0.06276064394413879,0.0736801450393423,0.06990248222299754,-0.028885579688388608,0.1254663817573883,0.05260624999322476,0.2008827817973588,-0.0797382050765732,0.10329768268333302,-0.11267877367343775,-0.07860080029185111,-0.05900190865676996,-0.07906692829771166,0.08688262480981913,0.15074839314517433,0.17722430402311498,-0.007266444572421469,0.11209517231688099,-0.12850840271403416,0.07112443009923386,0.05003393824626451,0.17331512915044373,-0.09036429326722767,0.01367393670283556,-0.06076056755738856,-0.08084954198479012,-0.0043345355727023764,0.16732054300712293,-0.05199373397464656,0.04494446499184826,0.0522386420787304,0.14195514547689383,0.15375748939963885,0.03732563471928005,0.15156838480664028,-0.09650866251843827
-0.09095767647821197,-0.15397935370672622,-0.14494299689862403,-0.09496496033162709,-0.15857130885547435,0.12308406082119615,-0.09725888899392676,0.11766448721334506,0.1679573699454168,0.016441357845942358,-0.04841498730765695,0.0034071204403040138,0.10923918397113541,-0.1074056738773096,-0.14389828277759553,-0.06635778592350865,-0.15183448689883142,-0.049508605458531085,0.10910357903379335,-0.1133935192640926,-0.03632157173831646,-0.14056171596935257,-0.14605348393836004,0.023369404283751016,0.0013350386484371679,0.15734459399389347,-0.037123871364894534,-0.04654793846876303,0.02458070108873085,-0.10198118353352445,-0.1709296010992259,0.04895093150482055,-0.005288952480467232,0.10021869920400646,-0.11960236496484955,-0.09758395370701617,0.033833530382825765,0.16303138580571874,-0.1414705170398013,0.10239932962059296,-0.08528318311440233,-0.10092900433656185,-0.14856032589920795,0.02500507128270394,0.03538361403007998,0.010879786797359087,0.041718227256570185,-0.1562006658631719,0.12175000578217009,-0.0033206897055460343,-0.03822676225271674,-0.12558308103519225,-0.08117122566473474,0.08501329256134663,-0.015977673810150524,-0.06979360618831251,-0.06245467961352889,-0.04000817532937442,-0.09063303216859472,0.11252555319273573,-0.02827451044504228,0.16360914387018094,-0.032577984824505926,0.04004194923698862,0.12645327169242948,0.11524658125213129,0.0653916719647423,-0.08517989307871922,-0.10876668001059481,0.07318445983213304,-0.09832052161162914,0.02191101280528669
0.042016085221461615,-0.037227264672817485,0.16028094579594632,0.003822555092359457,-0.09689394084626883,-0.05829357234947541,0.08884472972069359,0.11054346242606916,-0.07741499670296384,-0.016513311079230444,0.17627393272901704,0.05685933778144034,-0.15955973634019766,0.09207343616549019,-0.028451485213722448,0.02702474427685569,0.04258359161146167,-0.06514032849575946,0.01266904774190594,0.1024528180271278,0.005112221242868724,0.1361611000087688,-0.11787542218552967,-0.15792266627495405,0.13450701448956182,0.1693042713518349,0.13066936605787197,-0.105505542966264,-0.04563292586033813,0.14959499574745422,-0.05269795355539044,-0.048383612095546084,-0.09243404054113706,0.09700414207413736,0.05654874375048618,0.026601730633446424,0.021275618995300376,0.030537047264444846,0.12419845793160667,0.07088416567857855,0.09750469000389592,-0.02795336193246627,0.13937721015311838,0.06146666634735182,-0.12575184869059894,-0.0256151635262486,-0.032579748032319944,0.08168110292056191,0.14512154605812147,-0.16509787323056482,-0.04543536709151868,-0.03166515238559012,-0.01877217432554512,-0.008561327352513762,-0.10749799962891296,0.09508244962590737,-0.12988864118417068,-0.0908444698715582,0.10029243730644527,-0.15147458922855653,-0.0729513335552628,0.07623273203331975,0.01471738508062957,0.13954207055840998,0.011279897599930543,0.15546330100153294,-0.007528141500794333,-0.08582463650819626,0.0007252361050101181,-0.1347576830549791,-0.10026431729959098,-0.0643716692980273
0.12717423281149168,0.1361982819550122,0.02950632203954803,-0.16118064412899652,-0.15548303402980293,-0.08174481214858281,-0.06443409760882234,0.08851314174082138,0.12401019988118188,0.05973420935911552,0.10613936474249083,-0.061656907149958175,0.10219479704710087,0.06874409458219292,0.08897003800741957,0.07766282532118018,-0.10390827634760799,-0.09950494042205452,-0.017585996257102852,-0.09250085264856085,0.06129515601223579,0.014057091484326161,-0.09058953342853032,-0.16477811028105238,-0.06308428297562742,-0.049809011280796164,-0.04093113401117108,-0.04867305891772186,-0.08631856362398178,-0.023509093273498826,0.0700420009993706,0.010089090441832772,0.11562878257934281,0.016901084090975287,-0.06877446180733056,-0.15208531645253057,-0.14425296214654157,-0.1263236591239308,0.046621468354845395,0.15684711653115846,-0.05384519946003853,-0.08268684045084354,0.16868692655702155,0.07977374880168957,-0.147627233933957,-0.02281116076667692,0.08865138602565809,-0.09062754196215415,-0.042912632768732695,0.05489868347098083,-0.006742019472574526,0.17029460203820415,-0.1653882441683645,-0.1135144077755652,0.08565659299690226,0.1534571221412163,0.03565420989435356,-0.05006464515539347,-0.09751119353124713,-0.04435435787633814,-0.021736831467408596,-0.15389909198795462,0.17377533905928252,0.10587610297372682,-0.08569612235273126,-0.1387715487172111,0.014467513736870644,-0.16846753375100498,0.027264859389615786,-0.1772440616673476,-0.038149983886611706,0.060073963999530314
0.056329423558842205,0.11975094894485845,-0.07939144596127298,0.14235799253626233,-0.10451793840314834,0.00797572313051597,-0.060621260518000646,0.004204494932163492,-0.02272344202339728,0.13750582788848956,-0.10270874954367203,-0.15251936002018598,0.03382044899375935,0.09951002343483505,0.11552643026566857,-0.061846047127283976,-0.12222332666075333,-0.1366533175698721,0.0021280268654000653,-0.08117200492579657,0.06715799183076256,0.06431378527311832,-0.12287929013098274,-0.057560820990417046,0.12109053836797444,-0.05644996803743267,0.06930177402369696,-0.023378961968452638,0.04004742860555038,-0.12170756228787646,-0.05586574699125437,-0.04466015468618248,0.11232458963281854,-0.013192449649112597,0.05644691220062269,-0.025576106984316786,-0.03504261921785019,0.13599495773478254,0.09434055663247583,0.1428178832031409,-0.11922780320920053,0.08228512976622744,-0.05460493755866757,0.1234333036388007,0.1208244528726614,-0.08869403764103297,-0.007017432310004456,-0.013610703455472004,0.09753622850646049,-0.12945278442426025,-0.04481653420791344,0.09383822977410912,0.08247789574483444,0.1609016745820716,0.09693500940012316,0.026936316035717146,0.1131308272869263,-0.11756345385084017,-0.01855202096988372,-0.06225809668775902,-0.03518112509167857,0.12286214695656082,0.054577569026603254,0.14069092246241213,-0.03323256997248394,0.024797187329493164,-0.10910645401039899,0.03845043931338282,-0.08872063471875988,-0.07822683652169657,0.12095418138408577,0.06523398407662283
0.11299692502708221,0.15664280370832537,0.022206684827194515,-0.010735611778000115,0.07053467864112344,-0.051986034058031254,0.05962164424073273,-0.055215669751401825,0.0646413668403746,0.06183500812205554,-0.03586230031899118,-0.08445055050243423,-0.018843735584594384,-0.15530329730607456,0.10627618703807727,0.034691999770247665,-0.01457752045940078,0.1330557967330801,0.02195594948764619,0.15198476419631263,-0.09778909310205654,-0.05509373733946281,-0.03068163469356574,0.08390166830744845,0.0999046379247094,-0.02126591550266314,0.1211082318426075,0.002619359541436062,-0.011406912418876938,-0.030774164712735266,-0.08814359277177673,-0.10649666644063494,-0.1001044504203058,0.05835584601815775,0.13796133452862194,-0.06276772883136911,-0.04098757584394345,-0.13827711818670654,0.022803403807049826,0.1022421217146967,0.031805962305541675,0.0025355298925557913,0.0064463507428313745,0.016466942055789587,0.016266066675253592,-0.07989802187127679,0.116516664995874,0.1637762266819506,-0.02826413473753227,0.07031239293809904,0.12109880583413467,0.1233450869499835,0.11356140441717061,0.05929012977138207,-0.07112263264167429,0.02811322123080789,0.12455909827245892,0.06050985182176523,-0.04080502165957814,0.16244748037067244,-0.09949275461303743,-0.1000365011905686,-0.1074066304033679,-0.009370020692423908,-0.11643908728289971,0.04181674605652586,-0.08459107785144708,-0.0786986363672427,-0.14247854294381052,0.12782174092439702,-0.08859125632793166,0.15442632726943634
-0.004861033817795218,-0.07413988486539054,0.05326980821691411,-0.08368458113356358,0.10819959189899316,-0.09652398927157717,0.054764665376641854,0.08124105200178791,0.07458925115537923,-0.07369498117333599,-0.15825513305872638,0.033147045906675165,0.04089769994726995,-0.07972451924302372,0.0840842288865757,-0.08374316893847268,-0.13500100214862765,0.10295758971736155,-0.010818412042614143,0.0924164632712749,0.05697284152706419,0.12960774540939396,-0.03706161933301395,-0.04478744748484808,-0.1592903860165824,-0.07084935928200337,0.032874065367072,0.13305382882936828,-0.12700546036781468,-0.022237513030665824,0.1459326235944509,0.08560739926816316,0.03568294893401803,0.16579589315681337,0.0064595372965068,-0.018724482865046237,-0.13599871170946143,0.0619636026027753,-0.025391065257898325,-0.151166063914933,-0.10691031211368487,0.06062015268105787,-0.003658430523196609,0.12867111499829612,0.15457535606100742,-0.148269562169995,0.15868893313981347,0.14650429669737464,0.1447623272380102,-0.04552690204247524,-0.09623538058148369,-0.030444331359174254,0.1469274529313748,-0.1653843705969755,0.13064066001653193,0.16333140703091842,-0.011335281671615335,-0.08422246320376975,-0.05461794139438935,0.11914959369659686,-0.06710015781743765,0.15631779693298017,-0.08267590015099087,0.043607301355433725,-0.041253159452285866,0.06722326687452027,-0.08283359553009015,0.06726252634125972,-0.12637378765459728,-0.16349310555873336,-0.036609270512287385,0.08205177453950926
0.04030364285955023,0.04169066836771818,0.029982494077088834,0.003106915727792476,-0.15531048230934086,0.10143617063419046,0.13525593172436806,-0.04192931441559837,0.016901053229993985,-0.038102195628363277,-0.11526527274518658,0.049748386899000144,-0.014735923349267597,-0.04255751830076532,0.036431650170964384,0.03560221400331356,0.05474864136818167,0.08843235365047494,0.10076572068347847,-0.09780766169257094,-0.015882397053182184,0.1578668170291175,0.16659072699575864,0.08083011604680898,0.16461680559149536,-0.1010157891376494,0.09796211577939207,0.06179174122099763,0.1283576226930509,0.005236856736536901,0.09984381059493509,-0.10640471554913852,-0.1714129453052823,0.05187084612882868,0.02273525927823625,-0.1443806732101472,-0.0497260440308083,0.15037575009372042,-0.09146120145488079,-0.008802687276771429,0.05892706568875792,0.050407543261180444,-0.05854585995486091,0.029208216046585887,-0.04596511397415683,0.14161546916155304,0.0015005376667316165,-0.019293353597964472,-0.05878176317489945,0.1644973484694959,-0.1664838383949811,-0.1493665905021128,-0.060151161039555597,-0.08859787566944813,-0.006957262007375439,-0.05109314135999806,-0.13964250588480598,-0.1015010387970833,0.1709415015152784,0.13454430742555337,-0.052081836374190824,0.045477491287601056,-0.15641989967080885,-0.04038863964567782,0.06158863564949418,0.016257162879387096,0.012871430592731475,-0.10641866710251084,-0.12426092564079366,-0.05901591967328417,0.0741857141912795,0.037098059966293756
