-0.018666722356839117,-0.12237940221955863,-0.04139978873025296,0.18912379346831149,-0.11172341674455616,0.02017840904747212,0.1717116951038762,0.06888679871658027,-0.0009307732981171243,0.034374441234915926,0.22254844167610693,-0.11556201175603079,0.28145509575999184,0.2549818222201723,-0.02333255721302506,0.2311326707007952,0.2286098407512153,0.15638266058912256,-0.09361962897562184,-0.08793553552425311,-0.08137148171851269,-0.03441772055536847,-0.02333596788664618,0.22725048125003702,-0.056780406952082446,-0.05212721024036526,0.05343784880250779,-0.0010395085614432103,0.21303645725606563,-0.04122325427732931,0.14883521607923422,0.005124991428657317,0.23379617389485677,0.21919127967547483,0.13666706482794372,0.06981254189697057,-0.08432366182718962,0.09746269655858783,-0.07521821274874144,0.0209318433531345,0.13209330842686312,0.00866712626873188,-0.05500102833400724,-0.09775215460503384,0.14844036908538302,0.07161462088474028,0.033774282285510576,0.01331828140684996,0.18912110465690254,-0.11637871229425277,-0.12042549767940089,-0.0625546684681485,0.030388823310834204,0.05895937550356468,0.24011677181545607,0.02145851350085078,0.17356566657042924,0.2479109695554795,0.2505149191846445,0.1615664290640164,0.01982139501597663,0.16416982611465228,0.09615811014930979,0.007621739515344763,0.250991306691573,-0.1090637264515615,0.1473143792807158,-0.05828697499598449,0.1821954369443752,0.17784704845662547,0.03734133676709379,0.137308500315411
-0.17149040551861258,0.041125442421272716,0.11178152346365362,0.12464440503598004,-0.13686786871141426,0.19609408845793214,0.1741159875185519,-0.045140832361684806,-0.04509848638659208,0.05987671591058839,-0.14816238592372633,0.1816453521211971,0.0619972275273561,-0.15054182496126306,0.19247356395310317,0.2182674840104522,-0.12040973412244624,0.040244490371771455,0.01946407349376108,0.05488198491934642,0.05019010628929971,0.03638220872774883,-0.17433861010718038,-0.042610259583326184,-0.18550283197978057,0.1665828937882312,0.20086039913513876,0.16713789043700913,0.05883163829145806,0.20215243698418228,0.17915201952622659,-0.03290564048094812,-0.10703466207425967,0.12369004829840716,0.1157784008115465,-0.020116866887727194,-0.01760594166926959,0.07946764447581431,0.0938802072362748,-0.17234607681860095,-0.013448815285158592,0.13907884798908962,0.16836077552746456,0.016243786526687724,-0.010774582042359888,0.006373187729884737,-0.07474690693102753,0.014687276326912677,0.08443649529905511,0.03884341358233458,0.14291027551832416,0.09050270464324946,-0.16383118093726134,-0.0002193423789811175,-0.18104202149328552,0.2017315630549881,-0.13195298949831724,-0.18410872963406974,-0.03781159739502728,0.02491602210970345,0.2121578986161718,-0.02861559090080097,0.18604956811876155,0.16349874048717206,0.21614732546793075,0.010992060364949513,0.22857207877746605,0.19669659739480694,-0.09031794916899011,0.03799535727858432,0.09963101060913372,-0.0666801359054934
0.07896319497853672,0.20230839507346204,-0.0747671123871177,0.07969957025441513,0.0637108317183466,-0.03917118103172526,-0.010249446002391806,0.1329098369022878,0.11775948073430233,0.18652448864864532,0.16576248619959802,0.03519007529064693,0.006214784631752174,-0.03304868177021269,0.18681818856238272,0.22189749359543345,0.24686265006317137,0.030215862649306594,-0.06893934553270414,0.2411062706692708,0.07026518828108612,0.048481729866646825,-0.19460069910212643,0.1256375320320415,0.17680061985865322,0.14975282012638744,0.10449297594008358,0.24671088959833426,-0.06550976709567519,0.016689723777181475,-0.1052848882703698,-0.004063969701320202,0.05756734631513456,0.0667113716465861,-0.008342457222451631,-0.11263306851279958,0.08179865298804882,0.14882831183775466,0.11101983572094899,0.18342644852607762,0.09338276618591934,0.10357508018713794,-0.008903084588711701,0.15057892691700833,0.320345332344771,0.19429698890568814,0.24244906984742665,-0.05307241433187852,-0.07322537119715002,-0.08675872052740413,0.24602455147854319,0.3030253129537192,0.16343975164850597,0.14681425914956397,0.09563619898412197,0.2851941585526118,0.07501740846261563,0.00021983540110539284,0.171456664400596,0.28138420156914357,0.10381868287449077,0.07631962723655455,0.10628457897629866,0.021036676540064927,0.03258120883875222,0.10623933714939976,0.16920228596676218,-0.07196764179170294,0.1767754112576181,-0.01393811045920154,0.11101826106756944,-0.06281712710406363
-0.14155710166505517,-0.26951387552419437,-0.008303594632533566,-0.10671464901660435,-0.24898358115952932,-0.3595342265460198,0.01916021867193065,-0.48122286952745885,-0.12402560283615473,-0.1309553153907193,-0.18491481647130928,-0.19192363485565392,-0.19067099025529588,-0.24581540255888992,-0.37418417527321407,-0.23905366286188579,-0.4540417084951103,-0.37911687297288765,-0.22182080199833082,-0.27604545272293274,-0.09862709385487119,-0.022039933013647827,-0.19300818587919796,-0.35618198064596646,-0.21024861200919798,-0.27984174964545816,-0.3196181102836456,-0.09638492130972624,-0.45778643345928044,-0.3415505025666495,-0.10343002237772872,-0.3144182698786948,-0.31640768108983874,-0.09305134355941998,-0.4040894260159208,-0.31754941587651075,-0.20209744092059584,-0.3879772551242643,-0.32283389743768676,-0.15899054504286386,-0.08433616920424285,-0.25724213975933596,-0.17027549600440145,-0.26098120243090905,-0.31727314625201414,-0.34711012383236683,-0.46106446717545835,-0.26162256508311726,-0.1506658995363487,-0.3738510118407308,-0.4451721459363454,-0.4238848256555994,-0.49382913066135453,-0.25299182285869687,-0.2906100821773396,-0.2995435193781394,-0.12113824295775259,-0.13425195588779867,-0.27682813169524145,-0.25510156359191066,-0.45420630109645993,-0.2553170990116889,-0.10339456456647787,-0.38434618826735534,-0.14420528830344817,-0.1325934002528393,-0.19799173254652302,-0.2574150876287098,-0.3980925690794437,-0.31707760188656003,-0.42203766157752526,0.07725695574094081
0.1650686525724071,0.10764903914130487,-0.09845142726423435,0.024461353429553898,0.3206831747456859,-0.020920099607264132,0.3098081340570013,0.14488043629140257,-0.027099499530806193,0.2919649524829692,-0.0020778966638491294,0.05946800106276753,0.012824065887763612,0.2491836652215584,0.13806369965622656,0.1505578297000696,0.23560285060138342,0.194487176942234,0.20073776015331354,0.09334439251182242,-0.012343645928790434,-0.012370176345932921,0.08696375158318134,0.022600335875289295,0.17919122571265217,-0.06196297246216558,0.28397148860800925,0.2847593729624741,0.28374904463075185,0.23651470699017513,0.0688124464326913,-0.020417667024704954,0.0925272351453831,0.0573512504814818,0.09420055715187478,0.0441181379462916,0.11399266930209934,0.2077638925488852,-0.04204763925747993,0.21881927667129442,-0.021609315625766706,0.0304817149065897,0.23336045063651856,-0.04465625931972323,0.20271995527552436,0.2755649955181684,0.03435192687181367,0.2621383454109826,0.10285061069259323,0.3153749520369006,0.013197655626279201,0.05460193383531953,0.23311130024616764,0.11727733127801315,0.24238342327823859,0.0241327210868365,0.04141655893135807,0.26054283835662817,0.2245737384120113,0.05302268614669187,0.2519320670886546,0.053352812538970666,0.07524525520482633,0.212778169337942,0.1149913001678139,0.29207706595212884,0.17798291390715654,-0.060373319833708555,-0.06219537518058893,0.1817306169548531,0.20088503658471563,0.2627220465386702
0.06392772392802915,0.12338972916789341,-0.06249077580030779,0.20535814835423435,0.052466004394649525,0.30609603145499387,0.15509922379511693,0.09349120380530414,0.03597942905994454,0.32727225688087985,0.1420235221644417,0.03727731943341377,0.13954299077492285,-0.06311498489533882,0.29790950928829396,-0.01687638045481589,0.2544276883142295,0.20598173622986873,-0.021123664287225626,0.02963022322220444,-0.003102166175968678,-0.013973609985866798,-0.06830616932155396,0.2939327754737532,-0.04828545316603951,0.15336637455766636,0.10705527471621488,0.31868231981424566,-0.0062938006403156724,0.18446074292210846,0.09355901863356687,0.10917603994331958,0.11178283668748366,-0.046478788441942594,0.15477983626984015,0.255992672440742,0.18889204866414072,0.06450151056719775,0.14599080046950993,0.03583317117081473,0.10337915417754223,0.04481904515730607,0.024558429270872612,-0.06320070430867043,-0.062334254773466984,-0.0028666444860330305,0.29631054539365975,0.16052529839314872,0.1954450758258437,-0.05752571379141714,0.09580570427497448,0.13782736628222889,0.06773359708291331,0.20796399258730822,0.18693173094843776,-0.05609334767981384,0.262751524440127,0.0774139276237114,0.20925365740040974,-0.004871827771681691,-0.08685816696236469,0.28905129176848765,-0.043500786611008285,0.04311563114458392,0.016244576551849407,-0.06838057055379955,-0.09384160093564382,0.23514801082448358,0.07067096538768351,-0.07737313575975864,-0.10043165655420262,0.0033542618930764868
-0.14587673176020763,0.17923538897435407,0.08566329590183441,-0.048030541777057165,0.0067037515145832284,0.20567988305980958,0.12870752780418404,-0.08086950598284727,0.10893925574814037,-0.049692354646294165,0.07615477938991617,0.0795714876314373,-0.06139634274823641,-0.019809239222133953,-0.07530637357852688,-0.006878472473576925,0.10608374932703336,-0.054142054995166916,0.01254263376160195,0.027589336527724904,0.02818564594845872,0.09054419963662477,-0.10174805905263053,-0.010015004287556724,0.26589660646104,-0.011231037785146454,0.058223113012736916,0.0025916714963190126,0.22739225997844353,0.003439500875534151,0.15482267226767701,0.1781768872926793,0.2916289688857115,-0.08981818671806698,0.308262357719074,0.22750419969026311,0.29261978149292006,-0.06812669624096578,0.10059899018995151,0.16832479546244586,0.22727240727191614,0.1528145208243902,0.28193144606613446,-0.09725433151386283,0.0715003781093146,-0.09916643912140059,0.05302144290425429,0.14916141602727684,0.175380692278815,0.18008831021207053,0.23335892382839732,0.15906183977974547,0.10558713978854133,0.09291040795027705,0.07998429586933434,0.05698859082724175,0.10878356882481972,0.10341086552541283,-0.04273532317501881,-0.053188616666157006,-0.06897114366367062,0.06431677662850885,-0.02650426084545501,0.21306902154109517,0.1360705016203309,0.2484581590135057,0.2010737587312994,0.1015748823581394,0.10825754586059366,-0.07810094952845648,-0.08599267669871369,-0.0068599748595096575
0.25437291103524995,0.21835530917973472,0.0008073250627904911,0.01793957149103878,-0.023673449183625603,-0.05408502437500831,0.09082430123382472,0.22738457396868908,0.07688869723614428,0.22190119519792773,-0.07300326973162123,0.03864254028135617,-0.02907637015188131,0.27747999350866376,-0.033182908529710745,-0.08340735849496331,0.05586237954862627,0.29997591057141587,0.24402401749349248,0.12178968948933877,0.1250851687188042,0.08581123093303766,0.061871291917135994,-0.09299025109884483,0.23250823566946063,0.2858675697715066,-0.020889277001348273,0.17616738528355483,0.04437186952807949,0.07416768820792,0.05262112182990174,0.28466628431091767,0.18867660201234704,0.16632655685280961,0.06252249585142813,0.0028554338562942544,-0.0922951406236349,0.016045497529935688,0.12082628267695919,0.14079958497263365,0.23002360659311916,0.180701283529591,0.050271944844050606,0.15453345562750528,0.3129723876193486,0.04955640095834745,0.23133280566644765,0.19737009107616385,-0.020218256575483262,0.00462884528938984,0.20098182117622113,-0.0025055914227240478,-0.04226336950085483,0.009612022111537643,0.29777599161749974,-0.006197240069871731,-0.06771232619459101,0.02206228793903802,0.10485490078712237,0.023847020783752042,0.10839824078023551,0.18347252869008668,0.18984395029440576,-0.051340060780273526,-0.06798971024406003,0.29051341078955717,0.033311277067880625,0.17677200971529689,0.27171611848967225,0.12990771775718454,0.06645355737366158,-0.05347437959196419
-0.10700576844403238,0.3028537069134431,-0.24044799821726429,0.16972426926267867,0.31721559087584345,0.12041091982470642,0.2932969253064303,0.2573827898516488,0.005977024770453875,0.061754264391170974,0.1400539928157532,0.13439065707898312,0.024887815186464272,0.1286954085119388,-0.017344749375260343,0.28174619388128586,0.07632768670392523,0.02670276889382818,0.3112167954031659,0.18930308974489782,0.3169914881260825,0.2868995522248325,-0.14121699546854513,0.09927169918821704,0.09415742953973509,0.2612811745645802,0.16561360564414856,0.05545535246408928,0.14951891332398584,0.1972395809434337,0.18447588714392046,0.24273665134228117,0.21368737638073987,0.2809205168430522,0.11236984882477762,0.3377245970695132,0.2889053919953155,0.034561263071039766,0.3608847854383821,0.22970516843552394,0.33195115543398607,-0.003105849715726218,0.037318301272164914,0.29347883697465943,0.3204719536603449,0.24561690235365782,0.010076692496303538,0.10617704151308709,0.08334016959167455,0.1233513795189024,0.24882623981107485,0.1287953116007469,0.06518878286031358,0.05141473803336545,0.04707602425579311,0.0151917214953128,0.11674496701228242,0.11731102113850855,0.023548681207519653,0.026791981658030345,0.24523994705009378,0.3384339748109703,-0.03805146636527342,0.018689606750979127,0.011291896145507175,0.31559772490335575,0.07031790134554777,0.13618720150325728,0.053101157457842,0.11304565201061986,0.1850573721953686,0.2450356624332017
0.031982864401084665,0.062377193080680106,-0.1136351905783554,0.21696695872151384,0.09132943265574217,0.009693662048458843,-0.10385656545870212,0.22022774798997027,0.17043294143478005,0.13858377904960778,0.2079853783069132,0.31464775802214173,0.04411036421546465,0.3084769575913954,-0.0630039000040946,0.09742317069172611,0.1989996314855943,-0.0384941373762898,0.03816372880723433,-0.032951791798217105,0.04826011628306433,0.12816941335543067,-0.09792825102545107,0.21978886224159055,0.20459770116525064,0.028082785590221183,-0.062227997376074894,0.17912165526743073,0.12818160527585945,-0.0861397704111491,0.15497076358456954,0.014743347235794046,0.03811912249176427,0.16982387859237624,0.17263062944147356,-0.048082345782888725,0.07495491785665882,0.17254398758278874,0.21894776345764386,0.24033204817895312,0.2896884546703656,0.22926624263442505,0.2233430778790478,0.27198687313810677,0.1341634324091862,0.25113499963439384,-0.045874690559646145,0.1967165573447287,0.18540384558144332,-0.08035942783106673,-0.019526538310336277,0.05936709152132636,0.006411781912773957,0.29827053379335616,0.21976929396705902,0.2870798291845002,0.17287598335107485,-0.06955324799517358,0.12116123733218294,-0.06804736702244922,0.18870174810372256,-0.10223476448358411,0.08560427558675923,0.17215024677717183,-0.026410591513810037,0.07479202911182102,0.15472791756676302,-0.0023647690297599775,-0.02522748395282127,0.29746505932712264,-0.05732653746536915,0.11896535736273164
0.04788278913686161,0.26424518434485333,-0.02104224424657383,0.03407196886185527,-0.04966254494738378,0.24498953471001858,-0.09520766799420917,-0.033547268284295564,-0.11397447013841613,0.22327465662131127,0.26929368861998343,0.05578488773217919,-0.10097749204582214,0.2117588686535536,0.2786508309902948,0.12355169314815928,0.022913157952016906,0.11136913257591426,0.01926369318539553,0.24335770033898732,0.07631927696082937,0.10859302731860258,-0.15000310867413882,0.1677120583597378,0.22082440450941554,0.13038675677281297,-0.08557008752255785,-0.054819602693382145,0.2403704200987264,-0.042824479347906015,0.2541613793549577,-0.05035794860392677,0.05006997705393784,-0.01622956622602953,-0.100753328949887,-0.09892044098051996,0.05054337240142399,0.13259404463517932,0.21789001318971282,-0.04148132252875411,-0.05820884616610313,0.28221772989251476,0.19870084215259015,-0.06329430385677771,-0.09809701618296413,0.16029376809090357,0.2145548904666761,0.22633210488698183,-0.10181968417330141,-0.0825820578553363,0.1450388479654821,0.2259164350627847,-0.0890069454820274,-0.004406415483369423,0.1793038884253234,-0.011980599899852106,0.16698472056631894,-0.05122364975072023,-0.12371493050741525,0.17477218616886672,-0.01746162911621483,0.1351621982967365,0.10514406913540039,0.10120679925632484,-0.025491051193384066,0.27501573029662213,-0.05686469874254328,-0.02787592260220697,0.1071147024771851,-0.1286117425186288,0.06110478258065759,0.12751935670227857
0.16431775419527647,-0.032719570442905924,-0.11625767213545841,-0.07332931382588354,0.08462455434583611,-0.011439631021195511,-0.11217784801536028,0.20636362290358204,0.13562442887986473,0.2241037463225108,-0.018053511964557574,0.10567505646096378,-0.10099807310285887,0.10330260380644628,0.11624369351973711,-0.0853669008769953,0.021787109820566888,0.16340942529525673,-0.14996960916550994,0.2391578447388293,-0.06691754724576843,-0.032554193262911216,-0.006574140785726273,-0.04377269182583484,-0.04753997737652082,0.08920211874642257,-0.06818789493064324,-0.03707337719917735,0.0019331671594718701,0.16167224992138993,0.02356545873778942,0.012847889066244433,0.17450876327083867,-0.11314218056426915,-0.008732221195862226,-0.1984759616755413,0.193614225642064,0.19434248544129804,-0.13558166646028527,-0.05572456642757954,-0.11826916299415377,-0.1735665852715606,-0.14835827237225185,0.12080811515888525,-0.0549248694491731,-0.09801442548771175,-0.22247165176868766,-0.22071924684423014,0.24878270732703917,-0.018285355268301107,-0.11746785517797895,-0.00405463081846035,-0.09422065584075522,-0.10474235282647883,-0.18739834885501916,-0.10894625378179053,0.054126525248310776,0.1640124167308428,0.019358187553475337,0.11038801886307141,0.06352533578941537,0.22657015442759934,0.027681814759209385,-0.18564616918483118,0.020649887802463206,-0.11275529550137446,0.19378132904393178,0.13467349834640072,0.08961152526618726,-0.1234905797090941,0.10144190756118453,0.21916455465563564
0.2510678613537221,0.16131559733037923,0.03625725281774979,0.21637947298738003,-0.020919110678752764,-0.051901912461602535,0.27787629495114974,0.32076329543734977,-0.06932312551362518,0.11464738666865733,0.14705855786272343,0.10060760770426243,0.09467425281036879,0.17352139147928433,0.10730249464957041,0.11170892985297803,-0.025960787675695308,0.12809912391692735,-0.06235244381090511,0.00951939846297007,0.26732989267347534,0.0748569801306475,0.005573251070099161,0.28005520293700903,0.07309858528879197,0.1781773048163116,0.017508696538408766,0.29728685700308466,-0.09648816566516212,0.2012239930654187,0.264480392815726,0.25728624507130077,-0.012928060115275428,0.24593877256323218,0.23306756216867586,0.11645355121390706,0.20272857965174237,0.021849181372224465,0.2609648231265433,0.23779268523614372,0.2652564780362467,-0.056430931784542525,0.0719518982698409,-0.07659210663214973,0.07800764187385274,0.12345041031620689,0.16796579659946548,-0.09550243211934635,0.22856517753183095,0.2927794095585339,0.07357756654764915,0.2852186744648002,-0.06347688217332917,-0.01300055152662817,0.13627692590045365,0.19764601439721788,0.26422193154927076,0.17653745094053963,0.12458176772145374,0.05546791971179007,0.02090417688135087,0.12718394869527444,0.1630927141019323,0.23804347787907443,0.17146824037819774,0.06385925464667445,0.17460340939343122,0.2861544135051806,0.2816645506625502,0.17670362913377546,0.13544146173883542,-0.06842750742293442
0.22105325677879403,0.12439200295461252,0.018002895498703875,0.17047511955646996,0.17191413640855827,0.3452705311758654,-0.022952004965708327,0.3719681323666722,0.2682065049502882,0.15546424593475483,-0.03469933677799597,0.3463565158231089,0.3415963298599814,-0.046541708197796496,0.19790276912846905,-0.04403657585765053,0.31854275501713825,0.16666394051582428,0.045524948841271076,0.19987215093768856,0.12029050161337815,0.11002983216514696,-0.09850933730773748,-0.050077535433801064,0.3703767668995942,0.2939397070431304,-0.04897560344650874,0.2471086221384102,0.13976355985512928,0.3441233196658415,0.30955478113812973,-0.031927186689211434,0.31224447573454206,0.3250472814324764,0.08779051971938572,0.29407109032532047,0.09967239535547416,0.1163862212757064,0.21210627463685064,0.08382245062732847,0.3069574009918683,0.2857993748391887,0.2256387660762339,0.09593474960681411,-9.846891681830497E-05,0.3021588607350873,0.032399575041644604,0.26641657641025984,0.055784189922167916,0.272739558566136,0.16303289076728247,0.040520411661639555,0.25735137167422134,0.2993905181136462,0.1926166574219591,-0.006957639707340672,0.19560291618541906,0.007083769701305446,0.10840777257983517,0.20510499098073076,0.08001817045223024,0.029739320716057952,-0.003990737951055915,0.20060554486184703,0.2299734968806826,0.3597755548865796,-0.010987162281763895,0.13067965627405279,0.2145785849711765,-0.0014070322597070847,0.24397311100441793,0.06185900286764389
0.015065558121101656,-0.4111732083157468,0.02327511843760484,-0.2934066193396383,-0.23635839774177558,-0.3821827679225014,-0.3249767123400179,-0.18157032107339097,-0.13295337512295852,-0.3840275973514772,-0.36743411273868987,-0.24047543777811928,-0.2870609326630717,-0.16033859258690675,-0.16871910626706946,-0.22567531913215177,-0.41790005826517357,-0.48303887032864556,-0.4572362891568407,-0.17551310888965874,0.007906187503533614,-0.03226258382611007,0.15148305999513756,-0.33677120905331953,-0.24423242620281937,-0.191776555209292,-0.4052291218768067,-0.2567046566379266,-0.3302811357906338,-0.3185130474021953,-0.24007943832960174,-0.21562729956782964,-0.41992969330083657,-0.35413748645849813,-0.4714480604383999,-0.1343792580094629,-0.24644287201466333,-0.12586358861474042,-0.1172216926309677,-0.4299320858763246,-0.47073176524426535,-0.23919405590106094,-0.12294674834727604,-0.3491569980504158,-0.22219285644036635,-0.43535542236061076,-0.4286566301142308,-0.43708715168062606,-0.1813112306102877,-0.3991906733787129,-0.26341107505173517,-0.18880386236465144,-0.1855487231177027,-0.371237284195424,-0.49104756585798653,-0.22443627107007974,-0.4314371695996014,-0.12781249595275335,-0.187118591861312,-0.35521687958289067,-0.09811997409605071,-0.35720830344494,-0.3205783137124874,-0.4431406312013471,-0.17467896357696044,-0.14622173695231233,-0.20454705008562013,-0.3231234895703564,-0.2846407915823437,-0.44243388700251,-0.3473018022566003,-0.2775070406346764
0.06484943756690335,-0.03097883264250704,-0.12766012296267176,0.003167299809074234,0.05843453292413563,0.12033696107843025,0.08279971668659239,0.2576316586931951,0.252582749488387,0.08802690664621411,0.12434504242072647,0.0485096475924459,0.19406503155411473,-0.04779031894667945,0.29211062240736185,0.10529770674004965,-0.022711802133726013,0.1284725345782934,0.24936824099922963,0.1983087116181122,0.07722278896789286,0.3014117006638801,-0.08548815104392171,0.28529788307864673,0.19121634713506114,0.23163002816878864,0.15027811995956297,0.1392084535599107,0.1551796841741572,0.27354655180497034,0.16399736271927137,0.26111503381580764,-0.06234980810674127,0.11460738086097295,0.04382193932634678,0.1698636569038954,0.1173280749557033,0.25702240277221355,0.005877656483934989,0.1913116974360344,0.1360057672304784,0.22236518848457132,-0.008590446149249548,0.2638792679731821,0.20093977488635809,0.008881197963435738,0.241246689702265,0.11744193644672578,0.088877390777175,-0.023068883030625882,0.03177026501776479,0.2921930721638933,0.19136599286615202,0.12118875195852387,0.03905913700276689,0.3046484661865624,0.297761097821208,0.30274743865045806,0.03554185822813069,0.2791444292789867,0.3187330802515795,-0.06517569607051246,0.10753878177715878,0.32004781617558314,0.2934793854179465,0.3144435842645376,0.1416655101209059,0.342761328972089,0.21933612298832997,0.32028368600415397,0.16272352285369632,-0.08173585432865664
-0.04060730336777923,-0.07418421947341988,-0.10568752161298703,0.139815163379593,0.10221662029055209,0.0068806996375392945,0.081262277778426,-0.026095512364337044,-0.04488856903828912,0.09199718880626119,0.10374195218166495,0.06773109126267211,0.11306396591388498,-0.04412813919133406,0.07724720055597717,0.08214910032206534,-0.12327062845783571,-0.032501958907527106,0.058618792771769734,0.010086356085384862,-0.13183149512478856,0.04068864362699995,-0.12593627240820246,0.03061583687616664,-0.10393802582513739,0.044884386160312206,0.06021887770691414,-0.19448448228173737,0.028117121890513103,-0.005555578575605727,0.15156864453522778,-0.16827426718663396,-0.12970671086447857,-0.14602195066446547,-0.21058994946557255,-0.18324176689766572,-0.028453713362466458,0.0864294345773608,-0.25920111930544554,-0.14695246781495855,0.03886435342253625,0.14619555605010695,0.054340829451980335,-0.16564325107384514,0.024400758512810622,-0.09849155672303156,-0.16493042142965342,0.09631020475795402,-0.121613672954244,0.12991864992149205,0.07511964935705505,0.15051732752663657,-0.08902885281073977,-0.032473980349260745,-0.14731594721995633,0.021715445850418954,-0.2535425361737827,-0.025632660398888875,0.14879451231638113,-0.19438458163170375,0.15579184029205528,-0.13621133681030978,0.0005935685626852066,-0.04449894403227104,0.010542415193594978,-0.09605818866734404,-0.10473426162482731,0.13853521772222824,-0.10939592737000366,0.0961335454849269,-0.10024423616399519,-0.04176854596088982
-0.08753615629346653,0.010882240103657745,-0.1190928528948869,-0.1901665064868088,0.09048387512144436,0.07240830581321517,0.15908356774809262,0.008477542129842794,-0.21131042687452511,-0.050324748225211345,-0.22057515479936043,-0.007016459209679293,-0.0772352460874673,-0.10338346183910094,-0.1501246826138876,0.06677728604048075,-0.2888531520604194,-0.057419959942670136,-0.08946300259364666,-0.07920722096089339,0.1594546764987343,-0.18746949224483633,-0.06191108157922914,0.13480627291510588,-0.00906551215791361,0.08702349047769554,-0.12452773404994223,-0.23871637506468896,-0.24162376734639388,-0.036554075016080226,0.05528698034892382,-0.2648712937714042,-0.007654800957725747,-0.0017165831433357903,0.08243531159771889,-0.18962317163889214,-0.05899958351620447,-0.18658998091326703,-0.13490638264136942,-0.20805051204926497,-0.06486136747343918,-0.09051920513378897,-0.1899798718625188,0.027157412844568074,0.05772062568011588,0.10294670121602423,0.02574697800344207,-0.05210409784989708,-0.1738977433831087,-0.24379826112676856,-0.09390873976554918,-0.1257481778899576,0.08310041033507144,0.07269093803984364,-0.2647860768429864,0.007713610406149471,-0.22795593969925826,-0.014569804733246232,-0.21170690253613217,-0.27898967363006966,0.07628563367854378,0.051131324462360066,0.04827489064280247,-0.10789525953581268,-0.10746490160548017,0.09409560511075839,-0.16842631428163082,0.040372830548285145,-0.15118212703937015,-0.1851320340767783,-0.1367638131675775,0.049716599987911884
-0.01683946635017126,0.07593327836085997,-0.21683127155831453,0.18862752446695016,0.16231280697267775,0.2301143755131112,0.06821064808353719,0.1806634201992626,0.18842689873113883,-0.01515224134684702,0.08779530199346207,0.23067204152441168,0.10874925342304993,-0.06116412199183396,0.22401267702729932,-0.07716378973435356,-0.07538416625779532,0.28791528984871756,0.028517599437305714,0.1358179752611345,0.16806283440837103,0.1935584611087842,-0.04709042257498562,0.32073101883629485,-0.01599703262594127,0.0747886419177292,0.011727779310291814,-0.002186708030352486,0.04192034572158696,0.03481799135851872,0.16869301448158963,0.0249195380798731,0.0880564022501258,0.09583341080476013,0.15538396182004152,0.21443295443701613,-0.04401081814900295,0.1321884877970094,0.22817057949382694,0.14158111896735018,-0.02423712679350261,0.2848433641850049,0.014895543448993983,0.24992650421197046,0.01663073678783036,0.22476604715588772,0.2578141754325363,0.10265297105289081,-0.019765722854867218,0.20365785928868146,-0.05042586135153689,0.2784723631906074,0.03781265167753442,0.05664867444935272,0.26813336324540576,0.23925335817862928,0.08377863327875042,0.19044212784031375,0.30924091529628445,0.07339199247378327,-0.043335416047586554,0.2685429840968289,0.19901153528687404,0.24125020419579618,0.012685746093908911,0.08497144816878135,0.07793772632410227,0.12466440010288662,0.29796180196211863,0.004714111798639414,0.030151655178792775,-0.08509768187956314
-0.005330544064091221,0.15583315478416268,-0.14926277862638207,0.26884709670945517,0.2567415355290489,0.04280784604768456,-0.1007621562299768,-0.04379410231614694,-0.013930548615514047,-0.022563721213978167,0.08328426834491451,0.1574408501601289,0.31067912991979146,0.16091676318772036,0.10710989042231628,0.2697893946430346,0.08030529167386702,-0.06780511698838451,0.264774771325475,-0.0831956525286693,0.2565351791238513,0.1654385291677784,-0.12159320436472566,0.12847814081321257,0.21122659771093777,0.036678523964247436,-0.054561493379909655,0.12254746501226389,-0.012369460398576445,0.20384025689381732,-0.12286688186349043,-0.07563186754652847,0.2562718921067963,0.1370421323997203,-0.1058717830236438,0.11537721884021016,0.2577223846095174,0.2689679969477679,-0.10438189946469258,0.04040121516341169,0.2154465444918671,0.20941874711706218,-0.01308760140047574,0.04374390649297421,0.060984985910111145,0.08234559119579452,0.2474599016257178,-0.02470966229273579,0.19744663347722757,0.09271796902660831,0.1581873339150438,0.004820588167421722,0.015366911929448427,-0.039941825403310566,-0.13127717765014696,-0.06912549637277382,0.2274095394147367,0.25870532183443345,0.2487585962747853,-0.047740062207979515,-0.011165641034364172,-0.05070790133846566,0.06304646856084345,-0.1487484313172456,0.14734537171997522,0.2161594922629236,-0.056931463542197996,0.1950786366217147,0.17154880370957812,-0.08134694087554921,-0.14354090354053012,-0.01582055196542249
-0.11693428414058242,0.22140154122325897,-0.20697197069700984,0.10747317925784983,0.11525251849813926,0.24460942955114826,-0.0022028143773576573,-0.0400021953599951,0.12107818054559044,-0.059478036916022,-0.02527660371148003,0.23160467542226504,0.03452373612652592,-0.01781719251808181,-0.10355640396144285,0.1503553896940359,0.175096026349992,0.1644360339412097,0.1494687827728939,0.0651104454512848,0.14471162141321878,0.07434418706259781,-0.01560094216430728,0.10188854478381972,0.2509304072703794,0.012737185304239836,-0.08174930032189644,-3.777603951971134E-05,0.17374267217517184,0.07257590319508099,-0.09499316367413979,-0.016271212392580996,0.09923855966221828,0.06838911320966592,0.12974869060415006,0.19967195518466455,0.07149727130496185,0.029654577370794532,-0.07522672420255595,0.21194695423134496,0.15056044205079416,-0.0005265113897296215,0.14821985527496487,-0.024131023752465175,0.08305299873918671,0.2554325517071553,0.04612529730884331,0.23538768176649022,-0.02290915676515085,0.11184411546411142,-0.09426715588103052,-0.010982920135807324,0.021196859742680717,-0.04009929530104381,0.06981049875692573,0.20167963649146273,0.07597298627300471,-0.07037478751819332,0.20703372450999902,0.12984105991859138,0.07535436443094626,-0.077607570312005,0.2520749286133433,0.26593904225838727,0.10918204435034692,-0.10207439956597371,-0.014062232713462531,0.2488993506970161,0.008952292323827282,-0.07690617684329419,-0.09409001938386455,-0.03473022169815609
-0.1360666583957299,0.22935675745885917,0.03207217701915935,0.25434411245090144,0.1880374447897501,-0.08482073624001446,0.02576409347154307,0.13256485886028577,-0.07684695018055436,0.22481351226492868,-0.04570409028413381,0.031671394986886384,0.014318936100535909,0.2629003452489114,0.22812617984122754,-0.10287960716872584,0.08000768412002744,0.01641495802744043,0.13865486353819895,-0.06277732846401042,0.23639024867949884,0.016872025682536866,0.13682139502520854,0.15398079676636214,0.008973088060976435,0.058963863473265966,0.09568623282593013,0.24195158426350521,0.1013183586626805,-0.06664184440206218,0.26020875960623147,-0.08644169459428226,0.18528767841618732,0.200010138941701,0.2110470060199705,-0.11441788956547098,0.2180565083820404,-0.05729488050682124,0.2529975627227481,-0.06859358477767481,0.07737252796276445,0.23207661334205193,0.15880401481577788,0.29357064042151426,0.32261069622654787,0.26635514025308427,0.0451102137284356,0.1016132929359503,0.04140038712186349,0.20313811728175302,-0.008596120996929173,0.33686414219569016,-0.08805326352286985,0.011768737026733955,0.25424008621197053,0.1964036625728642,-0.020350702221340628,0.03580047476967243,-0.04378390443218169,-0.006159556398795898,-0.01255564047716178,-0.017153308458905475,-0.09693697854915084,0.2729844427738862,0.015354618857601799,0.025841097614911695,0.19647307803719244,-0.08249381129312985,0.18921072818490692,0.12984278445796202,0.2618173737216666,0.013425720823983616
0.10785074905105493,-0.23311561415831508,-0.002241640242332462,-0.2200813511660593,-0.010902133295233579,-0.18932678946633333,-0.19592186982696747,-0.03609593487106562,-0.05250193877969727,0.14586924128448006,-0.13121114630754474,-0.12353659141914834,-0.06319564420469849,-0.19329376403722168,0.10668263097772385,0.09531049391017002,0.08252364044958817,-0.08517816182716322,0.06433487087353573,0.05870962635235094,-0.01072874541696942,0.0034288458581503796,-0.11449312596550308,-0.17381316734349708,-0.1341707651246472,-0.10609254857170777,-0.015083162899142273,-0.18720560870618544,0.02500609148706708,-0.09460784992463522,0.0388195708828331,0.08222777073792956,-0.10808076934160109,0.14754653557700653,0.018443936300073294,-0.18373850269649133,-0.22127114913644555,0.099992874933868,-0.20162240037249035,0.014662790156394271,0.15695952635899438,0.13504727959479546,-0.15316797276918348,0.13241943246379526,-0.09092284644166922,0.0978954780597145,-0.20268045723928182,-0.20256104672734992,0.04818977137491446,-0.1135905394100569,-0.2322307482757774,0.06077977990082901,-0.16274601181438528,-0.25222125164115006,-0.14119314761156213,-0.038971939157190064,-0.10319988685254364,-0.14961303121950198,-0.20062354304061625,-0.01196757145928172,-0.1975924982491967,0.11532509398571016,-0.06010776346193905,-0.28861606139691465,-0.16602823958883328,0.032429252355449495,-0.13047778741446406,0.17761075337220145,-0.19925257411306396,0.12482435040118736,-0.047275406834151185,-0.20062467040230567
0.15146350634770048,0.09121262467053916,0.021092838167884802,0.03507626978888658,-0.10750058834716668,-0.13976402247278058,-0.09437523929171696,0.011908258261215053,0.13362295212143638,-0.02666971100235975,-0.08253382436643278,-0.029257832845970354,0.03905456594471767,-0.04265626577284233,-0.12242999017637764,-0.07314969335678491,0.035482566563286806,0.22074936018406116,0.053299074106558444,0.039216647457733254,-0.08984619219653926,0.18239171420712913,-0.19635486704233585,-0.13646890622694702,0.06345508384395582,0.227011915070279,0.15394062678885245,0.22670510730690288,0.06779094883632956,-0.13648966064761334,-0.11705916471471309,0.010703153266278232,0.13964599863975782,0.1886704811308332,0.10245385639689983,0.14160348636349887,0.17061680039361204,-0.02696332959491148,0.13006309177304687,-0.014454007206697494,-0.0508888635299314,-0.13403486517466953,-0.07878523136869098,0.2177587029372663,0.03793100448734443,-0.02293970510717338,-0.02626000597449564,0.19821896105876544,-0.03600530548692859,0.1502680542236766,0.12208731939186183,0.22605083906501502,0.1871140212847673,0.1385447145237924,-0.0026951357460026993,-0.06341064780120223,-0.10150726978445354,0.026867368931080046,0.22237066509618228,0.0297299392367735,0.1883676660876246,0.14445036897739047,0.005170791037138467,0.025083734309732316,0.0011233702580233755,-0.10400678999965733,-0.015981230712549387,0.040541033366182776,0.09392060513843775,-0.16273373672865946,-0.08673283104742495,0.05208439399853978
0.2458810127348204,0.14642743738950398,-0.11759113568567,-0.024338350011708174,-0.008987232529720106,0.2638253101303058,0.09515652835914305,-0.05190307490397134,0.22452633204988837,0.29192941088250784,0.31714432438812695,-0.05200528109597997,0.06261932171345161,0.050041137040893496,-0.07079820435869394,0.1566082537843715,0.07468127358233255,0.23979624624689821,0.28495954266658285,0.07095388036912093,-0.02577941609881078,-0.07060329502909973,0.1111959662084657,0.08362985145879048,0.2937071010866429,-0.04435053606100327,0.274774699491959,0.08605947367092812,0.04929271717268813,0.20237561412877667,0.06151917245482189,0.21204031946856677,-0.0028861606201769354,-0.041982152384062596,0.11868813331312082,0.0012958472619460995,-0.053988399672103456,0.3065285199471467,0.27009998232274735,0.23669212843317805,0.2133143006345094,0.056324523887470494,-0.061738405816991866,0.23485310060021222,0.2587638835953511,0.14602634249969537,0.17141710698976378,0.2813774405525122,0.06552829254372833,0.3358009764736621,0.13667384941216254,0.21861518204111494,0.04846151942482853,-0.01752082614103136,-0.024710511294042205,0.1995403312279591,0.22849621491804936,0.10163013001278862,0.15932370450174413,0.010890195199934602,0.1596954326347836,-0.007747571253583826,0.23135384820512475,0.11457870696162903,0.08785570541267151,0.05165071606568985,0.2766832490481696,0.1397873309403853,0.2561793693744319,0.2414386393741424,0.3028754180169264,0.21343732730138815
0.11162025073524884,0.12065033423740974,-0.25694814980483793,0.1605941593382355,0.311263431179773,0.15684362317104636,0.003860627926358722,0.17703691931407478,0.34770066695956287,0.05074680146183339,0.2228297387460604,0.14335720468779226,0.33294892369113005,-0.02689214498750993,-0.0019205160622644704,0.2573530515153483,0.24626991761155542,0.0869499639719375,0.1794333487401965,0.2002311444481585,-0.02745006468860693,0.29544422720947605,-0.1086977750857327,0.19799620129878562,0.1746015745901117,0.27041892818385865,0.07940150690184229,0.2671835584600569,0.33236985204003516,0.2780335580319324,0.08540670853944621,0.32359700644742073,0.0815848562448218,0.3060006825785385,0.0834081921172928,0.22699896746437606,0.2880140241777992,0.22306006964996591,0.14786543210065486,0.026383874612869406,0.18050638460431917,0.2772387818330577,-0.0530940463635168,-0.0325594118689085,0.21234339356726867,0.16384249338596085,0.12311925997317298,0.0802275221284864,0.3350334391091575,0.045096856867362915,0.29993428617360307,0.010376343282825872,0.30738669661412055,0.1310843791063857,-0.019727305689311487,0.2662644978457313,0.21220359020683927,0.11065419594837776,0.31120245259179297,0.10329088874190342,0.09624509696348563,-0.03467503571559136,0.21516989132005868,0.04646321972366641,0.06158143919276541,0.11803997042624165,0.2872023504755703,0.1939864384336246,0.04124175527036936,0.3222163578233276,0.23188563885223062,0.18741045863162925
0.0059733919134796485,-0.2225802577022312,0.11812946578369844,-0.4426569540085455,-0.24679397092179625,-0.41334161264614305,-0.11363973931043891,-0.1673780075308983,-0.13610538958420565,-0.33089643013191783,-0.28480242058614863,-0.47202235829507994,-0.10272942473309798,-0.3262522293629068,-0.14450814778028165,-0.46524496519338937,-0.586243342048475,-0.46402537568592883,-0.3855186159565395,-0.2447667156588043,-0.17560174567038206,-0.1728153098953688,0.1391365157017354,-0.40571564810770994,-0.5120446934507946,-0.29037912690235324,-0.4073503596706672,-0.18101461940077962,-0.3369616790506888,-0.3926194165467301,-0.4183144590347005,-0.3778163026902613,-0.26408108744869746,-0.43710054439958596,-0.38233774908102974,-0.38508836243575145,-0.15203452439670628,-0.39110372129083704,-0.502288517470115,-0.43944894529966216,-0.20169198195586385,-0.2271407834812962,-0.445100806620502,-0.48004121747827294,-0.3849028488757849,-0.4497646850173524,-0.5551996461906018,-0.5559307577023149,-0.06947474927806122,-0.26084991766074117,-0.3881617409533661,-0.21295963017847658,-0.22341405259180888,-0.14321731582322422,-0.3296375773341253,-0.3203769072757548,-0.442127337567654,-0.41368802678769045,-0.25462436484949924,-0.5459967661463667,-0.3485797154405073,-0.3514906157308401,-0.3903623521141473,-0.3794880080280887,-0.3405483342514816,-0.4968357712564093,-0.21673933607294885,-0.1455924825676845,-0.4841024681058751,-0.3604548034336791,-0.4583925124835022,-0.23860450404250153
-0.13073547981647046,0.326031789853619,-0.26200981870869716,-0.03481639378004652,0.01289263813568347,0.15748994866880758,0.22233549623090842,0.11355849579282516,0.30620090850240084,0.3044359282711855,0.16576890003961772,-0.04951409648628892,0.2579326556279334,-0.07034844178622111,0.31009412470506625,0.2759508868636214,-0.06367538984149303,0.2938817419637434,0.27102490908218185,0.24743567198903907,0.16850966660058708,0.1105834878701051,0.05850421782212996,0.02239039344369811,-0.0066891905933467825,0.28009294684649966,0.29367404662886215,0.3004942663335684,0.01555329674735152,0.005904676380347591,-0.08751215660301712,0.0799737137631867,0.04360017787148869,0.13993230088015973,0.12480015186689006,0.05907235301385768,-0.05128123496687069,0.20375132019202458,0.0788723487253107,0.09280406421991229,0.2195438546393312,0.25748205093441856,-0.0690791230647775,0.19501762992353716,0.016006603331539776,0.008209843554564073,0.24971845818681884,0.14722652383177454,-0.026770015073603673,0.10375521650317948,0.04079447940800797,0.3166695172250554,0.28658956390161355,0.1066539791569129,0.20052613836105598,0.051764938528830864,0.26758429700729214,0.20150959712305358,0.11855596091977147,0.22852402125396845,0.24790856351254492,0.07719911826135593,0.20601305773165748,0.10780526214171049,0.23093752065926507,0.07711529170981506,0.29341502148213316,0.10153471625171337,-0.01037598578537614,0.2681362892874706,0.05009399968052885,0.2790658162609949
-0.07518987126103278,-0.10485676931167828,-0.047973368160361955,0.19252179322749813,0.26575245462328234,-0.04531612351670074,0.2541496627325473,-0.06876526374640533,0.28284686526194924,0.23722652743995393,0.1355672903296287,-0.0806133350247856,-0.07387029733849959,0.289713199589066,0.2020463174119025,0.1661610356304597,0.07972324348157961,-0.12468056294550775,0.2790374422155681,0.2443211776994968,0.02900878152826271,0.25353887764023564,-0.08913984831856164,0.09228266063899943,0.15632950824205125,-0.02214908004419401,0.17757088393005577,0.07254161918174484,0.16568934101371746,-0.05906108020426867,-0.07353817661102001,-0.10958706616387891,0.1836780367295473,0.08215105461992152,-0.012152180937324,-0.05376706291289564,0.2763995965879606,-0.07366004319498987,0.0473845403880014,0.20994507025572592,0.20522256558670446,0.005942444814502669,0.17780572171050743,0.17182106203055453,0.05388179795990676,-0.007768182019285889,-0.04962321966854998,0.16718485028575703,0.30166100076375907,0.14065575892985002,-0.04113805944581384,0.12392298246662362,0.26097246552741465,0.09180125831069882,0.07110935760900192,0.19784113236478335,-0.07803649121386105,0.049551595868884094,0.13294197271051225,0.2751890792573662,0.11213854336897394,0.14871202114364362,-0.03929405937700546,0.07882202880765342,0.09301593515950511,0.05896577334709545,0.27658178400288763,0.07165689649644444,0.21354310892605458,0.027018742716415012,-0.10574676977934948,-0.006612584758361126
-0.07008910312579913,-0.11748611865592933,-0.1875905872026936,0.04405629862012691,-0.13618925929062123,0.19135773421533084,0.18194515500300346,-0.15898315453725612,-0.043378369130361305,0.18813345870748266,0.18092135381265598,0.17595351734605263,-0.12978303737196406,0.15042297802609225,0.155241337184654,-0.10688510437339557,0.21183426105371242,0.17516923145202176,0.04890131818430744,0.06202453972873109,0.246477163896429,0.024014173853080772,-0.13036900414117222,-0.14801887147313866,0.2149802783347166,0.051038205900666,0.17509309675661552,0.14953539324705817,-0.12799128323549358,0.15150972194713175,-0.08442574763499468,0.05427366090261173,-0.16272270149529944,0.023450432053753502,0.12321247501251933,-0.14717500173451692,0.022469130682176833,0.03475605626986433,-0.17160286975085662,-0.17958170965201836,0.13165628990693168,-0.10221835050477722,-0.04295938196636111,0.0917717097702935,0.1793437497407108,-0.04568607818563335,0.15016534906542506,-0.15162553518407015,-0.08395423194328641,-0.15256433185981358,0.04092547337520074,0.06513891139537736,0.09365646114101683,0.20022775957154812,0.19903517167138068,0.1256939327237701,0.006846550455398498,0.0543617800444382,-0.14955434945333754,0.14676753840766016,0.13836900253143675,0.2005151468957129,-0.08138483288829694,0.09808556285646355,-0.02511624351793267,-0.05830888853894611,0.014626805230369466,-0.09945993525882195,0.11881986338316765,0.15583980008836154,-0.11709144253530827,0.10462906636398471
0.178592112274705,0.011378593102963078,-0.005904975199963026,0.10463571085166551,0.04232214973133652,0.038266247604609525,0.09194982634502175,0.09228486505393985,-0.050457165358449366,0.2964810864399868,-0.09628403415122984,0.26300417578822133,0.2599188743203533,-0.05432896268709063,0.29387573172033554,0.2543805954408154,0.00583399911804981,0.18314631602534434,0.10379655409716523,0.04062546167858541,0.1570264152830534,0.18687739241260792,-0.08799357760958823,0.1909347096072881,0.2638388624189732,0.037370548190233825,0.2763758280719839,0.04161448164185426,-0.044935995681148005,0.2204396611651291,0.09972333357385228,0.11336150566300088,0.18203678414714966,-0.0855444252144904,0.061654779413857164,0.1646809866444485,0.0326809171244047,-0.07582624173039039,0.17809698099502697,0.2252061910212066,-0.07627133751295641,-0.021026712261104252,0.16288984822063057,0.17708783349173002,0.0642362420338293,0.11348648034194211,0.20999114688823184,0.22118835106102766,-0.09263675210132291,-0.09762118602141599,0.26259893664251305,-0.06479141181130038,-0.03107553982168265,0.1905708320956852,-0.03286323311512619,-0.030416435167876444,0.11359095327870117,0.1299043310232724,0.2054199838515855,0.1945948094271082,0.0867306451482575,0.00900288148580797,0.23657684678907184,-0.011685573539828447,-0.10025088057990961,0.15507131748988023,0.26103253536187754,-0.009445855141318205,0.07324784059741848,0.051852211345137934,0.2580307971256275,0.04490117970211311
-0.06489641128497121,-0.022554641011723747,0.05128242320085342,0.0842331583615532,0.3311514788905039,0.31601747382498685,-0.041184632006430195,0.33715264970804304,0.32004230974483155,0.061407170166875996,0.22898173629549293,0.08349316447179819,-0.01854209651930755,-0.029120449307908663,0.05247168272218309,-0.0012362310741855708,0.038026311547746126,0.25855527552608265,0.30227590713830726,0.17255148239207532,0.09922583004619465,0.037961454060271745,0.1915488972392983,0.17457874958902286,0.06761120112428758,0.14765617107606055,0.283896601501739,-0.04706623969115863,0.2226914714459114,0.16211531554112427,0.09512635655333228,0.2403344028607004,0.25022853153766983,0.057050292037873596,0.09046703440578313,0.25859708219726407,-0.0233076713448165,0.07937824021652118,0.2601494280905371,0.17199577226493434,0.19269252556244165,0.17190447467752668,0.196007670347914,0.12446486452631,-0.03792101843174981,0.1561527648525475,0.28651586534825557,-0.07159909821696922,-0.046015453310258,0.22108884599285172,-0.06257580614222455,0.0025753666355511507,-0.043532382352993323,0.12164208527771095,0.29423895479676226,0.267832020227145,0.08836411636674066,0.32077352300799367,0.31530947682959337,0.2910077741776469,0.23314158410719998,0.2454739375774826,0.19284362088363793,0.06225306264357959,0.3136859123463415,0.3312819615733961,-0.0749291630597198,0.22400036298634315,0.07810129196512128,0.06224515022045313,-0.07501376421110569,0.2773435350763666
0.21858567240575683,0.01604323778080043,-0.17688066220175047,0.08368254393772745,-0.0776770501385298,0.16781062879552514,0.23085117146467451,0.0735886168256761,0.033344671717579384,0.21145701583688573,0.02979402560286565,-0.12494875570957674,0.23690261217989997,0.19563788818549138,0.18525936555255362,0.20464263345520337,0.09277552807164156,-0.014902832319858365,-0.08981790431850573,0.21583089352300042,0.09874159760101962,-0.08453278092164686,-0.19444370738417505,0.03509129370319691,-0.16807143293579335,0.2201498984304486,-0.04056868215782311,0.1854270441578055,0.011934190980481062,-0.028638975608620842,-0.06729269552511889,-0.07342988350753471,0.11198965973393676,0.08584372528936925,-0.11531167860245327,0.1724320551723224,0.23627735713522555,-0.0030724168975491293,0.17575129617438814,0.1328831940270525,0.045763260769130676,-0.06182737620098279,0.14530184634082532,-0.14115736253947572,-0.12185770326333982,-0.10331239875969156,-0.10363955911035969,0.08263968832889254,-0.08868931412797651,0.24618619926390173,0.21194442657056622,0.048130062336881003,0.15898350936394903,0.05152884831204147,-0.06517177928313655,-0.034154522464298336,-0.08597673821570335,0.14382815160333948,-0.041079147968114106,-0.13630757947778582,0.2420369683080904,0.049262952020205024,-0.09320530057892994,0.025673338194233813,-0.029097830487380506,0.22789510019206335,0.07405681496232028,0.006080437073876096,0.08834355113150363,0.19347414357387677,-0.04884152618778947,-0.08337356790374839
0.10524728057868317,0.3513493637430824,-0.25245244240309633,0.07459237601967052,0.2074509621196048,0.05365288038875727,0.06466567978752273,0.27599941943850187,0.10948427576307401,0.08759645525711067,-0.015671942245963633,0.29790849607440384,0.11016201472074624,0.26533925427944477,0.035416501653842636,0.3271096380325334,0.33716257855304727,0.14822959150809642,0.2484514849378597,0.004886868469034073,-0.055240865129799574,0.2532751660220084,0.1606325597137254,0.23694427277045993,0.31105758932063243,0.2094702476718175,0.30641038133072535,0.22770524211570725,0.10815268797831255,0.04769036890167983,0.3073159791793594,0.1017041872921924,0.19935283904902282,0.010270085411489238,0.0646978935887001,0.14317418088537082,-0.0527998223136285,-0.06546306522864796,0.35671665232292443,0.0759571730040694,0.2460252453632177,0.05956148975556742,0.323405935178872,0.17107574560390815,0.2096500802824099,0.11038044485698853,0.3362471576498303,0.22535795357196578,0.05290670944654212,0.2991231492379309,0.2837728004051653,-0.014164596614593128,0.15117337918824242,0.28229839529090106,0.06416875372655373,0.251395627556437,0.06887776134031677,-0.011380831979723924,0.21382879478325167,0.27248834328521815,0.23973068459037553,0.24140933763720057,-0.02485808202183281,0.17401728458206983,0.2258489921523188,0.1103221589982559,0.10517011201829943,0.022693259627838722,0.06910501549020466,0.33274748897818573,-0.03134149081871476,0.10749963704836261
-0.1310819823664884,0.2906726964557561,-0.0406699487562037,0.10476398703220759,0.0758280776157011,0.3132091478873786,0.19168127083500705,0.03416217955509391,-0.04135851196635847,0.11293337963784518,0.11806288937077038,0.2839772260872403,0.09971837539054378,0.15212826653181427,0.15365874590861903,-0.05292886536439508,0.2392689142694543,0.17227420879629174,0.28279236719280826,-0.033656779085121255,-0.011672217654947949,0.28670860092061046,-0.03729423802814987,-0.013350592234324356,0.13624946242776298,0.015180718459767425,0.2822044084892108,0.1125204027477732,0.10850666129531643,0.026884702564348113,-0.052333264672168894,0.1473365298490703,0.33464704781581417,-0.01383500158152984,0.3140444024313705,0.2795209072277683,0.22395948030507123,0.1779491521357335,0.2406206558229808,0.08094860544178822,0.09839680454120872,0.016057464707696322,0.1785985077100621,-0.07167251384075325,-0.03492460845112461,0.24866162067232625,0.30178359436994184,0.1960336116559486,0.09108631469081123,0.13336988345399445,0.33043730304574565,0.01579310877849344,0.12142302844071325,-0.04171295046542772,0.19787856900234677,0.06716876251126508,0.24618049194067926,-0.010457152178413526,0.05274610312988559,0.17265894354216413,0.04048840099930512,0.027534014398844453,-0.07192484433640553,-0.025534581505953658,0.20980516746142558,0.011313710298627405,0.23714455897778752,0.13847982044047236,0.2838082050892116,-0.035446496991422126,0.3068098610720353,-0.060060841178798445
0.2567117802080489,0.3143793108903777,-0.04545502590306249,0.01041394265854788,0.2617759391083859,-0.03293064388259239,-0.10006926341540406,0.11964571571283895,0.28766810784078584,0.2936637708147383,0.02683089424655213,-0.04952329364490477,0.22505753330864728,-0.09258389258502317,0.1429518371540498,0.08187544318474793,0.1791659459890983,0.28858512447521073,0.12563964168789724,0.11363405494241673,0.05710799718121007,0.1988889833704742,-0.008122909158796392,0.08632416524817538,-0.05181704579995126,0.24432651938790045,0.025326775177055914,-0.038545240817793695,0.18233369704181687,0.11768535642219723,0.2898174173092978,0.10626765620063708,0.12984717672942014,0.15850919680696576,0.026244519565740154,0.27023638547985185,0.2362398303226856,-0.051932823009450006,0.09589761325036956,0.26452182491173537,0.03084856393364701,-0.04823823362807525,0.13234139287573823,0.009718838569190065,0.3168946543882302,0.19201145968016914,-0.08715994918629665,0.0608653740308358,0.16902498990035736,0.05291215096667656,-0.02133833696587533,0.16225791614068552,0.22592731048128895,0.0024439938586549004,0.015171061420069387,0.2414170744105469,0.09209302694562307,0.10715541090810105,0.1736195463414972,0.2910389885127093,0.0411624059613143,-0.07293852684392305,-0.057463198240612516,0.13962180112582062,0.30091338173426724,0.17674661055346336,0.10208431105416046,0.13080146209925803,-0.0014233335261639038,-0.010556627880757032,0.17302916733248797,0.0666381481278395
-0.0790464142849729,-0.020481054731179987,-0.011396023855189494,0.008205373391949902,-0.06437433393723241,0.0674069665060748,0.11012310686057829,0.02671597019835476,0.2749825709780827,0.2031680387632832,0.12310837395323279,-0.0566466401160066,0.14280965764774725,-0.05973723769091868,0.0779779830226498,0.1877658135579277,0.236244882617074,-0.04105427217570597,-0.07727598587362201,0.04403289139427592,-0.02516248358477877,0.27543685555500885,0.023053856593336735,0.015318162255117567,0.19569581699883548,0.05681315146955424,0.1348985345896626,0.13166452115995006,0.10395819615062576,0.03361936299464045,-0.04744861350569563,-0.0252982605327326,0.1473283623871074,0.27041381445397306,0.1532788786902802,0.19489403389480575,-0.08622684786714685,0.07629349108137534,0.15824161104487275,0.07103909139456216,0.25583021484428636,0.08731953216589367,0.24359895172572837,0.2671757283416503,0.09670200430224911,0.21102156357121224,-0.138614284269057,-0.08209952164918928,-0.1052016589460684,0.2754241171262573,-0.0865715704771459,-0.033831916815639136,0.007377251670840117,0.0034048863399158747,-0.1495821138938057,-0.04323803287444375,-0.032547397495236684,0.10588324530770755,0.032867852380990804,0.15295281237780034,-0.054308052600548475,0.03739825413578522,-0.09296937020837666,0.23717867190705075,0.13434455463764983,-0.02666229145062881,-0.01476711619583689,-0.03872062456541657,0.22877339000720745,-0.061476134196876614,0.053171898060295146,0.12177898948866123
-0.18549111607344762,-0.4533896324459159,-0.03784841793121001,-0.37645797177008855,-0.1612405732959935,-0.3301669653893206,-0.08480786173166849,-0.45250192833514585,-0.20368250311354336,-0.38148235743264436,-0.379294907499235,-0.3332242730522093,-0.3290998497692671,-0.37300365819786013,-0.386190969845101,-0.39225868561549543,-0.14435544080733745,-0.2549156304102281,-0.21906764856580357,-0.3670264916463878,-0.05372804382225606,-0.28429976224255094,0.020015037296964296,-0.40156984671209256,-0.2607448030606204,-0.4077303877821253,-0.24428725552120248,-0.13985328527944826,-0.2160202092682316,-0.41991630589623175,-0.3233737612430784,-0.23307208961609358,-0.1474685909739426,-0.1436575935835793,-0.23851206145616954,-0.4872252803717439,-0.32149105690775737,-0.4447346378716086,-0.2654344652259719,-0.4627451930098713,-0.33863411243556824,-0.31072524580412086,-0.3128833740830455,-0.43370274197086645,-0.2304359056556404,-0.17797240440017587,-0.35026711548299705,-0.1365195109636076,-0.3303964809892576,-0.04469662281038912,-0.3765837461889286,-0.2990891934066587,-0.4152816696962358,-0.32279337165688304,-0.2735567524634711,-0.17279669165875566,-0.1749326367368472,-0.38039368089063647,-0.4604047434277744,-0.10250171718316259,-0.26411957082991266,-0.14887621819129618,-0.16634701088925463,-0.42044563661958634,-0.24342173208722837,-0.3507017094535023,-0.2107493619373289,-0.2762263024674562,-0.16655724901572005,-0.46515742793593134,-0.4459958831028246,-0.2442346554271321
0.1489188071250027,0.19219141764901282,0.05931977837376417,0.06731736990308285,-0.01644438891620531,0.34004561542898926,0.2033872597637264,0.179411476637982,0.17475147890749632,0.054247346859229995,0.18932688708359321,0.04156811670042404,-0.06711752637253068,0.07751360101226418,0.12279218464622729,4.6003094499867756E-05,0.12756069825078564,0.2997687434286286,0.1459336332380102,0.08319824245749338,-0.04412122960036942,0.17721891742752635,-0.11075418189673668,0.1246310969986227,0.28544354765713553,-0.037689988252511325,0.2029810650118744,-0.018128407136003433,-0.06072644157015057,0.21995108265261132,-0.008800750793239078,0.1556950929407075,0.10741582445996198,0.3128886499704999,0.27801272872106225,0.3211468778246294,0.19860793337229185,0.09655397519319013,0.17505922144705566,0.1979572403202288,0.21541789191031366,0.31770823484855587,-0.013528354120225468,0.07794722813341795,0.31251085185978555,0.04818975515008312,0.1899411233079261,0.15688330269582493,-0.07247013948961849,0.23663568718274802,0.28522046202649726,0.3039933655190119,0.2523372050434359,0.07703036851600568,0.1382194563087315,0.18582226814645877,0.25310484126207167,0.1640036555219783,0.11261719807696068,0.19968300341937198,0.30494189335932076,0.2171374243547561,-0.04430658021341406,0.31824478348452784,0.15739444720120166,0.3001344347580324,0.28671779103472056,0.20786922722215112,0.14491954135198015,-0.032925719301596934,0.19712494542945783,0.12732996840721703
0.2685021439058086,0.11236518579861575,0.1285876134779668,0.13957044267344054,0.3610056564060942,-0.00678250923647744,-0.016726398813044305,0.34922974554027875,0.09182408896033285,0.07925929851912898,-0.03503281256600416,0.1592721104148023,0.03798120637720525,0.20479524972719543,0.22348282916852225,0.21845102020950716,0.00017523064460641844,0.3004268053907911,0.12460165456461393,0.14999352730047671,-0.0020650026984086016,0.11467511194041455,-0.10796406947910336,0.2292074231788344,0.09409232963192231,0.1608304018144098,0.27957853422372364,0.27776079532578035,0.07438952224336494,0.18606367021979972,0.1931724751583293,0.29063494314474164,0.28208991981925985,0.0864003313663388,0.27561867732055684,0.27700883909998447,0.24340799900263055,0.1319380351391678,0.31497810757884087,0.13191343749470869,0.24271791861584624,0.05457256602348995,0.09847601631990557,0.27306939911818473,0.22954357365769135,0.08079238314413228,0.20235557702318094,0.07080590848739256,0.019162876480691867,0.28686011585793747,-0.01613845327324454,0.1914705769532268,0.12745861648583437,0.34541735954067954,0.2681554167739672,0.3064296131428258,0.2888659110346576,0.29846003371406415,0.013981347970072548,0.3729108357225801,-0.004292807151378692,0.33931667191491394,-0.07160446955574609,0.11479127978917314,0.21261696114578696,0.15791125353759491,0.16930151415713435,0.17489588326532246,0.08362410513665422,0.1285160649613684,0.2952861667926244,0.016013430120212363
-0.040339271142679246,-0.020727126575682008,0.10311381574829531,0.1313156511719864,0.198188074300634,0.01907480087395079,0.08423244604906822,0.07893046048288083,-0.031075408610196982,0.12292437341396273,0.29179287104839535,0.031875929809597164,-0.08383795661740719,0.05459682066557065,0.01956118117485757,-0.010890004844188447,0.24733845653082673,0.2843905004529345,0.10629560320829749,-0.06702341755817984,0.07567653811816395,0.017678162311889633,-0.13937725190056635,0.22084400431108447,-0.058608040677975266,0.1555016647416973,-0.07148014680080919,0.30756339232304286,0.26213989095259527,-0.006313593767856037,0.25536106729490676,0.322000845624318,0.21722425812612578,0.26228954129927234,0.09362389287639059,0.2804345350130493,0.17434846980731283,0.1160862322557539,-0.009681847786642312,0.11704191805600497,0.21058105514523673,0.3165835355704242,0.07277887793555221,0.08722231622402242,0.12519595832828082,0.10175630543089488,-0.06214777928958008,0.1685326322182977,0.20476353525391575,0.01842423051673787,0.16585028638525573,0.049220482981499655,0.2773048323334204,0.036985543208638026,0.24924358754413603,-0.08380808229272402,0.2721381579599211,-0.004676073024501848,0.03624991384416866,-0.01650755493345647,0.036026587741826696,0.3061572552459062,0.18450313982615055,0.07375595133835791,0.25345672371423705,0.014248892257564342,-0.03776680059121905,0.24151044748627684,0.2661055885629991,-0.04432802560087652,0.15233228176299335,-0.10715337176880076
0.01578159740361435,0.1672177010620113,-0.15132208663652305,0.30926051037131225,0.1552950847847952,0.22960251755076785,0.04043206753578422,0.13910918968273944,0.07697225825581354,-0.0006209405167939286,0.15358227005617203,0.16245629439390863,0.07875415760962748,-0.009387520586046758,0.14859706110249088,0.007669686963326279,-0.04907108776913955,0.25982581743770655,-0.05972912177866496,0.09307881196428476,0.28039549867635705,-0.05363855432277632,0.1465942010460858,0.2227155441394436,0.20074050502880209,0.17902294063741742,0.27485084033527035,-0.008112771560061165,-0.01671655175650433,0.043644851922465436,0.02823681763480224,0.24450762471948284,0.03248677882923246,0.31219227480186734,-0.05117052991041101,0.11394960807382377,-0.0883576171970858,0.23723013945919344,0.09919757043785475,0.2435409523617477,-0.0053161253989785235,0.09737465178117954,0.1445357432008091,0.31152011807327357,0.10034820701380116,0.18304986591074038,0.29944421195135934,0.10478106184616172,0.26530223377104417,0.30459319854084604,0.18859371405751393,0.04256820059460909,0.07451960338076917,0.2753767054941111,0.20581013536611703,0.2557847032956578,0.21043151655168094,-0.06545153362977724,0.08550598840456744,0.2862852526714749,0.11536774878593198,0.045480818938748495,0.01738743262040538,0.09915070352682583,0.017545306919713562,0.3152226225416011,0.1377177902199304,0.1935344637013526,0.18788546037030146,-0.03588374182921193,0.31039235061699794,-0.0046117379548722935
0.03277968025597824,0.1720521595440338,0.11970304321819007,0.2784248759855378,0.16817276492508756,0.32406161100858877,0.1770550705441843,0.06540080020939323,0.14040658733131675,0.032115426669256694,0.19089188389740294,0.29971837694634373,0.2794331478860981,0.24170166481381614,0.16538260822656634,0.30240659356476035,0.2655113528267631,0.3259868194179845,0.00502530040247298,0.10666965167125864,0.015050415423636193,0.13867807290331846,0.0778977667298869,-0.041352514541600556,-0.0036455394586767135,-0.016005390695291877,0.2993740300286346,0.09141266974348851,0.02047419930261436,0.29100592571462003,0.285585393454904,0.30016560261334296,0.32308265945221476,0.11243271883767407,0.2048216232243315,0.3562374990605737,-0.06420870402038957,0.07933627949937831,0.3161759727745245,0.1114661644431873,-0.03719330595637841,0.31334032144936047,0.13960206770145908,0.21774872756638566,-0.010299202924703831,0.07190847034795378,0.2503166605082491,0.09090341442677759,0.037371421206693706,0.021290080073439906,0.3417927150308655,0.35391112573706845,0.20812367711119706,0.22371718081964598,0.30216180843779217,-0.020052341447243976,0.1864231172774684,0.3451139863503051,-0.037494095614334255,0.3342129956808534,0.2287736901725275,0.1698804291840999,0.31235937732357705,0.18026799522494863,0.20297742084099984,0.2881817512051052,0.03827169629651537,0.10920198335621734,-0.00011804257224237735,0.30312279071089837,0.3124892839061977,0.10311115643785934
0.06410555789577738,0.11929090518595135,-0.05656870597859009,-0.06544375669467845,0.13872435502360161,0.08527214462027696,0.1280378171022497,0.014411467447120107,0.14315923894032395,-0.12365222739719385,-0.10710463820795514,0.0664647384130846,-0.08986570093025402,0.09053833790114942,-0.1567499860303944,-0.016774305458194593,0.1241137068709273,-0.1184270513705393,0.16279848661666502,0.08173310427921643,0.0022880650287957324,0.16327634276484676,-0.12553916384274405,0.009704348828452674,0.048515636289305455,-0.07662186977711319,0.20084491193353848,0.08553855684912702,-0.10589719631937505,-0.07565592598859593,0.13649873386155584,0.07869797448891379,-0.015201565761726158,-0.0765146815773046,0.09138723210664357,0.15511519858301034,0.1147058461835537,0.05217939138725577,-0.13047220160668652,0.03460379103225957,-0.1696998506298524,-0.04722547324948615,0.009406486637131088,0.1303937372421848,-0.10373248616764326,0.038799392887499014,-0.05425790808383781,0.19280645858596718,-0.012261704129042775,0.04601265813430367,0.13690243974848462,-0.15143923553377808,0.011115847980823382,0.09520409075636165,0.050477515269839485,-0.005876943190865024,-0.10808184441455974,0.11740711927107668,-0.11837691841314846,-0.023668698830349184,-0.020453183627906577,-0.019851186066942625,-0.0951971046719752,0.022672860306050424,0.12105047359959581,-0.062203458749493366,-0.07644035713067944,-0.1421341053875783,-0.015189723560265829,0.14126679121992264,-0.1303211961265932,0.14772518225459141
0.02966476229346059,-0.004498961791966614,0.04203739633186177,0.3386478215906524,0.04816535352706159,0.022157365597488134,-0.07224895258737085,0.2388791009980993,0.31766589381326504,0.16177478583108948,0.14221986539584924,0.3446976631503122,0.11446968188465996,-0.050170225714429674,0.018855708894664303,0.08081404732567259,0.08666676392420222,-0.002841060300542456,0.35763482859715473,0.24735503878153575,0.04864377992359154,0.16801055419300112,-0.14355973711371597,-0.045233702726863355,-0.001401559363648863,0.20386922457996218,0.28095802740722825,-0.0321219017718975,0.28197641936869716,0.3428661553013587,0.17684562951333568,0.09266626376440441,0.11603897064704813,0.2536659003674115,0.03193684499251198,0.020874479735606712,0.09895574919545835,0.3320785674369656,0.20632509653907347,0.16008403017584033,0.051392967376722894,0.27424069176592153,0.19029626343300063,0.3077267530808092,0.09155986397276779,0.17419779918969125,-0.0074278393626085425,0.3125516042624008,0.287893185286168,0.1161509041265414,0.28318331281262993,0.3168617943632533,0.3315215407121112,0.1180871294547224,0.2831375524360729,0.07841144283874067,0.2962169331356649,0.31557425717867854,0.1862957947944925,0.17335454351283808,0.23671463799565914,-0.02829498367502227,0.17228000684610822,0.2236271753805765,0.15020777433861407,0.2079623188339889,0.031461503360514995,0.06762601020156342,-0.025038842193050668,0.2661321340080401,0.237270391120727,0.1377135388955591
-0.1680044364991289,-0.10807397786393715,0.17772308352883626,-0.2493357555958992,-0.08003286784995686,-0.0035203599475874077,-0.25802462509754376,-0.23367517331459048,-0.3803894686772014,-0.2935281079384497,-0.3045493596129667,-0.26333573131194427,-0.2152393404979982,0.03142376676301309,-0.10287258564774428,-0.3422851448070469,-0.38589626098862123,-0.1431479622349094,-0.40644321760835556,-0.3232263715214266,-0.27799802046966954,-0.11282167073653426,-0.16267813893075486,-0.3471558507661531,-0.35257971989455206,-0.17158575075514534,-0.09271656601790332,-0.41287694750854004,-0.062472766534089626,-0.3723804546000567,-0.18092506864459534,-0.17083540097297217,-0.3676400987078895,-0.34559053649249066,-0.2847740677152956,-0.3208424071811285,-0.13647573887224326,-0.12579002127144306,-0.4215679191338891,-0.3409138593159359,-0.34758683199695645,-0.06531611927611902,-0.08633197758101455,-0.16320424167170236,-0.36480451994928803,-0.4011686370797505,-0.17967384006991244,-0.3461435518815197,-0.11943298331270462,-0.28522139646001227,-0.2177952585224614,-0.15746566643015808,-0.2847547477285912,-0.20857101109464543,-0.1916050459382017,-0.2974448118519083,-0.10175643615788159,-0.0642532204031625,-0.05598933870912832,-0.3713967739390488,-0.2538500481918813,-0.07778191502912396,-0.05167985097979919,-0.3808791367595559,-0.36225791914126254,-0.3621171523896513,-0.03435120481906746,-0.10226780761965498,-0.35480838274297083,-0.1475161762512279,-0.26983289073594446,0.10563898634232594
-0.11088351181642009,-0.2997707279880801,-0.10259161104027524,-0.30566881062901485,-0.42695371539468635,-0.3050604501868147,-0.1217003908620782,-0.2534855628831747,-0.16546817038127123,-0.2541456218379848,-0.42417332640674005,-0.47297216466485104,-0.1160190484988802,-0.1349114975332076,-0.2873708216742209,-0.18533015632395386,-0.2380425948751057,-0.4180362193823659,-0.4848243172210141,-0.11389877962477866,-0.38268445705501203,-0.3181567084407148,0.008092915662926404,-0.14314134129223505,-0.49293162372223565,-0.3630024110824193,-0.376787981133523,-0.4822631302641229,-0.19112955832971804,-0.19094614171551644,-0.4853500649205375,-0.47635326394946537,-0.5071557451443698,-0.3902383814124154,-0.47064581826122504,-0.4692493453564058,-0.1705156667939053,-0.3566965506795049,-0.3950365400493834,-0.36716787360931064,-0.40482317767554654,-0.5009838264205086,-0.3647167171146399,-0.2190403453031113,-0.429717345173302,-0.35847919665900335,-0.21392079188613375,-0.32684452907708345,-0.331785897097848,-0.46209958666865186,-0.2545735158608803,-0.35735511213722637,-0.47984963178908624,-0.24554179133008455,-0.5740506869199757,-0.12601466136883943,-0.5087063286748903,-0.2757685338437064,-0.14238389748650132,-0.38315759763338936,-0.5065321934190383,-0.38127078875094045,-0.39071066842390934,-0.39749382878486444,-0.5660793706175491,-0.301496898624502,-0.22276719206236853,-0.0706303506613275,-0.3545455796399325,-0.4877588306781891,-0.45341743114734345,-0.008292485727868462
0.21855306513262915,-0.09971407782052026,0.0035873044842061755,0.08142144919066152,0.26886190048326186,0.020804749877876588,0.19114651264061772,0.012628702781634108,-0.05078191873222163,0.17422814128851524,0.19541094744442966,0.15892738636459333,0.1291597412543121,-0.058137702096786405,-0.05638155790248928,0.03773632338530277,0.2788359006430941,0.017873212633947193,0.10356811558700359,-0.05326367279596143,0.17919586249720962,0.0576236236753922,-0.11921221792176587,-0.09810382034170252,-0.09118239451746092,0.241809968324828,0.10444397399867465,0.036994226089551045,0.2004045260554511,-0.0726334816508228,0.11856939495498717,0.16737919814520968,-0.033552247958886304,0.14463226482523564,0.22443104463750796,-0.04066841577837999,0.16442685509236646,0.11643597414792355,0.12736510168813242,0.03400882767691187,0.14875327032461733,0.0036124507604749405,0.049491022885472205,0.03570890914183733,0.15869064950709688,0.19438046730939296,0.2204344497287527,0.17887001760139729,0.13181136092882098,0.254893470425106,0.08078291275662199,-0.06231606056460662,0.2610256178858966,0.17953001079901054,0.11088897768048184,-0.09458031546767981,0.013228291499267023,-0.03544947922841224,0.21370234900200666,0.1383641532433118,0.09017393263610317,0.050961305403425666,0.26856307541798485,0.12383044373765222,0.1654460485078358,0.2316651637627291,0.09031872849704331,0.21927501589119178,0.005147222495421204,0.02289296651465962,0.2467742816553789,0.22062268586676786
0.04412195677373125,0.13476834460740084,-0.07162198422246119,-0.025219740418823373,0.12683873321494057,0.2129637877256374,-0.04155165909899299,0.08394160794497205,-0.042454089150052284,-0.0963550589041751,-0.07170653742798573,0.08955293992650853,0.24034402040170733,0.2048518925361335,0.07612778436062263,0.23344096032668973,0.18233905273230608,0.09258161870710459,0.02584798031670543,0.10865257037482788,0.1204680426166917,-0.09713561422801552,-0.17187618002405422,0.13714248466529597,-0.006881149396062379,0.0519549010503699,-0.12588168757329787,0.20390254393048934,0.11694171061778486,-0.11181067298296318,-0.16252115388593386,0.04857891847159242,-0.09818881667394881,-0.06036794233641358,0.08080879250573789,0.011596675310232707,-0.043673346417446274,0.07800355833586432,0.05665475901936377,-0.053180010967040996,-0.058288070741315805,-0.04058190877701367,-0.08213583799559031,0.16878566688022062,0.03388977888774603,0.2458105861914262,-0.15116398755422397,0.06059366169134126,0.11907195955975636,0.06050545670629146,-0.10947738842143111,0.15285152769349064,-0.10669700881109989,0.190537944948779,0.15248289916083832,-0.10681892653094142,0.06628228375780668,0.16036609124283113,0.08513055108427,-0.11746619169423445,0.19530774728570274,0.107738980965812,0.10949140153762392,0.2038815827135195,-0.0921025492557196,0.09211475708216606,0.11428932106582584,0.24199458075633437,-0.06375180149543908,0.15027777985463944,0.06610510720089223,-0.016489748975177746
-0.00904741478564045,0.13510609521487543,-0.23454727180891605,0.19945574244964298,-0.10902245376389737,-0.016805619632061897,0.21823319923528128,0.07311595927995655,0.227642199456946,0.023610107006401825,0.06753055383301922,0.19328177259642232,-0.019098194135663462,-0.10207023769817061,-0.06713089690976545,-0.0025775171359466095,0.13973178948464357,0.017697797297164825,0.2631045385283212,0.07420879962118383,0.010617556963840168,0.2728172110364348,-0.16469903007549797,0.1731859499554257,-0.08367024232563028,0.2707053813625777,0.01810485304190111,-0.02790020929781865,-0.06697598382339093,0.12468076920785325,0.15938988793780176,-0.02897763046981136,-0.0745868062054565,0.014492801407094691,0.23225547119613826,0.2101502957966122,-0.03902653174899889,-0.034990914232739735,-0.11078102691125247,0.1170185878138254,-0.13461989388691742,0.09723286139205191,0.1848029212114946,0.008511918464860829,0.09032779912197696,0.14098350787893496,-0.06231752776794394,-0.15354087568649616,0.2591132620783861,0.0027648395631305984,0.15047407268610946,-0.03153789579953552,0.020238376047309083,0.063043924352581,0.16353948935156623,0.26531235959032035,-0.01340649027951081,-0.09201038211079293,0.15920255399991778,0.03552521160947868,0.0325584847297567,0.09977552522621738,0.05250595607471502,-0.04734020655143058,0.2742821785821293,-0.03913950232202079,-0.010598949860809436,0.23576962859845235,0.08752293171823461,0.22366701588777824,0.1873986037890766,0.104975285650006
0.19320006141186863,0.06235640121904245,0.08670963706123026,0.1214368921489822,-0.06977681724992468,0.18297607141457686,-0.06197765678651199,-0.09751702684073729,0.2608267239356346,0.19777355898326174,0.2123862599693627,0.07912234898889334,0.18224121865744647,0.23788769947919625,0.08711888266174031,0.12284366125091876,-0.10229139087065804,0.08595845048821583,0.1363030851625694,-0.0005310300181639483,0.13169929993479967,0.01191365124398515,0.06499900314526519,0.05609327191022844,0.22970219408432804,0.1801471389731981,-0.02606029903176296,-0.07435376125781214,0.13402811963973704,0.1561101567761537,0.23167048804842483,0.17492569511013611,-0.03679615679838351,0.22500699363878401,0.20510504133741345,0.22740843076817627,0.05535368467245073,-0.08472742281701166,0.2748370124652842,0.009856607366499036,0.17062926912586251,0.24400003025729025,0.1372413349594254,0.08153496580053075,-0.028008412559215237,0.1984425927223931,0.13963508216200932,0.12039372266821706,-0.09002805828313007,-0.020034082634157957,0.26703750254846437,0.10560321992905473,0.24505370871547064,0.10214002005270967,0.05510041719791848,-0.1073323877059383,0.1489051252467478,-0.08687492281551878,-0.0332544869449692,0.14827590082828424,0.05734762451672232,0.22005197521003425,0.25549957842607185,-0.06015689013267915,0.15094882169324525,-0.032871067393475215,0.05046550991433627,-0.07712589566552874,-0.08729065068148603,0.2359035924525156,0.23960667053835671,-0.07849088356541777
0.006741745711171602,0.10108796958193395,-0.22979413858616327,-0.037217748156395274,0.04319682845131679,0.30810685662311976,0.2514428938239812,0.12132608739803949,0.036828382594305056,0.06408312850105273,0.014732179689932276,0.06188176551292052,0.034493373191784464,0.20567660265527984,0.20564446294693245,0.10743018700428655,0.25978819031961065,0.23702197516101006,0.3136067911961571,0.29363089892316485,0.2292721624301976,0.04841118315887844,-0.16707028033085655,0.25225909880218794,0.010573250735855511,-0.05594361893789825,0.28763002835500523,0.06457856763631963,0.2446994536951837,0.27534338382810886,0.2950138588602103,0.1673051985328199,0.08335711491475237,-0.00350974243058683,0.3041946367113995,0.08012157532014859,0.17383233354162542,0.21323044925180568,0.07403369502393857,-0.017815666701795504,0.058284185599903345,0.06126966483496411,0.21215381125862937,0.010732898208262086,0.1477065695603098,0.13263634957085593,0.06127922264594941,0.125317350024505,-0.05866492507742715,0.22477075256294984,0.31898098859771956,0.24584456653118877,0.32098065369370177,0.20601000743843265,0.23386824265934028,0.08766544227293628,0.2676805394465396,0.008372938591157992,0.3208290036619574,0.03472247852212303,0.0364423900650218,0.10750115926200561,0.28940786697351545,0.13542186445251322,-0.03515828428086643,0.1365993633029532,0.2790632232424924,0.10380664959364655,-0.04537295533240314,0.1697661650704462,0.18446925627231262,-0.017221746505798795
-0.004270912001246115,0.2701077612786624,-0.03987087142835321,0.2526225658217103,0.013923061673515234,-0.016767163757977124,-0.06602472045368474,0.11880805273520445,0.18387721130736964,0.048907055299703385,0.30572165228563036,0.10239514120230128,-0.04129868108132175,0.237322557431614,-0.01841201411302757,0.14733366436371625,0.31499660514947286,0.12586659877829087,0.022439075021594052,0.0969543907495031,0.0979894983973761,-0.061563545268410236,0.09727427700778765,-0.04194499870092988,0.11238610335820409,-0.033591307937201935,0.27930492008216956,-0.041844348068532516,0.032194347914901576,-0.032187685497073175,0.20942157957525576,-0.06220408596181005,0.08270517598287999,-0.041572607119978296,0.1316365468254695,0.30647048180102987,0.05652434952033454,0.24496935871360798,0.26944622596930135,0.2925637918215372,0.16262862676987622,0.13397784425386258,0.22737161853405966,0.2709396658157546,0.06668974188841754,-0.06734276917704647,0.22926566797808395,0.23379034543722468,0.11341385401428444,0.20301699945934495,0.15164581383483652,-0.02843665222415645,0.0732519443152657,0.014675959430006193,0.07222358943809826,0.23750017629249878,0.21320626742038548,0.19704535911075846,-8.122741667770039E-05,0.2386298474490081,0.11612633903556509,0.03025530857212309,0.23422464034954704,0.15887020643258473,0.13357092098826134,0.04058499645821355,-0.04991533958917803,0.14884482088752327,0.22271743847724307,0.27923746539694955,0.25240136034544036,0.2923045538097625
-0.1582230751864085,0.005452873274513269,-0.23533326122177922,0.15111803519639225,0.1306236214621975,0.16985743755888474,0.12397164267448493,-0.036285600855508686,0.09775989864331647,-0.11103766905840733,0.000729900912578911,0.14663248418190006,-0.055771020266218004,0.16397355352740606,0.18468710070497832,0.05004253736463422,-0.04049743128398718,-0.11018759517422501,0.025493614460966863,-0.09390886169414701,0.15452909108871632,0.07111788772545838,0.18118844444370577,0.07248655113208768,0.08174198028297715,0.07298145685896719,0.24133374690646495,0.1295796923196891,0.13733127679103385,0.08796822100145706,0.05293378591204865,-0.10720068724606868,-0.02745234885382773,-0.14328017195148243,-0.13305123868421784,0.13317547051700607,-0.11300252889469296,0.11368967817828124,-0.1442127065182082,0.17881664343948445,-0.08394149707282768,0.071710917620541,-0.06543507288591509,-0.0016578187450480351,0.21610374257497172,0.008023373521502706,-0.032107932081877934,0.0801488180755035,0.1451779605204964,0.21359000829951227,0.2461805702304063,-0.05439705944914561,0.14398241360602557,-0.09814332776142354,0.07799570493016035,0.10764784585394062,0.03643452737674958,0.2220593627859828,0.02245225227173885,-0.09957406036774787,0.23063363639747683,0.1438193681036029,0.21138888483734883,0.054235836175812936,0.066858692071428,0.026505588743351315,0.0446935654960788,-0.07625484144115895,0.23498921835841463,-0.09670140986744577,0.03316572987555651,-0.06773531380981691
0.13155768515701077,-0.0005144186916763301,-0.19263092897531456,-0.1286239745607682,0.09016805149987496,-0.05097988369771371,-0.12716955843259467,-0.018690803653672115,-0.11318051775039878,0.0828947637216749,0.17033500230552157,-0.07783841733798541,-0.10152473305914904,-0.05541226191346936,-0.0923722868200621,-0.06162125519070497,0.02760540827910833,0.15414315095817185,-0.01920191350154109,0.1211184842231203,0.00955182146703221,-0.10674775867235253,-0.05055339986958198,0.22278121795762118,0.011254098935494629,0.12097268094353156,-0.08108030790587359,0.1258551243517088,0.18754326326119503,-0.03776206440244651,0.1420418132345313,0.04841218355447724,0.19902210589923386,0.24926967585657628,0.06892759330925619,0.2154127333602733,0.1904508242441119,-0.11018175272246448,0.20760849992750527,0.11832956643645509,0.06682864085871286,0.012023661072222077,0.19145680145832436,0.06459532847381269,-0.08464402608063007,-0.012176860518146485,0.07545496869359804,0.02169276938002229,0.29138026056473626,-0.031133853224419205,0.1769321349476198,-0.07016364622857271,0.1629025813883097,0.19258489531638856,-0.12910866921247888,0.2595176094930584,-0.056297186642742254,0.07067231113079059,-0.02082242438738698,-0.04375270605501344,0.12967995758938988,0.13077522110653725,0.2535210176995279,0.08902622680916102,0.055023532618493194,0.04476626516990357,-0.08104821264667815,0.10543217952510844,0.08841694075767521,0.08218958182256222,0.12648254768688053,0.14260817349295707
-0.09654886821618894,0.16564910747447473,-0.15230928297043486,0.1094625947777124,0.03184545871173985,0.017427120096119908,-0.09133970106193515,0.22108143567941296,0.1286100069568192,-0.008905340706756134,0.17416742381835493,0.3015755103600134,0.06261137425912898,0.23702751149283524,0.0726153797722785,0.29375431214306086,0.16770559860031517,0.208344175272479,0.3202072759983041,0.14253136913952302,0.20381354715877265,-0.06904763248006336,0.1779016049033719,-0.002397725734080273,-0.03677631181309749,0.30125155653449887,0.20963216555634276,0.2589807475800577,0.06116172690571567,0.20456971113221406,0.18204197427128596,0.07979024411661245,0.1773275843086786,-0.04964018660843321,0.23016263685538327,0.17148757178048996,0.29289928640828666,0.1199548984916681,0.09691323100042136,0.15356743233410278,-0.06201769285574235,0.11544973519230661,0.26843117133486455,0.19469469527747665,0.05402472945166673,0.05528741527234138,0.22408090565634192,0.014760331875331618,0.005805946815872748,0.27905108377770815,0.03319208304781066,-0.001806258956880062,0.08848437822949148,0.23662828013793585,0.12662324608347483,0.2535730839251658,0.1577562634083092,0.028861816223925457,0.20758920408304843,0.2842248434951929,0.06570730770523617,0.12499120726184887,0.14444557432284807,0.11440148415497702,0.090684898122331,0.013783062808598432,0.0922598260591795,-0.0526409093960322,-0.041436987301452975,0.21108508472013227,0.19449085268853245,0.27541392778089746
-0.10542591619941553,-0.33295013609026647,0.15265573982335792,-0.17118427488846488,-0.3620877928250807,-0.29881733097775903,-0.09117877284256061,-0.30243679252258215,-0.13745169806316973,-0.23499955603472922,-0.5078684565107475,-0.38337214698240124,-0.19326954225138124,-0.2700732358779612,-0.11054746296619275,-0.19344885357399969,-0.4064660640012442,-0.3032095069019611,-0.17873228002985297,-0.24037505016795713,-0.10890945781717727,-0.07154854105897512,-0.026782335745338552,-0.4413943540571808,-0.48432896130244635,-0.4374316222896272,-0.1926874614099857,-0.3269202720470119,-0.26472749566522147,-0.1255059440746884,-0.46626148994652394,-0.47157652033747144,-0.1707738932964437,-0.48348471099975354,-0.14594117472572019,-0.5174813759104354,-0.3226843111644591,-0.4477343980896719,-0.48963245697202434,-0.3418109308566952,-0.3737922158439649,-0.4100933504605555,-0.5551887426074053,-0.14921535714910256,-0.4006465767671705,-0.3104676768107388,-0.33958869260311675,-0.5003810477552879,-0.01966979221390327,-0.39296354226410346,-0.4210241516641606,-0.3459135593326025,-0.3842748893689319,-0.5132550363999139,-0.31874130716444293,-0.3194141695288859,-0.4774173915006578,-0.14031256542516296,-0.2922637998265146,-0.5055863872024617,-0.417350918121886,-0.39412447423866476,-0.32708340580369677,-0.2751709474922962,-0.48625110012617495,-0.17413362064651267,-0.14157451348355096,-0.4018028087999422,-0.4847668326460343,-0.3757996759183635,-0.33967550776182304,-0.1833926405752046
-0.03522118764794755,-0.45034729389385436,0.06670039431345541,-0.40379038365906583,-0.17971751863684957,-0.4126276643057812,-0.014596852885447154,-0.4419073239287004,-0.2907008428570052,-0.10786264740013679,-0.29411149858399,-0.26154761380862146,-0.22293658656786988,-0.32596708226097565,-0.10004103073577897,-0.3542556054543271,-0.1638642945260701,-0.4303310442375082,-0.33781204503881757,-0.29199524188011716,-0.11603013662484687,-0.22719965138808373,0.17099606670444875,-0.2634516065910651,-0.4408735207845261,-0.3813559820542864,-0.29076618860254894,-0.41425127595044337,-0.1520679051045081,-0.3827380580346616,-0.42801533643435796,-0.1410118605954395,-0.368576054203067,-0.21195255321402756,-0.27972575416252865,-0.3074607236268173,-0.29261297331703834,-0.059986237426633504,-0.435553136880239,-0.2694201429004682,-0.4384042938755923,-0.3607997962982414,-0.1989416567149032,-0.38243349137836424,-0.2246873232333545,-0.27566654749514535,-0.4683877549346563,-0.1810573324981958,-0.1377337646295517,-0.21792783837473328,-0.09958195181743872,-0.3949544405830815,-0.12300725715368524,-0.38126520509263123,-0.392414175288807,-0.12092526324834793,-0.4641897598792509,-0.46030842593207416,-0.12885352265649985,-0.2870844667755964,-0.07935559175142133,-0.3613190610565242,-0.24904371263796357,-0.32903951281289634,-0.125009932032929,-0.4108689921256793,-0.3163905060686319,-0.348645979931345,-0.07584698036637323,-0.18149297059233435,-0.2622887924731812,-0.19104497043851892
-0.047991279287045795,0.29436208389628477,0.14552132362872797,0.12530978361633993,-0.02220239267820651,0.24122480274635252,-0.02662657929689981,0.06575497222914106,0.014172291458518567,0.18060510640309882,0.3015852989097839,0.053709164762935996,0.2906684471163852,0.2542995636960037,0.17574912858905478,0.0506530110645316,0.06788006518845356,0.06412895470275559,0.14693218146893752,0.23055830022315896,-0.04734917051817365,-0.010603552519492148,-0.027120396167821404,0.14762220418765148,0.08076052581542428,0.15085574733444854,-0.08145912201406479,0.11152990330698935,0.2554868838121534,0.20299676721122015,0.10377482251846869,0.09913559707483637,0.15462152880800284,-0.07905441230312601,-0.04935884345644818,-0.043569227886990136,0.1363192977292658,0.17931129451819144,0.18014120741224407,0.008357495349552992,0.02236464829270312,-0.005579082169745018,0.16992387692400868,0.3000689101922237,0.17904226248269067,0.01748402210330216,0.04119925098940948,0.15858471826883436,0.1851802781852694,0.041556163176227505,0.18412371083749146,-0.036127271313497626,-0.06364737908511152,0.01738096090307513,-0.05839812755090122,-0.055170844086672714,-0.04047863087374598,0.21084977978802458,0.20004939365347885,0.14372947819377163,0.24718740797299607,0.08829075618331002,0.10692683380103189,0.29062878174398954,0.20762176963245552,0.12205822129963406,0.023526891681251678,-0.06749599597442257,0.18965283830876897,0.10688815810319242,0.1032235781095599,0.15825181893550028
-0.11012259140315514,-0.3161865538147621,0.11774965235584815,-0.2153489634341697,-0.3092204447672455,-0.21243343956721594,0.011852031521620017,-0.27918074056510406,-0.3076703825719244,0.08318234617475434,-0.28524263963708124,-0.09586421744953788,-0.15568744549357663,-0.09722330261354348,-0.1978693365026115,-0.2868206827808843,-0.30166343464892503,-0.2847334204976429,0.08621151745044225,0.051751216674947725,-0.20643520458485548,0.08881975008621532,0.06097730911551251,-0.2360618859602738,0.07169916941458522,-0.16277227471447198,0.016027065583604422,-0.2620081851371242,-0.22073685286317662,-0.26265828151098786,-0.2732494898878586,-0.17961302875747173,-0.3064934865787298,-0.25751458699539187,-0.1576683852123725,-0.17708418289201153,-0.1336839660414876,-0.13869092244225434,-0.25671780829187146,-0.016431226821836148,-0.07340086757641091,-0.22937112575500782,0.053222510504599634,-0.08730852211022502,0.012719658641271968,-0.23834053937664826,0.04357284501379181,-0.24616465269369697,-0.24474841553060225,-0.07996680566251504,-0.012613703221357173,0.022249877445127377,-0.024934275076184,-0.2950298612798469,-0.3241188822602542,-0.08291229555375824,-0.14867825463286874,-0.0552058167283326,-0.21694808283726152,-0.2726140007050484,0.05273122589762539,-0.07675430528026925,-0.11395968125937148,0.025410417214459528,0.05817516885093781,-0.21864119350376435,-0.19644063651865531,0.01659488542146271,0.06695218793035984,-0.2090319967224769,-0.08251279882390387,-0.01942196412306845
-0.052949380541132844,-0.19069962398000337,-0.10029782745811143,0.19812522208889072,0.06371612993432363,0.153858009630133,-0.16675776298438197,-0.04609984294244387,0.1928803923992234,0.19343700059536273,0.16287799098497668,-0.06633168998337731,0.07659302568418117,-0.10594884292036236,-0.1370777014485183,0.19066513393794143,-0.15519280566724908,0.20721367081727504,-0.11683277895484141,0.13221852779368334,-0.03159856306481718,-0.06296005110170809,-0.11997515218287783,0.22717576246845195,0.026970861670661195,0.13785585311314874,-0.03102880980320686,-0.1695361926414929,0.24425437378123505,0.05201551709857664,0.16105298275195193,-0.16508517733528044,0.020187910663270803,-0.07523716356791202,0.08515272831579467,0.09522542480529451,0.24672671451388473,0.2476877814847337,-0.16873844684181355,0.17059901768593613,0.17928011506617633,-0.07566666737468898,-0.13902399128260182,-0.14190350385044226,0.022994401073677916,-0.05528808788693237,-0.06718615622222514,-0.2093712596483492,0.03587103720934031,-0.17591126025683576,-0.155985627822736,0.17956403817340463,-0.13806487027087128,0.2326918926275959,0.19093239626149505,0.10013039583038799,-0.11126424176325737,-0.09904576911774368,0.0028465828607022914,-0.02958968238484617,-0.117701240477685,-0.08612173616106358,-0.0430716729383601,-0.1762936669275486,0.13470768940526115,0.03734337743963611,0.24392986741021136,-0.07218031152911793,0.07020263144617422,-0.1281964169620348,-0.12926669565532753,0.1817398557505414
0.014826962734946202,0.06402049079258645,-0.1105276413681834,-0.029004408505858194,0.3181098667249511,-0.04520537175119492,-0.052764875206906404,0.058166643460043535,0.13491159516154777,-0.005191750439312877,0.2452512568543643,0.33263252125110543,0.024924225689393804,0.2749901992040567,0.30093627665011163,0.0008223935983025223,-0.044652049165276965,0.24050056488726887,0.0839347758461113,0.20375458558644152,0.15030264367161886,-0.02082641476717883,-0.14526732464534203,0.09858246376940155,0.31543168439576535,0.057039407046366876,0.20450112264690684,0.3181411128259394,0.07138203234139238,0.3280577538729063,0.23412137834503813,0.04649691332699602,-0.01026986448135439,0.30428939175955466,0.01967760163849026,0.15101403358011037,0.12947738642754072,0.19739364620239638,0.17445941807361537,0.16095205362742948,0.09245538246058327,0.010882125241632616,0.15550106210305606,0.2852131533123988,0.08842820207399023,-0.018538628918584026,-0.003932661993079938,0.2594165558626623,0.1812985049537257,-0.014030296483579478,0.07413584222025814,0.3025668636807003,0.041117848004672386,0.33216452231018384,0.23805687365550318,0.27976815770792157,0.12094016822321557,0.30302359115860245,0.11311367398664994,0.015860013074025868,0.03156269686064496,0.15592450073697325,0.2508701895055985,0.13843203969535306,0.039524658921761595,0.02825172205423354,0.26374659385180427,0.2193640515028821,0.029313036330472542,0.2540523202498911,0.26014342662852613,-0.06604572363731098
0.012554092879083309,0.23075102720345336,-0.21967975056749933,0.18677295318269113,-0.020286359951172932,0.010811687620437847,0.051507735796357396,-0.03066630256261048,-0.014233126863691709,0.060919791846592464,-0.09898283501510724,-0.09102934834527565,-0.03080741787917916,0.019276160204575662,0.15635280763994028,-0.003380530784934706,-0.036818478362048726,-0.060320178348805,-0.05528575748803704,0.07871531798717948,0.0506194332909796,0.03973725971963272,-0.20751090161306238,0.0007973541867449026,0.18046058923631145,0.19200022025389424,-0.08624448776978542,-0.0005709388165749249,0.07826788700117074,0.022658522337572724,0.08393616851942748,-0.1090297071336639,0.0007880251887217656,-0.08441829812612237,0.018256194471825728,0.22161778109898259,0.12110006218612113,0.15518095603596244,0.19821734732521226,-0.04444194740585825,0.27215370182262016,0.24688662442021478,0.016337556484731976,0.06730625648983185,-0.011807145951866728,0.17352870901723694,0.08677585556753833,0.23338079390848754,0.2564469791220047,0.08290218534269206,0.16843290430276975,0.036995668985775214,-0.05422056897119593,0.01399124324338585,0.09801603361809431,0.2307015524945473,-0.15775434808172645,-0.05553099064156786,0.011904903461984072,-0.04083375628977326,0.08521001419136016,0.02787479641449471,-0.06622073365013183,0.20329800753619218,0.11292995709266414,0.1671200997473897,-0.09370868736066205,0.00991033871109602,0.10529267396441921,0.07132449060590725,0.18970582196686295,0.007270429428451488
0.09318192734993715,-0.16398758710659944,0.10784114080312336,-0.09768608269271305,0.013496171236766066,-0.09682953698698336,-0.099635549498277,0.0551536902546334,0.019418112420072037,0.13711575550118815,0.0038514198537439757,-0.18762779310425806,-0.1453817486192424,0.10087696847829075,-0.04684117419240956,0.048334914107522005,-0.06605409321518162,-0.02665036171062889,-0.18736443791956225,-0.07089724716434338,-0.06139019794398721,-0.1630648626188771,-0.14044609625753252,0.17303479412546033,0.027451554462468136,0.18265575891928348,0.10323937813466579,-0.18757335897456123,0.09115488012190132,0.0980051959695217,0.07916782706803588,-0.041971432398372165,-0.04987838013051625,0.053097722970339156,0.0614135825259597,0.04289452433691867,-0.07714369265444795,0.06208404251931837,-0.1454778038479971,0.06179150146851814,0.043493947238900404,-0.15310333074803176,-0.018693341063773402,-0.16770157538095296,-0.16414075290894808,0.1128385826644779,0.034010888648086095,0.12810098395085276,0.15297006789119227,-0.109334633448869,0.19490226602184896,-0.00535119749807722,-0.08353409603301157,0.15717290876959575,0.10473330424009794,-0.06499227000934692,0.045846316256204236,0.07407931258586098,0.012374757068803395,-0.06406476670091164,0.02762547742071064,-0.13428066532424882,0.18083625048916366,0.1745029715083646,-0.04291177246647676,0.13406270716309526,0.06409194072776153,0.11276322107028747,0.09121489192584843,-0.13315498421910774,-0.2278286254772907,0.06852261072643853
-0.026973224422316134,0.17524254261767483,-0.12063840315620425,0.30809257220727293,0.3827478712165514,0.3462320932540165,0.27848715792547346,0.33255426907609853,0.2891959694339565,0.13221396798547927,0.3641349059059215,0.02971942712366509,0.22181616416967612,-0.006967882831809991,0.006816093974023329,0.36967964893057087,0.35141244250553144,0.20679852482044067,0.19877052794537978,0.22862059532596848,0.12515386054562336,0.1019139960486166,-0.1963856505723933,0.13824438442110606,0.14657718706827236,0.3150276352237721,-0.025150381635640966,0.1608309934523763,0.205601462092037,0.22918272655068883,0.31690772614450907,0.21709074947341056,0.3830648353069174,0.2783725709533753,0.38534582131124584,0.19090229887119914,0.29132407639994984,0.1004295285222077,0.27756419734393,0.304822714551398,0.18427559779001218,0.3051559747824466,0.2848977609917415,0.22308011024894725,0.1121575967090125,0.09980637072675418,0.21112356744835353,0.33007892407765865,0.14649029109834497,0.25155289467507613,0.12753264671184214,0.3491643597752521,0.3770823851721335,0.3443483229884412,0.2676094277771916,0.08584024407016956,0.13905521477324287,0.0065263063899050336,-0.01147960836698494,0.3088128927384427,0.30345891614149395,0.32926375193987567,0.33370761559512835,0.3875740948736846,0.165763260607232,0.30238917878439514,0.1592027049959062,0.030384264294994717,0.20037031011102174,0.18858637034212622,0.029428911751608406,-0.03152726528943286
0.10009482519682178,0.19869928051555144,0.003429696670102051,0.14951458343094204,0.19588690735394032,0.1587832108484589,0.16238770886309287,0.19878539374650434,0.1029322299824619,0.2380347260830024,0.0796901561336162,0.15704913789373304,0.18506768599173556,0.012129299896844536,-0.0140624528764744,0.16398804530791145,-0.08516655819438315,0.049570849938728304,-0.006913092050214725,0.0841231206407103,0.29933678259220997,0.2893418530750633,-0.14957146970757773,0.022061676173500386,0.2782993443762525,-0.08053870499012923,0.04139229626178903,0.023470301239302965,0.14415236379681243,0.2700515514319641,-0.038222842562287876,0.2941276868712237,0.0857152770812354,0.16159694196146218,-0.08297579166564845,-0.05466380257300315,0.18371005906911062,0.06923916510742324,-0.0830658998707113,-0.029585450623271888,0.12792825957460988,0.1100721786963447,0.2766805777680143,-0.0041102958836870705,0.12411617453824263,0.2216230496808779,0.1681040602107771,0.2392714330948471,0.20087762371635587,0.03383743270960181,-0.01320609509080316,-0.0007094061339182635,0.13573766389524583,0.24787963681240965,-0.06456519545348409,0.09804554446973791,0.09895461494532319,0.13230316094898523,0.26322196221918337,0.12115141231167516,0.021191290884967698,0.10289119299679819,0.23684870807963906,-0.06958209284389182,0.16039677283661385,-0.04509880488030521,0.1356636603767215,0.27300568047671137,-0.049417060552351046,0.24365155458572083,0.013247177238012537,-0.0320717263114694
0.2656091366540588,0.0037849259974681044,-0.05609011583650217,-0.04632270882649254,0.3452048618458076,0.11118317618551321,-0.05483514910505686,0.008305300892593313,-0.057175773323747923,-0.04724222681428801,0.29157590352397034,0.30519024764983377,0.3112371453003047,0.26624523124533317,0.20251864676482006,0.14142838907910904,0.12007440284985912,-0.04961787490452656,0.3416632730536399,0.3407783286978103,0.31411259189539176,0.012982492092952318,0.1524696826064886,0.16400582457628393,0.1681216722851811,0.1115787318766714,0.057705241161357876,0.32437717703213076,0.2266482817565224,0.22703519026671737,0.0351971784958074,0.3339602694262438,0.1509487106896938,0.1645679502311536,0.2563537834301899,0.02866431277592357,0.2683371609129109,0.2927467557947581,0.1009964253907614,0.05309988350760895,0.19244584145567828,0.008300771212170335,-0.051661063303381924,-0.04769271656472271,0.23065868319465413,0.20405409976008115,0.21648868644795963,0.02606559041372783,0.2302628220228571,0.3472818887336101,0.2407114431960478,0.13766781765984862,-0.050026225072016754,0.20521262273976637,0.2524730860149871,-0.04654785505384279,0.2884694193882369,0.17964349269963167,-0.05971258163115404,0.20047127526245875,0.17475254274497778,0.19671881096827334,0.15080686643857152,0.16621976857161835,0.04976708008512452,-0.02049918508253629,0.15453508748457262,0.14713392138986123,0.3300555730615273,0.17853946319186728,0.21906358324469394,0.28926896039347344
-0.014815378321357923,0.12165651341583332,-0.123305391290393,0.23173407671021312,0.2509647029489714,0.2951346854962473,0.04959522624608101,0.2204415393220759,0.2743227984709475,0.11217976681935177,0.17444800393591225,0.3160161867907998,0.06819609425834791,0.15208444485255743,0.1627580491899457,0.2567914135151141,0.1282901597665721,0.12634216905034948,0.16281763464929366,-0.08763708163018885,0.14469128299288012,-0.068215063355466,-0.0500126784281324,0.1152714547550157,0.21700335647417487,0.03347577583194456,0.012706066095861737,0.2300391472526652,-0.040150179621847804,0.11505918251538984,-0.08918166334689537,0.25770468031410465,0.018670818650104965,-0.02992581930503497,0.022261598558585827,-0.040513604381602855,-0.07463140457792657,0.26450535816501297,0.12318149856301107,0.1897123085839878,-0.09436715991074016,0.0782522877782945,0.1288373268019743,0.04758215308765678,0.01680516485053463,-0.027584558548624225,0.0848467694386204,0.006333649668748309,0.2092199260717496,-0.043179395564626764,-0.015678707675028693,-0.027252293060926882,0.3217484727534836,0.057076362184106014,0.11431724308007396,-0.10377730997129517,-0.017143878194056838,-0.024606057140521744,0.15253950854929582,0.05389361812679348,-0.053455174261660035,0.04470797319306562,-0.0888962363842726,0.16613348952970036,-0.03179756366570915,0.19590809391037264,0.03091288983511853,0.23265707631828011,0.09782466628621701,0.16915109162464925,0.20497536278717954,-0.020177000610251423
0.00010969242454195958,0.3065763403385916,-0.21344824796182585,-0.06633851237329591,0.1025181105106954,0.0519812092340733,0.1713784068677192,0.058787688758301024,0.31836517665529107,0.10869244560099306,0.021881088508693053,0.18235550802673747,0.10500470781905842,0.0854995638255202,0.30782823501084633,0.11311883674971232,0.29609912700954194,-0.02836589429199011,0.004945173069603175,0.13272363672569393,0.012258272481062349,0.33165982748816053,-0.17281290562895182,0.3181383741798568,0.169930386387196,0.23201127761789817,0.1942016292401178,-0.027355062382502186,0.3140977127378901,0.3082847402469181,0.3134685312616333,0.2174105732511537,0.10390849050975735,-0.02331698761332463,0.1053103680535995,0.07993799419147525,0.23118942814355278,0.21797753227821173,0.10874065097497677,0.2438747246285752,0.044835107017202704,0.10524271448280292,0.1146414733940239,0.15655928831365573,0.22642564209077287,0.27186007916363136,0.2152034925556941,0.18609073036095505,0.044560878807205134,0.207310658011733,0.11251072299639521,0.33995151003900304,0.3468515977432002,-0.025078752877297827,0.14844291392862438,0.30309165846305225,-0.027612269468743483,0.054035706138894836,0.2551245108364681,-0.02241886167705778,0.23527878205033906,0.011241959586081077,0.28634320242025496,0.1855628154585449,0.14632340916504133,0.2013443947026179,0.2910606441296579,0.147289002069754,0.2003220284090975,0.311082104431056,0.21200392147179734,0.10050244909174484
0.2041005208737567,0.17657448549775895,-0.06569150058062195,0.13140024846280116,0.009078633630933837,0.22176415018347925,0.08005046794961332,0.07453214019581875,0.07896373080127345,0.0870825852290292,-0.021213639649281427,0.07355501012669294,0.002927604960777092,0.18173200386932986,0.14589431905410563,0.014236318215352846,0.24840635774070594,0.01576671776444574,-0.02238204985186683,0.17745530741859336,0.11009293663084932,0.27525846605712406,-0.1292222933586097,0.24082039631061425,0.2279701752497431,0.06054516649058823,-0.06283665163037465,0.035352254271785864,0.26005580562977887,0.0651023083366806,0.15427458897508575,0.29186790013343694,0.0016308414013424658,0.23968356986804526,0.19042571064579034,0.055056799815301746,0.15982727690642123,0.07946177807977389,0.055952626597498306,0.16721204662166864,0.025856515774286555,0.2755444579858521,0.22395832963486761,0.07444540875420155,-0.047171094160473444,0.2548796490231968,0.26324087502222554,0.026202790362950937,0.2636414063811916,0.056560314907021736,-0.08758921167272622,0.09564979364330553,-0.04344079883741253,0.10893642407035854,0.19222665870922434,0.11510607858768329,0.15547921022857691,0.22823129045394316,-0.10291675935784415,0.2072472473553349,0.011042137446778776,0.2322724727197381,0.18032997135080536,0.035394399053829365,-0.07742462903693262,0.028476019277221556,0.055226670656494795,0.004360103308978679,0.09642456003335413,0.247517221782137,0.23892129014766153,0.2864121754474897
-0.10867663263826266,-0.0026760163407456654,0.01842289257258675,0.22719189513761537,0.12629241882043565,0.12965951463262432,0.21474328180126162,0.16947740673220366,-0.145468434361313,0.020033041174675248,0.08242288595145696,0.2146659212067996,0.11989717667772576,0.025667996617985505,0.20129741286516614,0.10569186477962639,-0.09794622108106504,-0.031021174648489924,-0.051595588359827894,0.19397221570519166,0.22261667596408324,-0.0804376454742231,0.0741033770232395,-0.07450020488792583,0.20835014568898383,-0.14725425906524306,0.009669602251179778,0.1670652720601162,-0.10022851793908946,0.13503084529190873,-0.04634499374871474,0.12738726112985835,0.053460084583661006,0.24870196816431273,0.054186568766083354,0.08028042706793273,-0.04530021945736351,0.026383028872599665,-0.14224751968480887,-0.04197684112313807,0.231898755038814,0.09548224789478028,0.12382544512099584,0.12067742335085413,0.03134487796709789,-0.1374930823231549,-0.08275410343013721,0.1874299366913811,0.20969741554597213,-0.07146726693906352,0.125909858702742,-0.021234391682818196,0.02051644647887783,0.036587937888775006,-0.1656737537801066,-0.10635706747677637,0.04018320322445154,0.10641280115395058,-0.11202539539004006,0.03614510360431459,0.1776113640018527,0.16632150829688438,0.17961537772758637,0.16457751114730979,0.01643352848514035,-0.14831760721136902,0.011687160383692198,0.23293081905144855,-0.08381451188952796,0.10678479879436448,-0.14463262592044795,0.009587787910466298
-0.048180230974946794,0.08020227062822899,0.1103679441845545,-0.09000016171397658,-0.07812482932422676,-0.12235804216712186,0.059633525886789905,0.024080020531764675,0.11032926427611667,-0.033205903222785535,0.04231954060770909,0.020857542899277975,0.15883874435667325,0.22536894085232523,0.07453988876979334,0.014271491449058062,0.004775240005826014,-0.1435598141394045,0.03601245038893933,0.18189935293159068,0.14233443574525825,-0.04696004613489324,0.028827897639086345,0.2520235347368662,-0.04671591897677975,0.1769203732398126,0.01305733850855903,-0.005876352863684103,-0.1261942906496642,-0.13523249366918835,0.06948137164959399,0.04790109974471751,-0.10665538165814556,-0.08044430437558792,0.13830864472878504,-0.11113847123060071,0.06276949146712356,0.21894346402543946,0.0655166286069993,0.041027878035436095,0.0021330555161088015,0.014129643655787985,0.20136703999168104,0.23916805072943956,-0.08701121964288153,0.1512194532847089,0.21610480483035385,0.039313241651778436,-0.04972749745805756,0.1346371526896395,0.24114595809995226,0.022881501605440075,0.06131486655574873,0.1962228301380549,-0.042377793641207355,0.1295933281395512,-0.05335781978756057,0.18502592561463416,-0.04427521534306272,-0.132234755612889,0.18281371653358058,0.23982561023591192,-0.13058069601755168,0.17480135406517466,0.18729500441687993,0.03372685062430779,0.039965313450398776,0.014948258115526768,0.20174156826412526,-0.019127574863367712,0.10333946855899484,0.24176198358260062
