0.0068445422307397055,0.323213185400338,0.2166577005195523,0.23873101606462271,-0.4104157394525865,-0.36740995401191895,-0.2177837989940098,0.5815377158047336,-0.033092674778605495,-0.04258067597260202,-0.36782323158332875,-0.24423755691727075,0.7847582691362815,0.06971049531268732,0.6786796070130192,0.18164542846545503,-0.49325445056603934,-0.2689442847181115,-0.686682134259385,-0.3653383240315687,0.2025581167148747,-0.3065378424679424,-0.2490824674569882,0.2935444170171031,-0.4320851912380866,-0.08704070985026824,0.07410950417402548,0.2761824627636498,-0.7651094306573286,0.11130479938757226,-0.6265578476024312,0.2909593334413462,0.18116391554264938,-0.060400038006249185,-0.35739307637236495,-0.13243043064785995,-0.011678831202449027,-0.28946931094956085,-0.17195767357533873,-0.48792668468023914,-0.11733860750546807,-0.1585971878282933,-0.07424809131552466,-0.7606102519883904,-0.4353117103536152,-0.33976320452232045,-0.35208187559099446,-0.28171639892058137,0.056128566095882446,0.29589475051158715,0.6791087543243198,0.7656272761090137,0.02304408093661062,-0.36943070643079695,0.23172782157113594,0.2735965050889776,-0.5641745255881656,0.10836078518002669,-0.23661776925320893,0.4389133553131068,0.4353289565221494,-0.5145203716900973,-0.05713528159966337,0.36821799640904607,-0.4707810585209685,0.563120828959136,-0.5684686572935738,0.3547994865221707,-0.2449434911893811,0.0791900141018569,0.36024633494092495,-0.4148522470318568
0.3394023397511736,0.23756338344943573,-0.24661201950812656,0.7704481397275341,0.41993547089406796,-0.43459903034311426,-0.1151412914123556,-0.0474685249839989,0.18967806536151477,-0.16353403036483308,0.1728376832413043,-0.08495417536236761,0.3317756032184823,-0.005360351458990148,0.23989339832950832,-0.007680623372138158,-0.4214973485018413,0.294903607892651,0.10733175423512656,-0.21688673444288392,0.3190789595714823,0.795733998257327,0.47817635017905363,0.11721787844983975,-0.3863582647676252,-0.5655470790209555,-0.030279555317456634,0.01680455721707123,-0.34679613243836216,0.3110430198291223,-0.3088544178309295,0.05206094627817665,0.25729027955963196,-0.6492361245650254,0.2741212312696368,-0.6471045083461978,0.12801490541713215,-0.10575789541432623,-0.11018068813824174,0.2853340823245722,0.4331381386179365,0.12645357196956436,-0.16988032514899276,-0.2519431139929828,-0.32133534022509325,-0.17287074853836093,-0.3133506943162097,0.513472249140339,0.6959569247759476,0.1629502061582065,0.3812037252315726,0.06675770247539731,0.12582497979663415,0.22323618714708854,-0.24879335717618728,0.48282110765508823,-0.3404745368445727,-0.107656644752482,-0.5116014675916157,-0.8914402928414382,-0.3783178972992285,-0.03499470001942926,0.46750519643223304,-0.2786146823236285,0.5266201040305019,-0.03653665003024209,-0.6414443142095878,0.411323725841783,0.15702821459849198,0.012466644963323937,-0.18463982710837765,-0.08906686968788759
0.6516175827752051,0.010457022940408943,0.060754778901465765,0.07068444679982538,0.42027055331325947,0.92128022879425,0.4048409476538524,-0.4150643636037563,0.0668521596347549,0.8499920534836841,0.12377345381070226,0.3539798853799864,-0.45907472079788003,0.7331456395195476,-0.9233726496421201,0.49268091729832586,-0.3802495706358311,-0.3281371303555644,0.8186065324401989,-0.2687955819210977,0.020957626148585616,0.02021934326647402,0.36815068499457315,-0.06059252271002701,0.48783994352289706,-0.2812620881059189,-0.6702739375183944,-1.1035307136672934,0.5265465805595444,0.18401874108647276,-0.6105813905462348,-0.3767038286874866,0.5768667364264481,0.24279830813366515,-0.02012247530267549,0.155172958345332,-0.2414814947053583,-0.02588733026820921,-0.4670205455160063,0.8184036189482718,-0.03278286586727788,-0.07558411199510807,0.029297669223610424,0.38048625483271054,0.24419556810565773,0.19368027843406463,0.6419814388813799,-0.6129078417374051,-0.37002616749766026,-0.5495603509388446,-0.12334891514474658,-0.0495118059953332,0.19647289534514215,-0.2557335094969693,0.1374352864791264,-1.1965292473208693,0.29501530673181137,0.15355096044261998,0.44268757739835946,0.7253760824215373,-0.03519517247102181,-0.3606822922631157,-0.7273846525873392,-0.6229202257868244,-0.09209322405381427,-0.07390335731503053,0.6233374141796211,0.4947286749780403,0.5392452025788169,-0.23585134479980874,0.1714694939916211,0.06487450036424151
0.6481989752237783,-0.5109085654471972,0.17887082979689634,-0.10711256353744332,0.16151668258313462,0.68710164485244,-0.5144424171330334,0.6805287131555986,0.2952838521422849,0.7708813691282936,0.17317367864802727,0.1798544397652356,-0.3740934747359234,-0.024454025381400013,0.100528900180205,0.4160868331843588,0.5896739305798678,-0.12103972572802568,0.24080366988588764,0.29153524159329436,-0.13318207296366688,-0.2552051805728742,0.7863970605896138,0.41901707339875716,-0.27773551531465984,0.20247850821392868,0.6681791685246409,0.42442437258667487,-0.18671066607483047,-0.6911782227702365,0.017643060044544124,0.022618111686305644,0.3628938761836166,0.6915227131930605,0.49451767805735297,-0.531630207627698,-0.39019040815645667,-0.5257580852391929,-0.1254881453370047,0.5627588072322512,0.5922898777098834,0.04247225797016172,-0.5906538868396679,0.33929629304701847,-0.06419353082500719,-0.36236248755381767,-0.12889347752705935,0.09824691507543634,0.09757599250638169,0.07282100346699662,-0.2771044331008889,0.44624993825207504,0.16715837598371935,1.039186895605754,-0.24614477245943422,0.27214854619369466,-0.2438433663515514,0.09245025793791373,0.9232730820747097,0.4766357084656322,1.0476448150485087,-0.48604187005953137,0.02977663573199002,0.47730584877677545,0.3342080646780066,-0.4619464512660034,-0.037551617569421755,0.6667394457006743,0.44895312322388725,-0.49872146802000916,-0.2665106788078221,-0.499909660546583
0.05389620894694498,-0.10841714558185234,0.27592282757494746,0.5710383517124491,-0.10088162556649502,0.7459097120806857,-0.7621269978592099,0.478490844591488,-0.31152847837349784,0.1481164674887602,0.007373052599432426,0.6066146267711797,-0.05169648005233587,0.6312438452073335,-0.1505400432640166,0.46435862139774364,0.8193568079535307,0.2805700947694575,0.20073797129231952,0.16425730474344338,0.6409674770074468,-0.581501114274988,0.12229977265825831,0.3976428621319351,0.9114317165940724,0.5075023579150679,0.697890966000463,0.17862198665388349,0.617937317749332,-0.09040927043343218,-0.1267982612492902,0.7853325645321334,0.19293489465403316,0.026804272193564557,0.528038732706488,-0.43270891143973805,-0.46998556863578894,-0.32804323222992027,0.17350170219069844,-0.1474163551444716,0.6727062051717857,0.22084858914937755,-0.3004493518430786,-0.005925393498005493,-0.05602182538268461,-0.05659737918426475,0.23530501208322488,0.2764047397767732,0.2807963549554937,-0.16395668871838615,0.38627867787904685,-0.6062734941320643,0.07042225047088689,0.10955200751259103,0.35206643370640067,-0.7233588032846897,-0.10422942207258984,0.5252023152458972,0.1654312619377515,-0.8621714803210255,0.6633924737485537,-0.22747106569480063,0.019110717116712646,0.4910746673340173,-0.264248550318165,-0.04589970538255356,0.6594487262400199,0.257923212634834,-0.23529198276630886,0.6630037918811115,-0.010768825147095854,-0.18089135211222152
-0.10556410796200368,-0.34043335021681725,-0.5074940008245533,-0.7909487454738375,-0.618335487668122,0.2601332634485129,0.29187256571901293,0.2065029158069414,-0.24739650397925994,-0.16807962618743175,-0.296769061030643,-0.12311647986497033,0.5303986677780334,0.020269608357989445,-0.1856920673733495,0.9483022273473485,0.7659526340341952,-0.439537083169135,0.013065258067382575,-0.49065749945882287,-0.8207765099379992,0.676817542309892,-0.0286897456967393,0.5004782658730477,0.12205308609030793,-0.07078912626052011,0.017536683989036947,0.1410365071307465,-0.6475148879206755,-0.20715248546459375,0.22451520516322218,-0.7655028904181403,0.029530339450476367,0.3286950226787801,-0.027014756158332803,0.1881006726797434,0.2014763571452622,-0.053962324048062914,0.5665149619773784,0.07669217617285332,-0.6041876179555907,-0.9605897865706886,-0.35897802282692254,0.07717286085201663,-0.6581457545150764,-0.17497426155405002,-0.17208098676498618,-0.6555781195882766,0.927810963524954,-0.06646258578418236,-0.3329264598981259,-0.1865388613864372,1.1781461215023046,-0.2581792909986202,-0.4124885770907954,-0.1443169414723871,-0.49196846654972115,0.21912516369314586,0.7656720272722297,-0.09657164097012998,0.03921304319336136,0.39955596183959297,-0.02193574078401748,0.25196044575257104,0.390416808908174,-0.25026674909037566,0.32275927168080987,-0.5561974138096845,0.00415693080056535,-0.41798095421566883,0.2804914468932609,0.12834741682847656
0.026126297562369206,-0.19402176034143165,-0.7026011291461647,-0.12557660945955146,0.24600643093509428,0.03874991056690503,-0.0040867035427317585,-0.20349380173907708,-0.4524167426381873,-0.22424420784935456,1.0266384412047447,-0.5775602862506484,0.36819157366606287,0.8875028475887841,-0.02412843329397406,0.05112828136051065,0.7195578930752212,0.4445338847552765,0.6314064553133081,-0.057255422221076345,0.8073910127191154,0.20241331967304496,0.4527415649788708,0.4014406105671648,-0.1378125766971307,-0.2796722632607314,0.6637836019871827,0.52008029759422,-0.4296805775982298,-0.32618495104171974,0.21174507065427284,0.41419529656454646,-0.8832582928271666,0.041408037561622195,-0.36956087742064936,-0.2809492972557203,0.07660343577619858,-0.4822293068152201,-0.07708312353170564,-0.4645160107180356,-0.19781536939628708,-0.24645839795658392,-0.18665023136454362,-1.038222180880532,-0.03051204723371958,-1.2406215811043864,-0.04440839991479216,0.4345082270092982,-0.32615123152504255,0.3844679182917901,-0.35523948503140945,-0.035627554781027714,-0.08225407913789189,-0.5226713641991443,0.4411123752344508,-0.002889101906284039,-0.43208179665985197,0.5986893581484672,0.33903982887752215,-0.009117286059287582,-0.04097736926278401,-0.07202671783995553,0.11989164620759617,-0.6813097327332576,-0.21579534086911042,-0.5141831215034466,-0.08562230669273507,0.6067535851117001,0.04673840449149779,0.5239440461915239,0.5816960252860779,0.43813002704739534
0.061551057846031446,0.38792174183739536,0.6251803029594678,0.2698841887030128,0.3629048054261761,0.7190203078479279,0.1302899392503451,-0.19337568300853852,0.04453955925282681,-0.27473502007007494,0.24126287039186242,0.2695070887181664,0.3418427091758303,-0.4057647374791783,-0.4490822889073259,-0.4079164816397952,0.32923227150828,0.2839097642266057,0.058622036697892885,0.3015406826549617,-0.03996781635020042,0.41330298988047715,0.23245970625789922,0.0659624918977164,0.08854788329352362,-0.13446985675831746,-0.27465058410055826,-0.16045211435351717,0.32563664563041145,-0.2377480322828173,0.4755868630455915,-1.0890380764628387,-0.044371122528703746,-0.21333809126364936,0.05243173149108772,0.7267998298086088,-0.3105702680780269,0.6673566923247911,0.13539108940484998,0.153300822497592,0.437494846459624,-0.5465684104820172,-0.47784325044615866,0.8187650133864318,0.3569295680522956,0.3187838248670729,-0.4521698236462368,-0.17387240997318265,-0.425953282849258,-0.4535070819469913,-0.022400255256586173,-0.17983373275593076,0.7590122434638682,-0.18089566526173853,0.04816995832238357,-0.07198058503483844,0.06065363921854388,-0.044962478667961644,-0.6356471339248558,0.4126007000217773,0.39882310366921986,0.2263447884072676,-0.08657515687110282,-0.2701451242391094,-0.2761846857572446,-0.055729966330746096,0.557062860594983,0.1713922222248368,0.2675408659690995,0.7481917702440021,-0.0033343310607008457,0.05759689792661959
0.30344439131443707,0.0318173481164821,-0.27182879400988824,0.49158861737332216,-0.0758015278131152,-0.36631853902641187,-0.1022116612143445,-0.5009930864942255,-0.19614702689701724,-0.1938267980991228,0.18069301142045172,0.4088351030492401,0.4410956051028426,0.4202093413477708,0.44656921061608035,-0.08119995613250369,0.15596168924429618,-0.023300818941893283,-0.27231290086754945,-0.32560254321431525,0.2827674370066458,0.16617025592032522,0.19371543627515436,-0.15262379860728645,-0.893628644264016,-0.003099616094607995,-0.09151388928838122,0.3857275796525227,-0.16115398167342485,-0.34828754038015675,-0.8771798576801512,1.336273580665939,-0.43002478812656636,-0.5623546541698291,0.8660260937353501,-0.011193998453807858,0.1955482862017039,-0.10037437683108424,-0.7547052826654365,0.06677579765238129,0.01376216337592392,0.1139356518454791,-0.4252442899652601,-0.7818995905404778,0.11208247389318376,-0.64529683513326,0.45659102984545824,0.48797311299107343,0.5519854797576758,0.6023388064409059,0.8067658297083011,0.14577624557789157,-0.36890409507343025,-0.23645508912632446,0.753567092382567,0.2689566148931437,0.2309767109298396,0.22598246011760018,-0.33237886085230034,-0.19183543826197832,-0.7158304965522015,-0.01399307705921323,0.4442890757439037,-0.3517033320985486,0.13195634264342368,0.24348025324750314,-0.3755801969791173,-0.2982411923578835,-0.1647854703248495,0.8696241776503493,-0.13971879323144945,0.42642134146559135
-0.21481347037346196,0.9984518431713714,-0.5737347045587959,0.5024575627562278,0.7119941276574769,0.1764011176212536,-0.5485137185230065,0.3156968902133157,-0.21970073234679624,-0.5280861934863157,-1.0299509346030682,0.5508141466542292,0.7843911242874977,0.4944335222744653,0.5693466321764604,-0.34034315167009366,0.07244398563505894,0.4508294369074177,-0.4537994268673813,-0.4912326993767249,0.6995353188454223,-0.037270266649107674,0.08814118429321818,-0.28721134776604557,-0.04535865321749481,-0.7174061468781762,-0.359933456694231,0.6399752961269971,0.035170361899134285,0.4680959036130258,-0.650060695900475,0.1192163061964664,-0.24212694404098495,-0.5395130528802529,0.6482527170151743,0.341041204614378,-1.0681969043814714,0.3198157649063834,-0.049920108935823236,-0.02301176800952894,-0.4835049737454258,-0.23590958190913527,-0.12691104568599887,-0.4036276618303936,0.11512795131970292,0.12480978578559405,-0.473157317501872,0.19092354921339086,0.2875719759576937,-0.10285026975527975,0.36936638614434,-0.29650742878092357,0.2338940849260786,0.33852510574793376,0.1550108747705805,-0.283116043629515,0.18418096355360503,0.7342973095527437,-0.5253890704129317,-0.6878772689553795,0.14099046360160503,-0.043263895434265766,0.10454981618092848,-0.5450636730924414,0.6052710030246001,0.3992113305648321,0.3341330395317144,0.20648437837345732,0.22483222987066595,0.98746374705373,0.3470909600383052,-0.292164074247391
-0.2843345962273915,0.38668240485571276,-0.42476937079110344,0.15206212022441218,-0.17278556986506016,-0.303648734217078,-0.022422684902427426,0.6125805360902966,-0.0007868103808281643,0.017682603541836425,-0.7832979605654123,0.847307282817915,0.42482895336956117,0.22025470586498982,0.25344439429096793,0.38245852833178773,0.6471287817644864,-0.2328139598311374,0.2201700173525908,-0.7604725417914899,0.288728661818602,0.06341163926824779,0.07692137718644251,-0.09601801480435483,0.193773771031609,-0.631633138260681,-0.24242113713618657,0.4540983949446624,0.3383921396132342,-0.16742197303179693,-0.765022142519348,-0.12706833081389185,-0.4001341256006047,-0.5868831297228986,0.4405771091932426,0.0893209224055325,0.1206686087268639,0.2639264027329778,0.20733613896019823,0.27283728380151034,0.07094449249090161,-0.569018209138065,-0.1939727234447675,-0.42267540516470375,0.2582638475181434,0.44487793641716394,0.09862093567609809,-0.7240232731468816,0.315004635412159,-0.3649760169738319,0.20878386884577263,0.3936835054155887,0.39985184616052993,-0.46832868060499483,-0.17968256746680794,0.03995257096009972,0.6671797134055822,0.20694295242199692,-0.10161163653476586,0.38669700790923045,0.21146924426639585,0.23145121132296867,0.033682853732066066,-0.5371561211944229,-0.32896093699514223,0.6338230558935203,0.46937077840481056,0.29954504219179406,-0.2830911675511979,0.7012069551841338,-0.46150084444054534,0.32924301468511064
0.016216043052293436,-0.42882583168430394,-0.0005589593244485952,-0.6572156553742606,-0.4691284355151236,-0.2955312461977318,0.20220061753932128,-0.32852446114813494,-0.6483584448993582,0.04848692833304922,0.40073637727100003,0.14403832906165942,0.06585387374279147,-0.6088159900832275,0.38391766204339517,-0.10323067828279983,0.5679324876269758,-0.06199361021202329,-0.2853760930278632,-0.6376623774249748,-0.6277946314937594,0.753990614905919,-0.45545540681501606,0.14493233805420624,-0.425209798940573,0.5621916578881876,0.23946379667847736,0.27873799390780407,-0.24741260527546052,-0.7180714723549193,0.6701220610043053,-0.05397850076747199,0.320491140750669,0.034471814202946545,0.05937892978916913,0.5736223654977239,0.761403384512113,-0.3232505811436125,0.13063632684812845,0.16483885679407184,-0.4451829825671559,-0.15043326024892753,0.10280785954151453,-0.16577038507449326,0.034582266511278145,-0.038745510931389684,-0.03878104473509741,0.03332634188738967,0.680051125622203,0.2758972469688796,0.06251932073247811,0.05914840590261938,1.073149855061424,0.40577908038810134,0.3452699069942924,1.1340185727908736,-0.4555600871436313,-0.009710350670465181,0.5636731764449283,0.5140554992979445,-1.0527333026390007,0.9370843322275009,-0.0596878279138499,0.5569638857301715,-0.16977462418156475,-0.5594227933075324,0.1363080414795429,-0.6904924316893645,0.1934627062914494,0.0980902727475409,0.31315043373122764,0.5738409218764743
-0.582154583278356,-0.18881647510292354,0.2636703720084674,-0.7121405662316984,-0.609853685367474,0.13704572413266805,0.35135952153527594,0.16514452856641992,-0.4193389765837006,0.1314820429083843,0.6144518576402818,0.46210207019512073,-0.06494102642880237,0.3375824615455499,-0.25123160475245015,-0.44237406396055495,0.5612184251389347,-0.0020876005987351333,-0.14852462323259227,-0.18586469782486176,-0.8561735062713763,-0.764490759397009,-0.8146941422895269,-0.1696350196777808,-0.22891481513667433,0.02217961648825372,-0.20312596633663535,0.051334492700293395,-0.3047454958553335,0.03422085915992498,0.05945738173238731,0.4162563542384893,-0.7450521949790478,0.17460206957461985,-0.34511542878657986,0.43632467664385605,0.11315770570939186,0.15221089767857643,0.7138926618436322,-0.17197952657109086,-0.7177069265483121,0.22104611751115116,0.48007480271723113,0.17733685565294108,0.49718017096246636,0.6357942735232253,0.588765653496953,-0.5584278344606217,0.019637687588874148,0.08218381692405399,-0.46886914971936133,-0.5183943974451843,-0.2669835506405903,0.2912724226177129,-0.22027894231879558,0.11349476867288776,0.10869970453359606,0.28679286104799556,0.3490245299122393,0.12922350101650396,-0.14967390586207407,0.14936987940994217,-0.31772739870428346,1.0960165158975137,-0.6257529234791882,0.10328874878054349,0.5950457178623813,-0.2815451288108661,0.1847637305175132,0.5314719482855494,0.7339325462469136,-0.4933789055455052
0.26340598303675117,-0.016295420317842986,-0.43203863382205104,-0.16948406065710192,0.09037307592160017,-0.20743849452197036,-0.28338524920892005,-0.13994861967226188,0.23291392851842063,0.20548295979661593,0.18979067233656988,-0.3088821889516794,0.021677457933831603,0.16932743825398458,-0.11498055416449413,-0.039461567698512,0.06024128343082232,-0.10620042129282438,0.4527577224314198,-0.04543544751510016,-0.21600421127473513,0.29258110233714824,0.04074916270102271,-0.13404031749712733,-0.0033566427376767755,-0.47855527544132154,0.03851466681578056,-0.2501763567251379,0.5557019651160113,-0.4104249784202193,-0.17565924750683798,-0.6220733385853839,-0.11072938006402136,-0.24914556846279304,-0.057747698682940954,-0.36936080695157464,-0.18461269934501773,-0.21408343385984344,-0.23471121650203033,0.2974783287810356,0.045641040275632795,-0.2964567631787265,-0.2723752582618024,-0.20797928707713445,-0.6641584534464309,-0.5162897777984424,-0.5630633660385125,-0.05888257648764734,-0.021745801070825035,-0.13189065600589783,0.2274525451747624,0.35097429465631513,0.17179643075181797,-0.14086162442030242,-0.19904496439049918,0.26186215127912227,0.16498270231503434,0.13808698819285184,0.06559449141408452,0.13129869481560874,-0.4844878362554517,-0.25711706623408753,0.11664495422966069,-0.27367560780525435,-0.05849212250278223,0.16746965258723984,-0.2988325004373079,0.5065193483048213,0.15645489078011526,-0.5899498826853304,0.055831997631402557,-0.04120581306876219
-0.2273841706799879,0.1814316705625704,-0.25951729761818026,-0.2547248895466374,-0.46224212140776544,-0.13365916896130647,0.01600556547596257,-0.1758761971644953,0.6801789033541916,-0.03543378064902219,-0.3383974595797639,0.4428777449311283,0.5698843883952597,-0.7413658377928369,0.28908031975610843,-0.6049141985579604,-0.6270220472395432,-0.13513231012596064,-0.32438951039720915,-0.36563670855913166,-0.6472333852186626,0.5471155543232529,-0.08780097077657814,-0.4099536442488032,-0.36982977629531283,-0.35994161119939105,-0.9516116043129182,-0.09877864912572296,-0.18138841514542162,-0.3636066178652257,0.3281354425028326,-0.5423427679347718,0.43895782946859974,-0.41733885108358576,0.22650219916437342,0.3924805654419371,-0.06102541712631748,0.8696303213137999,-0.1518811783410141,0.6615484711520802,-0.22213487217973144,-0.22795732531103846,-0.09395098807602512,0.5538415216171688,-0.08378254112377512,0.20181554457301643,-0.2689841529665828,-0.25521963881519266,-0.08991429275974422,-0.2760813171752575,0.25121668558474375,0.6468662182065221,0.6481221011528298,0.262460647331513,-0.5558692617207392,0.7712265223231145,-0.06545779485777124,-0.5153884396007504,-0.128496035246799,0.4813128414008582,0.10394347121437651,0.023655727044963777,0.1682504265094808,0.392430192419454,0.03753233966603056,0.604318787148991,-0.16245210686232744,-0.6114019043819604,-0.07814694680056629,-0.1973424118286161,-0.008062792796059575,-0.1731302000124382
-0.34482614646071136,0.3406238454438593,-0.5921994151540375,0.7801678360067386,0.3894431475624504,-0.3037123670855321,-0.07248620869076494,-0.25004759166842605,-0.6453931928053538,-0.3142903975764955,-0.2357147944491356,0.0728855104731155,0.5936611870486299,0.33841359459589704,0.42433079619968483,0.23030571109954626,-0.20157162516839536,0.22535074513859726,-0.3604291780494988,0.3484047823606416,0.5237705544505437,-0.18412610786170125,0.19330533086027263,0.21814999803309054,0.1699425989718864,0.07366390081868225,0.16892852525056315,0.053671257505655184,-0.11053267990891756,0.4323592671825697,-0.15460515347749762,0.6788525888844001,-0.20390493838079807,0.31202177869277575,0.48244490852302774,-0.3140978312697526,-0.626530139714806,0.214957621938326,-0.35844262262581833,-0.43986082916287766,0.26509084131607435,0.3522236859479354,0.2195756591306925,-0.8922030187870431,-0.19489507127226205,-0.2601925197177925,0.18442355156271784,0.5479364826584632,0.7102371996013082,0.6111559789080713,0.10195307490550476,-0.19420408709289155,-0.23571182009534072,-0.4845620252821054,0.21576128757641574,-0.03919065813994575,-0.7563670888904678,-0.040136271272234215,-0.23277499610852154,-1.112483824650237,-0.10634311607176823,0.4858924946013581,0.6375036294711316,0.21499686869562928,0.3152628913656679,0.12953093135597468,-0.22014145000396715,0.2265564587253316,-0.21944042520662685,0.38271531813545395,0.3567109023226555,0.03137993833498481
0.35206138425204037,-0.15588904527045574,-0.3242864163002265,0.10974109700249805,0.24426359462101563,-0.13539463516755487,-0.5587324623476112,0.34940225177444506,0.009235142867203706,0.3011669282072451,0.11700483110123087,0.4527380317873866,-0.15086015528514116,0.12481239775343457,-0.08445114417189704,0.025759672390853486,0.4924847673984679,0.1016224935178736,0.5152491790541371,0.31322281527077905,0.13524734056479068,0.05332333713452765,0.6131334103324788,0.3378197124206769,-0.0010131631278748668,-0.45633309714908604,0.4096459889353829,-0.11116705121967549,0.21788990598396918,-0.056306329825839455,0.049787582525747213,-0.389692741628878,-0.0788821696838914,0.09172246877548326,0.6865451052018746,0.07730478927548062,-0.4503789823690484,-0.10693905801021275,-0.13663760519908308,0.022738954585641073,-0.15540330528155227,-0.8076898526340723,-0.016177692348816004,-0.2734357115018529,0.695347450206626,-0.13369502675153971,0.16520313854746524,-0.22569057422914107,0.5445523752603637,0.05187529687816465,-0.1946605021911934,-0.491123148265774,-0.19480342668555184,0.6581894098710946,-0.13755665189945243,0.08519995372928617,-0.09410141902270439,-0.1264478568902702,0.6553666295508083,-0.3077286117188957,-0.08984301214240377,-0.0792102175836476,0.025329860562872807,-0.7083129309951255,0.6096629890937104,-0.3891875787155063,-0.05360989513304278,0.3126207010769912,0.37546264581106936,0.06763368317830284,-0.47947189206652596,-0.12246161423369319
-0.28458438217205395,-0.07076679138584957,0.29947190767677234,-0.18218343065796155,0.30269864533950286,0.5718840740849476,-0.2313652586853005,-0.27083691441162827,0.23875577329372932,0.5379277508064163,-0.17493874574679652,-0.18573047684265634,-0.4596956002457234,0.07752186905163448,-0.2540298863177412,-0.2712806596563489,0.06271367904741387,0.19777389972028997,-0.15522748848675302,0.01922246122347188,-0.018987955287408178,-0.16510970703715871,0.19306732330690998,-0.39718079838479303,0.2922162168124114,0.35982594582600363,0.06649238868748818,0.017526004387037712,0.23297043782732652,-0.16413918229098812,0.32190316081093007,0.4284169304148074,-0.28307457457617896,0.27860305005723246,0.31768072248161977,0.4458689734996285,-0.35328988138649864,0.3950827167517368,-0.18336620360978084,0.049478557551889436,-0.3280339022003624,0.13110321436404596,0.45920643732814415,0.3729756769760496,0.2776082678948949,-0.3250929330538222,0.22242727257168074,-0.125065328577632,-0.2977949153619127,-0.21286887393479234,-0.3788566959079274,-0.16850343901486284,-0.24614824822017917,0.2377072779578751,-0.1734744665460604,-0.34161239169950164,0.194051578963162,0.2466271428049679,0.6185435420852071,0.5744879651644484,-0.07572859798352696,-0.5805334419947447,-0.2885359363689984,0.10456618443988892,-0.12273698526759864,-0.19619281760850832,0.6783727564653186,-0.006566391740058945,0.3308822685714369,0.17687893858317488,0.39341643217994743,-0.10018319608586256
0.4989501606172026,-0.41705931711742794,0.4842597172681081,-0.0834795804976705,-0.5593453593672317,0.6778009829295625,-0.3633742011024606,0.32663576119474286,-0.27425954005921593,0.4168719906153662,0.6077563183798712,0.25979149722014383,0.3233129908070788,-0.201122023344424,0.325312377770297,0.18605149129349602,-0.11882398073039269,-0.618428165645892,0.09363821200770324,0.4872887228570236,0.9646816185361056,-0.3840451189756205,0.4876048929561007,0.19763662478985178,-0.009254187316360915,0.41829624006788374,-0.01278668219093125,-0.4177983316324716,-0.3319751493859896,0.3353938810357052,0.40066594270202677,0.3206782536202251,0.8362048411271794,0.2835942742760684,0.23499693481635053,-0.19945333241286317,-0.257074344410667,-0.28312690248817174,-0.3177644277720711,-0.2562505597631111,0.1121169163874256,-0.4394373068985413,-0.48293904546989913,-0.06592141025573749,-0.8122269890987674,0.3503658443292666,-0.02788749820441259,0.25305636669898285,0.6628581773671602,0.1619722530406516,0.11400500810865612,-0.03557798611624849,-0.07804558686799598,0.049951682396342345,0.0486071075585253,0.11386179792119795,-0.9276206153608106,0.084101210645775,0.010820223314132703,-0.17424083764103476,-0.2618022465348426,-0.46311599496267924,-0.6920039068052526,0.19691513800602956,-0.2541628902723687,-0.25402277863761774,0.05197136906639325,-0.45338691821070953,0.17929318337095612,0.24845216210155768,-0.45764820819849567,-0.24210957483954468
0.5796604935246913,0.19215933165290242,-0.5135444225811491,0.43833866923144627,-0.33588883416023335,-0.1095480659836033,-0.3133159498839788,0.6187150842426752,0.31489480070880094,0.5411919562239595,-0.13742789371359732,0.42483065758842403,0.09258468890018444,-0.15942086603614178,-0.016297684493709573,0.24361694092714162,0.05925815132460602,0.03474532952814909,0.44163612632948,0.3643150082341248,0.6050702813663149,0.4788378073632502,0.6782534110745574,0.3047591861416066,-0.0985759631724166,-0.5675963715006229,0.3058788647784566,-0.058346569950584855,0.015918547848371864,-0.05829132354527785,-0.7225499004973325,-0.2944951253401535,0.15639693155471313,0.06106614774621644,0.7475695626939873,-0.6498665443661552,0.09674226425896301,-0.7460166661774467,0.06657824901994289,0.08034274337162667,0.37482306245431884,-0.3822754805507917,-0.7600229292025396,0.14920750805398877,0.09966366687250931,-0.13459702129023784,-0.45590008719705283,0.12473524477944443,1.0216584432167746,0.25956657636960634,0.9046624553132403,-0.04780701071078396,0.21107594767529259,0.648839437123727,-0.06018790501771066,0.33198787800391094,-0.10846551740605567,0.15830642120323496,0.11042405112301759,-0.9701490993465784,0.4955384624306192,0.18703811369729073,-0.5267646305250733,-0.5313076841577573,0.4358187194889984,0.19903422219934974,-0.015350578787448377,0.38798788113192983,-0.062259132875506,-0.24426532321291608,-1.373059872486292,-0.22394133706496877
0.33505902054981745,0.28133282377965085,0.13961912410371782,0.1598212352756134,0.32824765035388387,-0.32935544086397495,0.9168783259195953,-0.0060261856459388,0.5497602278204118,0.10421356988220036,0.09119156360056878,-0.12238606114399588,-0.2944682304604822,0.6199710207857171,-0.18222920577327642,0.6612597963180682,-0.03013008885458056,0.851989807836007,0.0797018159918825,-0.061445511466784404,-0.7923419088810226,0.18491788237145068,-0.2196265733289318,-0.05226932322507005,0.3696177084709387,0.24556246907775153,-0.20727523702591458,-0.01460457520051006,-0.3773445701736919,-0.01191140587853631,-0.5231655983423814,1.0506729861550883,-0.035481019527472506,-0.0384325063764908,0.13159983753321006,0.2696950664413881,1.4366580545439098,0.37426394785187284,0.1999034192951157,0.3480021565926,-0.8921741731678234,0.10776439874189953,0.5275988180694752,-0.18804357787051018,0.018727925285661105,-1.1150607613581756,0.04049060606975426,-0.031073452323367726,-0.2136358695864922,0.027737390422507387,0.3385757851077052,0.2699526528284569,0.14113759127875125,0.1432115250469999,0.6515980282609549,-0.17969653646488234,0.534041316175595,-0.08016079743409894,0.23069382214819514,0.523251294657299,-0.18838834648334812,0.5085075262076207,0.29921322274289613,0.0527476304718814,-0.19430511665296318,0.12453476898790528,-0.3722751656964693,0.3364031401888343,-0.3547788036871149,-0.12204555901742044,0.5232975173152292,0.02029329305134187
0.15495558327977205,0.4546123856578626,0.13205313969275123,0.14501970263088768,0.06950020629902226,0.5884674032268912,-0.5099845568996233,0.4991746843710335,-0.01605516755768153,-0.35762399285154717,-0.31250977339296004,0.10229226436617485,0.35362013746405646,0.4096150382963144,0.09940492494678144,-0.1253954361522884,0.18551390846546115,0.11532622690973761,0.06987048725364896,-0.6400213250820875,0.20503250546148158,-1.345018348236173,0.12108005332601152,-0.07290748105314877,0.10173681228806768,0.08010353546813902,-0.037554549007365406,0.2235901640811981,0.15650518679743722,-0.01626259688846075,-0.218685713519308,0.7259020546224119,0.16086148053270155,0.354086755556713,0.04157532069380008,0.1521914717422103,-0.263479345415063,-0.1241990006317694,0.040553923698156635,0.35679541402423376,-0.32495379070826713,0.5553631927417125,-0.026439163328393762,0.14750119900047068,0.13174569878505937,-0.4873414260749644,0.13418679885219062,-0.3235312931560619,-0.16109051905800648,0.002325854086459434,0.19116998176509034,0.17166552294498866,-0.6389600088866217,0.34925030315998934,0.1478058815812285,-0.5153519050560598,0.06939921874274792,0.7433543534497512,0.26399822136851786,0.030314852014531324,0.05813979208513114,-0.7586071206337481,0.6090698791592674,0.6045794942375962,-0.08334340806393177,0.558426729174347,0.27354379668218043,0.46428320785946575,-0.06777856566336905,0.12297512665481657,0.6341068435119626,-0.27627117690052366
0.2938097343517409,0.21098168755798113,-0.3638610651670804,-0.3373162737472653,-0.1539216548298263,-0.19140599388663657,-0.1875474210762853,-0.27574148832604845,-0.4149141686975986,0.027370766439006117,0.25455544394122614,0.018300696042991456,0.07301460454558802,0.22223020369627824,0.570218916378559,0.5473327699890901,-0.16870882296672965,0.07328746590472728,0.04904852063171707,-0.24323785112024085,0.1468757871251549,-0.11121340979273842,-0.025745151142018044,-0.23825788188534017,-0.02876795888264458,0.1903300235654039,-0.061212664549395814,0.3179792821764649,-0.42428990615369283,-0.39503089089796983,0.08533818135772192,0.6256090357036993,0.14386014675498016,-0.492972450806884,0.23121471382634914,0.24216668926032325,0.4164705205631544,0.3265695086173697,-0.09280514927510135,0.04922916652163788,-0.6573813977898373,-0.013128728869785706,0.22112543568148327,-0.7380312173062687,-0.4097713995667318,-0.6421134478593283,0.33260740751153656,-0.007681382036972002,0.26281051600770167,0.29731374009848566,0.4133197157221252,0.18604542317777,0.0726384080732229,-0.4311227847419319,0.8631105142624839,-0.3784593846603556,-0.11949389343594359,-0.34035493178824267,0.23562763590691893,0.10513806281540188,-0.2516662118089267,0.1483061293399872,-0.23897530026745764,0.016757613122341378,-0.008944257361078178,-0.25732755468027935,-0.3240690892713836,-0.1429859139053006,-0.3803204713869127,0.5761456817210996,-0.06915757870965121,0.7662238294591678
0.43756034444690534,-0.4844937963853443,0.41240616022708565,-1.0066353266121846,0.2627851907475179,0.7588730540818336,0.023277270902165234,0.554062231968298,0.01349869989270987,0.4159224301941083,0.2792925959681539,-0.17073178393855834,0.10489288370900164,0.11624622927793363,-0.1414504381657382,-0.4881292165835479,-0.06487641264784452,0.1283889642506894,0.10692054937968554,-0.421318030788546,-0.0849215808876792,-0.5126229546520628,0.628951642608322,-0.07192816759946248,0.6037648854361731,0.6182909347927208,-0.08047057036521563,-0.1267062198710056,-0.5551869891471203,-0.10823683984268075,0.8553813843060596,-0.22336928741364026,0.6240961936709176,0.8672901444578595,-0.09763889258045841,0.13896597403724106,-0.276514956662131,-0.643644909324031,-0.1900018970970704,0.40292975370139356,-0.2564401864303662,0.8462938912099461,0.0034674367893919858,0.9316782703160023,-0.3936348022681238,0.14366857341916817,0.17902077765920166,0.1781708539271235,0.2838533310534942,-0.001146028952049172,-0.22624666956721554,-0.03730648365354325,0.3884350318220809,1.3667209954343442,-0.2117826993790959,0.5486769631368437,-0.6244859002568421,0.23015633090359733,0.9936184326782661,0.9942941306793581,-0.15512650356025084,-0.9444960581538622,-0.37109284095829653,0.955010371217755,0.027594361028254553,-0.24646764258244053,0.26285170551954296,-0.26704208309946176,0.9216411551055762,-0.7481437290452948,0.5655710888999459,-0.601414939066011
0.24584791300166323,0.28193490074333494,0.18123399948462066,0.1515104817327599,-0.6007107709296737,-0.11238778672577725,-0.6919660754826141,0.8608147120725476,-0.07685895856104508,0.009095025042778858,-0.15161317578168323,-0.24995378460849552,0.40741882202939583,0.25866810305067595,-0.29411769115441505,0.48688453411907523,0.5578979923455227,-0.7711868207107982,-0.4849102713817477,0.26563641066958266,0.6477921131044112,-0.3890904110309495,0.40246337327006254,0.5888693527841691,-0.35472762280146236,-0.7140010878541903,0.8336576358618019,0.1240757088869863,-0.3515369236148126,0.02631090093823611,-0.4305786383050689,-0.19555706336222553,0.19105070639968708,0.638932547090104,-0.7251838556114454,-0.9919713435386258,-0.1539486217125507,-0.6222871593969559,0.280020288784587,-0.6011393713238083,0.48556801932659055,-0.3153212040825292,-0.3446716331427441,-0.17998842017362318,-0.2542456605480178,0.1017546233438762,-0.2907962522716474,-0.43918788334145903,0.6235342122493851,-0.28705001546283115,0.19358362108035626,0.29375849650304425,-0.6706482899073866,-0.15298444725582397,-0.6731371092945208,-0.06143667329352826,-0.317639160640914,0.3598966221726583,-0.23939646676615697,-0.4147469405009623,1.201498611642049,-0.6351089545545278,-0.417192043341784,0.074007711373919,-0.1227328977204347,0.4118556736710338,-0.24198496736068392,-0.11190269125120185,0.006885534290692769,-0.035799910990411875,-0.11710088025825435,-0.6508527675574688
-0.09372835811116974,0.5983312025859914,-0.33210962316184217,0.7184344673481899,1.090710207323199,0.01014827108135978,-0.3921726076805043,0.049402455386305756,-0.3400697818791906,-0.0366438297469194,-0.42646070676117315,0.210819452149999,0.5078533827964585,0.4198865417341745,0.23855487001800982,-0.02697377110389108,-0.007381133367033049,-0.2825518264374858,0.32071817887745163,-0.4392471992615004,0.6130629682948798,0.16875957910145636,-0.03998413363014536,-0.2873222637712919,-0.2758481141066945,-0.44370171399941427,-0.7484470186289867,0.4159556294637983,0.09538759015016765,-0.25316434410095345,-0.556318789526336,-0.24139742271099088,-0.06833454810419237,-0.7010389929902184,0.3263991083701973,0.5938697966914962,-0.0038545030393272737,0.32555491098442435,-0.27900745119653236,0.5323702029120697,-0.4505920513895223,-0.4588725783608503,-0.1188778552003406,-0.5169781923311959,-0.5763760534324239,-0.09535094348830737,0.12051082409311509,0.07924684411053298,-0.049041153894821235,-0.05939686799253852,0.27436893247390665,0.4088645788851674,0.6487524433291652,-0.11371606823809334,0.44958777537880534,0.09231854667107788,0.25108031495342165,0.5048052360551121,-0.4634981179375429,0.17489358186388582,-0.5581565262936092,-0.029354544841090756,-0.1036737375455595,-0.8799167255119529,0.5708538636250232,0.7061067615947932,-0.07081461354284609,0.3460727960125155,-0.31107804283444557,0.584669805959319,0.18701820141394357,-0.09717981867085007
0.16349975899507624,0.2286169999852972,-0.3119984102522027,0.44076556229339325,-0.9171954310815186,-0.7800080755863665,0.5629440340114553,-0.7468818919955275,-0.7578626984693413,-0.023385809458366737,0.09507378747883412,0.3834331273260007,-0.33449897621923563,-0.40699268320677245,0.19632616473495393,-0.04364885161168421,-0.6116289077758787,-0.27980469231373434,-0.07912312162324175,-0.3792972787586312,0.006053156959112669,0.4228092522115668,-0.10912239657016087,0.3040065121194684,-0.3742294904455496,0.0995014191124656,-0.45319653536730486,-0.4815624009867466,0.027548828754619125,0.21825439515029088,0.039138169817461016,-0.12497188116073871,0.20021840367390364,-0.22543783199016404,-0.06472570719683267,-0.0875122382407942,0.1880117906043617,0.5347702482498673,-0.3353405134662712,-0.4576871124556593,-0.006443811549335939,0.3628835667439156,-0.526243843621413,-0.09619555093508654,-0.4859454153805517,0.31264368204245385,0.4915080122478074,0.0155142932084911,0.7355608326820405,0.525965252341997,-0.018655933187138936,0.14444838621874073,0.3104030740366484,-0.7769866363362098,-0.14122750851116028,0.13675978543933842,-0.3897311256925734,-0.46809538684482904,-0.17903040029791759,-0.025612225661221726,-0.7732702691080536,0.7505119803693152,0.4373603260007424,-0.16086100693652408,0.3479618447575328,-0.05957210038732977,-0.41792089977954483,-0.6273402819709272,-0.6165000851636322,-0.2325184802231713,-0.28992937378233585,0.44271236516406326
-0.4652289780557893,-0.7263016138423917,0.010412046544596468,-0.7769189072751417,0.02758422583920958,-0.20580863474680558,0.4467058096785938,-0.7341616681662396,-0.8467086275360458,0.7206775011048315,0.3264973518846727,0.3858274896523426,-0.3513758382298686,-0.21575491126444377,0.3193307946983347,1.0503968506743007,1.0574022790156876,-0.1339203410869447,0.1521419703868669,0.1885173471616767,-0.25637233089180334,0.7547811655474276,0.21871465741762813,0.20424994884355516,-0.3966607829249287,0.33350071043402035,0.5610519168161018,0.3237181746048931,-0.1631323116752646,-0.778943504049359,0.2712715927225741,0.10028033565118795,0.39801856771502747,0.22112021573157836,0.638331494936964,0.32316732463016357,0.5654094016015282,-0.6912999283609906,0.04408335432624655,0.19001559878607205,-0.34687487834561814,-0.3046310318777075,0.09308935720712541,-0.4325284896414327,-0.7159168202970821,-0.054420425575652374,0.43774709606430356,0.039590974446723826,0.16814870375111252,-0.2949686809706583,-0.16380452465989212,-0.051615367761183306,1.1902666946980807,-0.3760160501977742,0.8001619303494133,-0.07721303805842478,-0.514462863597583,0.03542797139033232,0.6908539000416251,0.5217822716994834,-0.7716380452786791,0.6343942480924176,-0.8811315120069417,0.5817348188354248,0.1689801215469776,-0.7052113288555077,0.0779684007743038,-0.5328406994508151,0.21746375415925495,-0.1276488915938004,0.06592511844523162,0.7945055502781642
0.8320740904170788,-0.3942800750488509,0.2067044508673705,-0.19662607430974183,0.11404014316715168,-0.10370451567335552,-0.16319350599860113,0.06939937284597084,0.08577599797200024,-0.3328373029232128,-0.04903921344253042,-0.29006865240789725,-0.120394657155972,-0.2180502669306246,0.04629111120901517,-0.3028645951933813,-0.5825270932961002,0.2473522744380139,-0.1137979737052286,-0.04581630721656435,0.02205656320433918,0.125152873968575,0.12823022569280085,0.40766829807137717,-0.3600635988805493,0.11370654807390113,0.20819964752923398,0.04090474242964403,0.1694972035569959,-0.12490569298648965,0.193742161778852,0.40723545712829207,0.777878132108988,0.09303624984997394,-0.46763569468650984,0.22222598176518635,0.6697040265383515,-0.5266561323034357,-0.13619097068453556,0.4280388070926434,0.3139081992359279,0.8009263528241718,-0.0300103852328331,0.06783105707565472,-0.4477433158417673,-0.35115396885022954,0.19136018403713465,0.31291129774238996,0.036681111884495354,0.26162426052298543,-0.23665993714822867,0.5964782880697376,0.39715282096607213,0.43620761258866514,0.24312985180258928,0.35250209296114404,-0.3017756007568691,0.05233453264600755,0.4724398009514066,0.518563347506635,-0.6142721337332305,-0.45343895549791985,0.3928392728430866,0.22158793347364256,-0.023525713337395147,-0.11016259872181208,-0.5240145683922518,0.48519504986423423,0.5793759730545412,-0.855978358408245,0.4786510270978682,0.26655767056819607
0.47558683874953245,1.1748541013602825,0.1532477818384564,1.2944322699586188,1.2194746883633725,0.1467423530876987,0.10675889709200007,0.791114116423711,0.9856650297539498,-0.5855508535368683,-0.29262379315005566,-0.5271871341260108,0.6989380594023288,-0.051560076202803964,0.2966004842581808,0.13524947091969827,-0.23664376270693302,1.1803981879231,-0.17877732823715892,-0.3754470025461608,0.0724357092808607,0.42691742432502067,-0.035857597307588265,0.9332800340954726,0.29653675155693415,-0.44038100099869537,-0.6944702215901084,0.46453268903859873,-0.006655902957242422,-0.1537853148737647,-0.17787774740396142,0.39499125977034094,0.711554213502304,0.291366155366105,-0.5221955951281031,1.0677845324290427,0.32916815274295175,0.10008322006035984,-0.02454773878187997,0.7650557274969038,-0.6490657841216108,0.6527615340286693,0.27447124361056446,-0.20814611794505583,0.023224022737463892,-1.302008436297682,0.43187890713813293,0.26331926306051384,0.21223568658476294,0.6305253156872583,-0.28307297867759357,0.45322223225955616,0.7675726570224166,-0.11593766900394582,0.17673587297628482,-0.3927636413241819,-0.5092262074772453,0.35823693223367037,0.6528498590330395,0.1707030311014206,-0.17534193482551147,-0.1730805077672836,0.7759250832637758,-0.2201126487615849,0.5111411150211215,0.5997262169933585,-0.5808116981489251,0.82267397357591,0.4299451471301882,-0.22495818497820347,1.6228639863448786,-0.2616434998142734
-0.528843418744191,0.37993683215055457,-0.04214971763555133,-0.2964741822818367,0.6192665519426462,0.3148827208332395,0.388849137928368,-1.0431723098727628,-0.33699630416228243,0.13590566665073994,0.01980911741060121,-0.2562803606949197,-0.18106979000076304,0.4090483475293274,-0.3656519990220141,-0.6525735691717757,-0.47011733703688857,-0.002703679280441488,-0.3147661752674883,0.17823500361632735,-0.586096611254564,0.006719425569702344,0.23264396736515128,-0.8728774848063799,-0.10393566549205516,-0.2553725020934868,0.33164707009289823,0.08522313004397024,0.01749334631999616,0.7896443347625561,0.1690822100189214,-0.01061292201661877,-0.8196236466078178,0.03618438093951509,0.1839794680879902,-0.31504454101294266,-0.013257199646563328,0.10652607734764255,-0.02248557241536507,-0.6791458401599701,0.6381375615400222,0.6671556838735283,0.2433620714074863,0.6217851446362073,0.1048888327193197,0.3188012097879857,-0.4032294704234107,0.9334896817787454,0.06273528676616538,0.15191418404573767,-0.5663877713018625,-0.5394371888702535,-0.8073132944934059,0.6770244871439601,-0.3544093053849367,-0.4018379565871861,-0.0297026897557715,0.6234501165315184,-0.05720931949877781,-0.6349962745841146,-0.47312664141906285,-0.16322146383941544,0.6027608214134278,0.14480070195414885,0.876669419391315,-0.4004168962787866,0.06596986686933361,0.2340999286902959,0.4868512137619296,-0.35296268383867774,0.03537750730817578,0.39701299267308837
-0.3722280693702789,-0.4320687344108505,0.5026310295439419,-0.3896217549022427,-0.6574245824329616,0.5645612706632172,0.06069010294546979,-0.604480204178511,-0.8814882137426765,0.009632253875178985,0.653113820058383,0.3026829500783954,-0.8913592852327219,0.21441944466605287,-0.19694173742726112,0.16923627683471154,0.8640052831372872,0.33110557001970253,0.21455705174058226,0.35708956448981155,0.33746303395414856,-0.3779612586715417,0.018241118522141473,-0.3085650405895242,0.08081849516388044,0.8211016502222064,0.896167373124502,-0.09795724684123151,0.40713574177939615,-0.09261091223119262,-0.050893033473722364,0.914134048923173,-0.5506705478015289,0.37566744178057676,0.3711002120019163,-0.3954861891746786,-0.35332558964082333,-0.21120308474694316,-0.02662656492020603,-0.5165174212168099,0.19533118273325212,0.46830268391151897,0.4839813312031382,-0.047975877702720424,0.14183720107262301,0.07662525613026733,0.6211405209623354,-0.3698186116153265,0.12605074765243815,0.2693025942148972,-0.008777842268727952,-0.757853122940259,-0.6491871564099857,0.2721220735936198,0.6122786138206514,-0.19033406868821942,-0.038587266995959546,0.4691590659668591,0.007532044522944038,-0.07646034953294845,-0.6738255717083339,0.013661045911517535,-0.3988281071230023,0.5404483585689892,-0.26523775674078054,-0.6521282846065041,0.6572175373288964,-0.24049948331901297,0.13320223836355152,0.613113158258218,0.19053865661830413,0.27327856095785663
0.5158613659432559,-0.6129344944876837,-0.11229942599600314,-0.23516862373493716,0.24309909576649144,0.41621597317978026,-0.38951559637110195,0.5556018520387651,-0.10092519493795674,0.7042172020949747,0.6820388697800561,0.11833863478450946,0.11934857936044306,0.15661492192544005,-0.5797672528584836,0.38995807263226157,0.2573592081199793,-0.2574612428056838,0.5537455276956209,0.04597906900736709,0.2463968527117525,-0.08916152694017372,0.3770121774933739,0.48729770423607666,0.14420409368235387,0.06723765860370898,0.8448407080107773,-0.30351101997479135,0.09628637672384488,0.0846355418468598,-0.030086585395175256,-0.3170868252092232,0.20699655737192102,0.28320019202995983,-0.2698722962054194,-1.3085428053992052,0.18861742033150533,-0.6789258281920024,0.37388993025484385,-0.2732772479796075,0.8498248399097803,-0.5910554078655981,-0.4101197478162034,-0.04069222013891944,-0.5292319626159286,0.21834033843532957,-0.5924784834055417,0.04077791324578815,0.3076609016798431,-0.09995761605888862,0.11111888467869878,0.16602870349231535,-0.004967980223100281,0.1268392199566275,0.23885667514156364,0.2792296851874627,-0.09655090805997173,0.4472436669327589,0.222276059136345,-0.2511290518063167,0.040046460205253175,-0.26936553835285854,-0.4717708156525459,-0.011916897065798843,-0.31143149556140115,-0.06222336390258864,-0.021733820422461976,0.6235549174136277,0.13119362554519498,-0.6528097091727882,-0.09580759604586782,0.05946624818104889
-0.24907828821285624,-0.13729582768846174,0.38151601051022066,0.11627345775860162,-0.27458461657158395,-0.2652064394996716,-0.7764306893034352,0.7681346732893036,0.07165742957177884,0.07425848564396569,-0.1614447226577046,0.17616086131541575,0.39015989138687784,-0.8686136810047658,0.5870743922105028,0.28351524759575414,0.23926352986949215,-0.06375587120339526,-0.08791133232797649,0.2127370351574208,0.5279857173746335,-0.5790216980153674,0.8886925059644427,1.003685566660068,-0.003801884702436985,0.12712265718587498,0.19785936866957035,-0.0389766490892552,0.22905976828038763,-0.5675233309812905,0.7632266157418479,0.42181942003670414,0.8589923870383307,0.793137435816655,0.3894434662731094,0.35495685796585397,-0.6404508842169877,-0.18918439834849937,-0.042899357830978445,0.4046998105275684,0.15380327950450812,-0.18245564904952033,-0.41922724572631803,-0.0963590751515843,-0.10501939640229965,0.09577040065341279,0.9325736154521365,-0.04434622125193535,0.9941038158617972,-0.11048807831198555,0.26767034551026264,0.2504734191973267,-0.005053445585162881,0.5354297647367888,-0.23361376227077763,0.32677379695604003,-0.8299061374353449,-0.4519524319051266,0.7026153372838214,-0.4081516144090412,0.021834711653034185,-0.13228628061089898,0.039952164045099096,0.8613611794249254,0.9118634660594888,-0.15817274837804488,-0.3227698777164951,-0.24255436038627057,0.3744356932485737,-0.5822333907231628,0.2310747305060342,-0.7644218985748825
-0.5573931771790975,0.8936388568173668,0.12667453141421234,-0.24409047527212346,-0.5490038077127928,-0.12430792958120654,-0.45390020991962543,-0.15663672807638515,0.3375266020689682,-0.21566314375876403,-0.12683929955925238,0.17028143869365006,0.5874510912739538,-0.41484454015614713,0.15885776274588684,-0.4132931537606884,0.4489945697050402,0.1596687404816226,-0.3068032464946501,-0.20254978390111913,-0.129606727179431,0.09700811481655011,0.04437742829233317,-0.1447164474683141,-0.5123824827338543,-1.2353836232041437,-0.8496089858511505,0.18125024916413088,0.09104665242753668,0.010264871036681788,-0.0062723802966494525,-0.16283658564101416,-0.048415450980521815,0.05968381273260246,0.37780766641046937,0.8035835792424709,-0.24184125450414834,1.0233127343411361,0.1896756789638491,0.4264774064236361,-0.3367950106128652,-0.8048545802441043,-0.03614993529925867,0.967854994136742,0.8677677142051229,0.5681805345859141,0.23221054624318177,-1.1856299385384377,0.683132754790579,-0.07167111523012754,-0.17092886467412316,-0.18882462383341322,-0.06818115696309182,0.7659836105392135,-0.65105816442911,0.06138889069422142,0.7218818827098827,0.36267363901828126,0.22489737045598127,-0.5399099974246563,-0.36809871664100474,-0.03715860030548533,0.1569736473425257,-0.05174909903144524,0.6973723380748843,0.2678718798894783,0.3079091799152138,-0.4866509589904952,0.25169485079100923,0.29680395442802116,-0.2847628287783317,-0.4802743066116586
0.456062738818954,-0.8549546038617546,-0.12784909415098974,0.06559800325715136,-0.14590490606098283,0.4369830133679756,-1.0141075434347628,0.17559681309928313,-0.38042021136870585,0.9011231576060542,0.38460348063130945,0.5008314170773258,0.002493347539634538,0.14591394525362059,0.46321473135317826,0.46890902076363955,0.47658179004576773,-0.2768456240438993,0.14455477860875435,0.5196116047992064,0.9751430359083946,-0.29374670971550815,1.067743545590298,0.2811587542319572,0.1325155875440205,0.4317191881586793,0.6464412994495712,-0.024863287692042376,-0.021569464496896788,-0.7123502742002036,0.22502917063532807,-0.08980077888138634,0.5513822097806562,0.34761014595999645,0.9040383150956016,-0.7971634353849676,-0.7987996718433901,-0.27613872805212114,-0.24896486429003375,0.08677062613931516,0.33324862307604225,-0.3187080888754973,-0.8216021752804926,-0.8530077202930996,-0.4739608820416403,-0.08615187616046191,0.04284963143196441,-0.022973526366652577,0.7757736095051766,-0.3833232649939257,0.23024135978585755,0.1711851063923125,-0.08798313063588663,0.3433396016160347,-0.07051976787134276,0.3655349190860669,-0.30427355253030364,-0.15834108310159256,0.7376230857984577,-0.7747122347320019,0.35603288743300804,-0.33970479744028903,-0.5752512133949678,0.3189846859804991,0.07063677971429319,-0.38083898808107636,0.23195648725581428,-0.06764219774651999,-0.1622792660336065,-0.09141992232626626,-0.3383947214552955,-0.40711931414396196
-0.17317133452657435,-0.4340997074865633,-0.20117961206726626,0.5846250757062801,-0.8797836505443394,-0.3739520785782891,-0.5505188843401241,0.26633412674364587,-0.13630109808474772,0.3984598037740072,0.01209213358236549,0.8963952349532448,0.5340467487141936,-0.13250727815607236,0.7957888423383086,0.827489015116811,0.6406116540790348,0.21854629035535642,-0.357839197105087,-0.1831214134894445,0.4096896639032318,-0.10930330643577817,0.6079104079797156,0.4418517366172377,0.07793269830992347,0.6360078210434555,0.6486054001073616,0.5106382967290648,-0.04249040971076252,-0.5918676542765124,0.28290083224743473,0.5616461574122125,0.4648596683379219,-0.010720782500406423,0.8617786501375159,-0.7386963300591312,0.26869235547429715,-0.12953254926107854,-0.022569002541181764,-0.4025336104404171,-0.09114493329019532,-0.5555659200374563,-0.12211067814959292,-0.8980274633898323,-0.2828453173577518,-0.47285495049518567,0.2926692161971678,0.1563766648452612,1.0035070461786113,0.10840541963020671,0.24983670208462613,0.44808284486189875,0.14045879085051113,-0.037982111647861444,0.4944384512162963,0.29430087688444573,-0.4681375080525643,-0.04677251724253914,0.4466697003922836,-1.05636791538361,-0.6350989442027787,0.29793737719867974,0.33336248602234725,0.6170005892931013,0.2797518468936879,0.08544825712287102,-0.0806511988254457,-0.07478439113501278,-0.4581325700999542,0.2600763117536971,-0.3956318845318668,-0.2424349156071133
-0.37534665232329767,0.5799791761408104,0.42043467637446597,0.0065183199656368125,0.36632045553146136,0.29305386895581753,0.38336696962679545,-0.5464540342595102,0.04304489048953704,-0.3199933386295428,0.28130722951296283,0.04162762190352439,-0.166499850373953,0.47511873843853514,-0.03364009227616738,0.03893049722264331,-0.02566389724303602,0.14114801516041772,-0.06972224782243726,-0.3479744943317005,-0.6270002216936434,-0.11889678969695101,-0.2593607294737261,-0.4992169109890131,-0.4479007086896164,-0.08665687549702246,-0.6970749492673133,0.3481670286158732,0.20706631432557382,0.5099509846856342,-0.2707265423763757,0.31015891852991995,-0.5299884007538004,-0.1785440237400889,0.218169127324066,0.24743181693625205,0.293607770062527,0.7744184230377942,0.16012918295855597,-0.12245006262809344,-0.3551957513338325,0.5853899410506197,0.08338059924861031,0.07199021298012283,0.7478778619639769,-0.40094885294033294,-0.23785294458791167,-0.2125522553155895,-0.7089152406138157,-0.15484229713424383,-0.006460246175702763,-0.02959099572514745,0.02697204776374638,-0.21917153819529833,0.5505528960073871,0.24902321345359274,0.9349841955347109,-0.19031193897701254,-0.38650676653131083,-0.03548805270316324,-0.5607366480104422,0.1401213646419583,0.08963967583639189,-0.23329755487853931,-0.5917481277230833,-0.2298923288755587,0.20865162758386266,0.06161697704311744,-0.350296458809028,0.6361367303933401,0.13008872350745784,0.32478050410282994
0.363692949151083,0.19207004615401507,0.1320798733562911,0.3632653639909791,-0.17799807378489707,-0.473914240146255,-0.04754045716400732,0.4454033095292811,-0.3640070747150645,0.05096161477998002,-0.39472742961057966,0.09568523855099366,0.3028195196588704,-0.1462906394434111,0.23456511462020263,0.6290838570700734,-0.2686030240821002,-0.0512410078352143,0.003716701138289973,0.07435353046502881,0.42144689465738716,-0.13854845889320705,-0.31493700895290044,0.39895912851924703,0.3811905411064287,0.10533521916543019,0.05981047556602938,-0.08937579972609677,-0.8410623766437957,-0.1925904067078919,-0.061270044075513334,0.1561577202911998,0.382973827696103,0.09764330643784852,-0.4987644026603779,-0.13840493372512636,0.39532535251561246,-0.51968789072462,-0.1516110513011263,-0.36456618220888937,-0.3768167278438354,0.14822335674222623,0.1686049509723548,-1.0167027902014696,-0.7033363012138321,-0.542371676015529,0.06899073540472322,-0.0978004786717819,-0.03451100842384714,0.4992482282732139,0.03988987495119383,0.39023174463564236,0.6517342232872207,-0.6394432218774845,0.31890477597014716,0.03271364841682416,-1.078911512087406,0.03645240043140676,0.35559317134216584,0.269538873333237,-0.014758762018365937,0.040358450222090586,-0.42263222011121865,0.25563296948308417,-0.5516447479455421,0.519101648862079,-0.4201389293184225,0.0704077442859088,-0.3982093874629761,-0.19827307903894079,0.09834467112131187,-0.02396570945443322
-0.6072384384752572,0.003113720188068761,0.5915372470593104,-0.4108642687309404,-0.6326675559741619,-0.3475117938241824,0.5133714339827806,-0.33855147473230834,-0.05674152933357673,0.34941466881834543,0.3234783706837081,0.373460574046479,-0.5741284937157178,-0.06081362729150721,-0.5067535761829014,-0.2455238332798552,0.26095911997756177,0.4893503736371645,0.7982049455455918,0.1471342336763082,-0.9558122229721828,-0.8003086752639753,-0.15717810849997194,0.09828298416692677,0.5883299891594457,0.03120576871388315,-0.3070851050112527,-0.24382241560142245,-0.17347994192521535,0.08114784287080198,0.645523073390807,0.5941652449555898,-0.7829885642808949,0.3913557341219705,0.31963004601068157,0.1610599100756126,0.670926423318886,0.7630935251767925,0.9905375883187659,-0.13735493427503048,-0.47460791974365524,0.2663532530446354,0.2962216912610732,0.41163608071449637,0.606288649378467,-0.01848718089611531,0.27719966133448937,-1.0314696601485367,0.1400614386202409,-0.30993860649496957,-0.04721186471015644,-0.04131058812111632,-0.48505836162996463,0.6061187156430862,-0.7497164515274446,-0.33414485012534184,0.259326590927115,-0.012222944702478013,0.39659191338397415,0.09571625254145302,0.06705537061041106,0.32677018224969845,-0.17729243027020716,1.0313157843427245,-0.689448915158807,0.22672681486000318,0.7459805184806421,-0.8171549640147745,0.0838617916326247,-0.7798962216209202,0.22578417469749418,-0.3639694725997776
0.2424372204912117,-1.077736735967334,0.03509851786316329,-0.0883396524633328,-0.1664471285168185,0.3927252176800346,0.04591080964476754,-0.5132879504492608,-1.0384990950935886,1.1144336824467949,0.6915522118873221,0.7517290698917412,-1.1162225427974408,1.0458701802552306,-0.17739574199843003,0.32904094255354477,0.7938232621199421,-0.210872421088688,0.7627829514660781,-0.019629861349425976,0.4032554716096517,-0.22691089832903885,0.211458466406225,0.24608671154164952,0.341544183971566,0.5162910738576217,0.3267898888079661,-0.14760493471590955,0.10138805799561956,-0.08127175591903912,-0.5019622339431324,1.1388760131558209,0.026833766694791414,0.13348467066968664,0.44480320266475903,-0.6965872603902143,0.4221802158376435,-0.03160106186880746,-0.41705221429272443,-0.1528191654609092,-0.25103479681638907,-0.42067176561518504,-0.4318813503105072,-0.06130763812590166,0.21499350647995183,-0.08313590732308207,0.8740579730917251,-0.11393326816982488,0.5778959338804623,-0.059136427295985,0.15080097488125202,-0.20298169076526,0.1673282346783049,0.06457500379686495,0.8426292098901687,-0.35270973680342116,0.1652849997120071,-0.3175153029582411,1.0622071604526324,0.2881969813585135,-0.28966065914255706,0.5775466826782698,-0.6125789543917294,-0.11870977317716444,-0.22954477423672195,-0.9582697237022558,0.511286330772443,-0.2234676576040916,-0.19123751624574845,0.40223273693963546,-0.3067742101909626,0.06664638672748217
-0.043957902091423764,-0.04394873666252938,0.38582991099462244,0.019838389629009027,-0.0180573962129365,-0.029031197286022613,-0.3010349950655458,0.17924370371681914,0.6203727484955459,-0.33175498144574295,-0.3494465925478228,0.4002359234147239,0.2189353049739652,-0.2741475736781236,0.03456613290036092,-0.4318521310317956,0.14773066433111162,-0.17564964094905267,-0.27353700145795184,-0.6307173677309987,-0.4062236288643772,-0.061455958859497305,-0.018195328176265634,0.04799151264316092,-0.4894797820524788,-0.015191093563870045,-0.33173059003595434,0.0635264530982329,0.07908146839631922,-0.2462178935144012,-0.04656719856163302,-0.5278165621965851,0.025549575017934156,0.41175217600411246,0.18245782672183739,0.6556642723579558,-0.08208149101071313,0.635690954325842,0.059904071443407564,0.46477894367032296,-0.16160162834760305,-0.2730852680390664,-0.14573144883860661,0.35131444018060287,0.7455687161826009,0.36107706789557326,0.2968364563244303,-0.7381058396536933,0.5299417956551399,0.19049928367128002,0.17654748468411324,0.39339985957002843,-0.0933427082771461,0.6819504946493202,-0.4623037054181128,0.5192869803897787,0.2635660344140637,-0.5188114937244237,0.3032044859240691,-0.1457135464279527,0.3663884850721517,-0.29960059469745065,0.5654562318211381,0.4131847072957467,0.3016959815656059,-0.03821013551875129,0.12947088226593093,-0.257709496199648,0.3276190090195635,0.2660590613740661,-0.196719210523765,-0.4031359244002679
0.5892075063326525,-0.2263930954417889,-0.10015828160864257,-1.0853175315783001,0.32554647583756274,0.5183928081247741,0.9063321183140064,0.039300806614592856,0.32955598665820907,0.17175623889107092,-0.004743466626528252,-0.3588283256073209,0.25155389299792386,0.10725796545780393,-0.9362184622322184,-0.08906758092378218,0.08493714010418019,0.30820988238481245,0.37073365518363743,-0.14189655737800172,-0.3680663286514124,0.6687460172054582,-0.8343138246945884,0.0008189288424071991,0.39899423170840753,-0.2669967196317799,-0.3382289142098162,-0.3428212764972657,-0.24508098653246557,0.02895460270283159,-0.2155603841223079,0.3789569324831964,-0.28223067550040404,-0.42916046116332834,-0.33796530014310305,-0.10700140475099708,0.23958587430173311,-0.01446504714270619,0.2678123356703219,-0.1883631560852796,-0.5888425086891969,0.09107941210101125,0.4287105022537778,0.1877762523650209,-0.4984845002943831,-0.15594764345802645,-0.8599195986544561,-0.3046712812069254,-0.9036504981873095,-0.2635486191884952,0.08679645733458928,-0.04973863539655395,0.8992728376091697,-0.33281996289265225,-0.023568992902150386,-0.0884351055898514,-0.42665731610068225,0.3954383863509692,-0.5003755693564443,1.2902156328464938,0.2086140225816245,0.25330425473187546,-0.13808806138817065,0.08274810022767143,-0.5872434603691714,0.4286460147375137,0.47458001412128453,0.09900415866432936,0.5278856266565263,-0.02315872173876515,0.35423447558878673,0.49773848572743956
0.8874798148457961,-1.0032224799563796,0.43901876839266857,0.17173022002700883,-0.4436398575876524,0.2746425888107868,-0.3872027120966756,0.4494287180309729,-0.442814919222725,0.42955234826754474,0.4517560832396508,0.368433242807914,-0.3606874279931063,0.18863939377634878,-0.018482584163036088,0.839799505095427,0.6116582159385464,-0.7385934623696315,0.08991232777296487,-0.2548605311076401,0.757552719989699,-0.2444796267867644,-0.047796647962491785,0.3278955823260323,0.32548714067473333,0.17473027718408385,0.8845232733381473,-0.29235461676174007,-0.11666827554885549,-0.13779892325285,-0.4318303038932813,-0.3820554113571266,0.3340291761759132,-0.1893152270079203,-0.10010025475407369,-0.7239437467030403,-0.23448826427264674,-0.4651594459524567,-0.4790851113589216,-0.3404014460341836,0.49984709911196734,-0.6203764868978088,-0.6707639973353641,-0.7344609742637729,-0.3828873849772408,0.16944784154878637,-0.02717460750760072,0.060618967508542565,0.06802932728741591,-0.2691336933770341,0.12318314553056652,-0.03500945760607501,-0.0854383482684961,-0.6424001393973479,0.23429780081416707,-0.019302471398272285,-0.22707183383213816,-0.10931106833449764,-0.07177867579319715,0.39275292599048095,0.34668216910839533,-0.10806926951751092,-1.0869715826428639,-0.399639646396007,-0.9038031208836038,-0.14494188633098865,0.5282659872162969,-0.30073211954750445,-0.5203561828454784,0.34070218268026886,-0.5076431136630686,-0.021235335648567145
0.21748285583054677,-0.04728912053120912,-0.6750139688399504,0.09434695309747167,0.1015337864309763,-0.6971425315562948,0.009761694778075543,0.06674702600475471,0.3887266304214217,-0.6348400446643987,-0.04438796384897634,0.45353149147609123,0.2480866925585245,0.3257203844631759,0.7199104717731968,0.2885337158033033,-0.052663350981148015,0.7642912910226727,0.15419901086188575,-0.17528690792194795,-0.5562183495572404,-0.34964522480095833,0.5426460860406447,-0.12606904800220445,-0.5019056959764812,-0.3830832551175115,0.5983882875055085,0.26328873805695524,-0.8454536059259707,0.19252394820613403,-0.23150346849810363,0.6724094019038955,-0.7929168737914788,-0.25529018767575645,0.4046907538016628,-0.7083371894459151,-0.16787092691461536,-0.28081636324030557,-0.16037834218628372,-0.12471697939899372,-0.46973872847967135,0.9140001932175025,0.19651535754960348,-0.8010174158970536,-0.16889040258592514,-1.1115894438845966,0.13898364206930508,0.38731092153564733,0.04501811594692074,0.20242096567049886,0.4178039228187894,-0.24912712571820717,-0.16201756261849565,-0.3703303407662469,-0.2840219734424876,0.1186932181170766,-0.6651430645034043,0.32147909687117654,0.27319870639629024,-0.7841122872269093,-0.34325095014154167,-0.22046607468090745,0.183633981889396,0.13292369778453605,-0.0908682549370057,0.15532213782991763,0.0015636415996998973,0.047854922393767985,-0.2740154360300194,-0.1222703327544115,-0.05554535602158249,0.37156696996200994
-0.3457152383872311,0.4320475422544614,-0.37714856907649547,-0.3502870996998581,0.4111477058625823,-0.2810312766953253,-0.20950037279275768,0.13820394337755817,0.14791272128137725,-0.5137715750768489,-0.36618707822705376,0.5683795332295429,0.6561188966526704,0.2838673644081836,0.25981473171903074,-0.6363867930885736,0.2162267194660812,-0.22060123205725174,0.16234591638895865,-0.745041214313585,-0.5053749564413011,0.3738874448794627,0.07123239927612275,0.00755503101015862,-0.25656594721604875,-0.3057002362113409,-0.5076649712267294,0.30602161509691805,0.5361234875017662,-0.4520232787454368,0.1328163118893209,-0.01988900099263902,0.0817218432268234,-0.18350543575969072,-0.14603592429266987,0.878877750985366,-0.07894059668083671,0.6258275493448453,0.20476976702448868,0.6816915670011962,-0.2981379288920002,-0.08895928224833623,-0.5773276230698845,0.017847152362907088,0.3016314755475759,0.028318084414541988,0.23933191052553537,-0.2076245590147138,0.4639395635178072,-0.19853620323516566,-0.27909646470319077,0.24567651297269655,0.7696063128473853,0.020531598971006624,-0.15791890905509595,0.5530469964054735,0.34989110626487185,-0.34730852832437903,0.41543508469388274,-0.036589376667355386,0.015074736591654961,0.4958693138273209,0.9531580384736403,0.1977344833603862,0.5359824246611765,0.360871962074487,-0.2399146129183806,0.5364957780916614,0.1641992830317261,0.22373296946118146,0.4517373733806521,0.09936875232739163
-0.5058831602194216,-0.25224787384329583,-0.5768989832785103,-0.27574938390349535,0.25708940678888326,0.45071197719688805,-0.32323381431066756,0.15473147200545234,0.27938038906446244,-0.3779017593514969,-0.04729187077535496,-0.2136640509718753,0.5732370187209955,0.45600847015055634,-0.03548708109877248,0.07900167614830528,0.11242069229527389,0.10637038529121835,0.45476661296745735,-0.5867192889700504,0.13503011917832183,0.17446228088795182,0.28071500649627534,-0.43728156519347394,-0.49831346577709706,-0.6217689212186841,0.09225136575103007,0.7173384676895566,0.1551114177642689,0.3708976012736066,-0.00982874627244877,-0.1956485109349816,-0.7169824388994182,-0.7202835874795371,0.12291551051243892,-0.5086979776522939,-0.9932734568091147,-0.03611509993868393,0.15337234280297332,-0.23716473922414538,-0.04200466175457632,0.30085081841338013,0.3574366929844802,-0.3168499811448753,-0.6616482250348114,-0.08894160693184627,-0.726247884232855,0.2847397956504816,-0.4085925287586729,0.04115450191848705,-0.16351325553416712,-0.05037143909231213,-0.08907531224719749,-0.48578009063912103,-0.012272880748284632,0.4152847338323697,-0.036398474189065715,0.832461466624918,-0.2376142803165163,-0.3576690811931374,0.6114479022683291,0.00039878464335490864,-0.034573302121736864,-0.10389096839200274,-0.09604374233935334,0.6081793248893985,0.5376084575423589,0.8009485077369718,-0.1697136651218484,0.19629889371344877,-0.00937413335511935,0.2943519391790274
0.30636251243927204,0.6790539048820137,0.42599017383648485,1.4522973410785869,-0.13665392352120084,0.7301172850849049,-0.6493353059673788,0.9179974249875741,0.40895548402114373,-0.29873748333133127,-0.6703553827924738,-0.693784829458103,-0.22099454806960225,0.30636298586222444,-0.5400815198735979,0.9494924671544346,-0.9299405664018705,-0.45426511711695167,-0.0804732019992144,-0.1360654899547045,1.1162795616612775,-0.7012255932311171,0.10906667094685212,0.46389246119799393,0.5902587524933681,0.01162593879933281,-0.24421262591692774,-0.4422597840330753,-0.038945524766122154,1.0135985645820844,-1.4964722649559015,0.22749878184339667,0.2121876898499396,-0.005349400744887117,-0.4778129724521687,-0.37658505182724605,-0.11815419388353811,-0.607716139249443,-0.9783644232147817,-0.0760773111606518,0.1427043371028422,-0.14712943161660555,0.16609109942821726,-0.5396417158751705,-0.2399507806451044,0.004736146608438038,0.06824508924078113,-0.3118238817960862,-0.04249653078408275,0.008518018077854642,0.547309018661228,0.610619108621882,-0.7080723390698105,-0.8069345930925722,0.3711335418170443,-0.8118582427503451,0.2274638321755549,-0.15921925387573868,-0.7080209754208963,-0.28881686057028644,0.9743629225261143,-0.4859987355096233,0.02883648036977129,-1.0448310890644816,0.08254707559064754,0.4938425698013506,-0.6457568869613316,0.5472718688874902,-0.8017012533616377,0.2680150558861565,-0.34823093101406394,-0.39993346984482075
0.40874062261797994,0.27665713160643524,-0.10487088480116878,0.8170529580177917,0.8209803265631028,0.27205424251244464,0.26954932917582564,0.2456633372539461,-0.2091404155073967,-0.08274511576706911,-0.1098006231573992,-0.3792531327791483,0.18516983906018677,1.0066153555887387,-0.2911122061489289,0.33585302264219435,-0.2066453346031873,-0.2733415255258382,-0.12979450026062744,-0.4672089515715139,0.5346082165440298,0.4699750481148926,-0.3862638646354298,0.1252460441925406,0.7269649450860836,0.20350769523772738,-0.22198221259022458,0.24152026736240056,0.23535176774742086,0.14006257993645635,-0.7922919723943876,-0.442275311915595,-0.1551368743837592,-0.5815846945049784,-0.17174413195573754,-0.9025791299703708,-0.06906131275553302,-0.3647749854713209,-0.47819136812420915,-0.04967095342951402,-0.1163820938204335,0.1435574711961497,-0.37937449908425946,-0.21920477620185164,-1.1078700630839733,-0.674603481337394,-0.2793005816064783,0.375467829637878,-0.48705937552737716,0.20411455804581713,0.20459223102295168,0.5055506873594,0.46160508951510737,-0.7633218108220432,0.43058375245335284,-0.1970182298329058,-0.15825762196580795,0.37008778943906523,-0.4329338371447004,-0.15410518637628776,0.10382025332870286,0.4527050870195004,0.35584274803474125,-0.41168417344504965,0.09292765969909224,0.16396593028689696,-0.06853673502019494,0.6428144069080342,-0.5217029553074427,0.21831882449347173,0.6374354269474634,0.16408077615570177
0.3139392793835247,-0.3979342166615062,0.5568567512950334,-0.9204060853951372,-0.7090562976867797,1.0774099388218463,-0.25365715550294127,-0.22119500066939443,-0.3400574640794314,0.23649641341690833,0.3102475370290891,0.7243894787528126,0.5337886044560415,-0.41776158193673824,-0.3441537603389213,-0.2505846820666562,-0.12645404110462852,0.3311337884771032,-0.12476028887049292,-0.09136545289034231,-0.05195928109346821,-0.47424928948734707,-0.15977034375109783,-1.3987818128302072,-0.5430630889900397,0.12377779862197509,-0.2762059548579743,-0.11435143133762718,-0.6316621084251772,-0.428376431763054,-0.13578734201587603,0.08231671296088287,0.39169503228337443,-0.006283969537178212,0.3127049726948824,0.02744912962311617,-0.22334906089639084,-0.49913918568497584,-0.4482773576063471,0.500955178505805,-0.49110244185576013,-0.08815120965639607,0.9691988654376176,0.5745933861880033,0.18919819823044057,0.4226233758707751,0.08325794069521196,-0.8668322525273952,0.0809750996260776,-0.2878539580382161,0.43988544391652695,-0.5257650766245151,0.42621835191177615,0.5389908785853263,0.1202788857500452,0.6303545059810359,-0.3176039024484764,0.7736490268161648,0.21173895187409145,0.9198652893195053,-0.40727054626916587,-0.847150113686907,-0.9022154187603716,0.7770922030321216,-0.1972127769395008,-0.05374905231302669,0.8885310031644795,-1.1611561472702163,0.47477508310560224,0.46453501652500656,-0.5642727128468135,0.2283381820073874
-0.4670301743171683,-0.2890184913151473,0.260996533191472,-0.7895990533114194,0.4580305973251213,0.7597795875081365,0.4331763295042626,-0.3281543566209671,-0.15209335212977057,0.23272750034606898,-0.11612587632197452,-0.10845645854092933,0.08039791018570039,0.8241565305180749,0.23099224600577867,0.23475497599611003,-0.01708759877523234,0.12763032827636095,-0.8160064869320304,-0.7395202737610317,-0.1290556776530711,-0.3842683302444096,0.26103963609509256,-1.043267515090758,-0.256601138540524,0.9805867805039257,0.5565401409365504,0.3924099195440746,-0.6978086597143748,0.12699026567352625,-0.02645375156927003,0.78845691996633,-0.015193455061918796,0.21844265199264076,0.23915728409355336,-0.24124661181997217,0.2272072794442065,0.3273329174792507,-0.15181899952941108,-0.5041979537017144,-0.17012779757488924,0.6262354018639558,0.26018051665439806,0.264933491778589,0.3171510176013995,-0.2219550212023804,-0.4175340489316756,0.434007639203538,-0.07982263621729677,0.06992378607867882,-0.24057781216898044,0.11872083235580787,-0.2934049032771004,0.17477097679772344,0.6673885037914216,-0.19619927310372196,-0.1917219713818869,0.45234414457541344,0.48741366603813724,0.5387512804811905,0.04551861902050432,-0.5628550925309792,-0.21036878775004716,0.7145649433326112,0.07825216624236686,-0.3799810945696237,0.14589743518694767,-0.09332313020952046,-0.39417959089897653,0.22168963253372584,0.0639428996729239,0.4227337413621245
0.15123707756820975,-0.33013103544359684,0.35694238826973584,-0.41677426969155396,-0.7361431068702827,0.4412893425327266,-0.28960978302725,0.04898560003784521,0.07695092214604998,0.154979748393198,0.6149043854189763,0.64303069865293,-0.3016631673964011,0.0973604806414235,-0.38781317683903915,0.49860212444866103,1.2058753482720563,0.16158085775957254,0.3042032603188892,0.0005578561784931432,-0.5636628710319617,-0.36016310304891336,0.032693077736054316,0.25463741020622827,-0.03933435817238821,-0.2187110508954177,0.1575536388746539,0.41529581445226255,0.21566123625313424,-0.4179082304733445,0.11559546001050185,-0.09633157817667795,-0.17480063876642501,0.044032558069499364,0.3888326847445774,0.025602002196953015,-0.08150474911994264,-0.1013327151813324,0.8426606662886847,0.212148164287621,-0.33330908178201835,-0.755536724942999,-0.15398113843763273,0.3288786050792811,0.21684594645711133,0.30564877376426397,-0.3349324391572221,-0.18967405773541712,-0.18062202398323043,-0.6684389936149869,-0.22673969428262025,-0.7563122001398461,-0.0006543200706855923,0.5765295016898131,-0.018189264867976705,0.1701987735866327,0.7098319187761143,0.3096023488150483,-0.18005468306876762,-0.21732928126066153,0.3025828149811856,0.11573478197732862,-0.5491759677536874,0.8102800466431658,-0.8022697287392024,0.03533355207202205,0.8752985738243574,-0.6688288848769565,-0.33810811789387135,-0.11609026072176118,-0.3940457475791369,-0.4438658298986766
0.15537671163809555,0.38236785446194343,0.6148904709970631,0.3550630135847886,-0.23861842109687875,-0.3689698228672957,0.25363865261691826,-0.3112359481302881,-0.39305806206977834,-0.4777867609722802,0.323119475436783,0.26280467554087494,0.6271257979555859,0.2161443256196585,0.016039193235704262,-0.5198376291036441,0.008021211252342926,0.566086338785108,-0.16460429905036794,0.08280170475703746,-0.20035623190273374,-0.6015108185863999,-0.6311637028596107,-0.6279912708170087,-0.48304846479767544,-0.020300667210426074,-0.5308061923371588,-0.2014675260970827,-0.5752648248162138,-0.23280814114892703,-0.4086832811182481,0.609570298177182,-0.3707945665549189,-0.03445665931365479,-0.0018071600868227633,0.24467505450986554,-0.14499652166730292,0.21035188201984156,-0.334547638028634,0.3070377339332359,0.21225107054266903,-0.08697541052067398,0.5501150775104381,-0.27877090350339634,0.26363124928546344,-0.059418343524246194,0.3846013314221228,-0.45715672510361033,0.09541671661286302,0.2227826178278841,1.001196039271319,-0.026928252072823282,0.14897394089108867,0.6976396525663014,0.3341817498922863,0.499391564763706,0.2771204944731496,0.4455659705869486,-1.0227944692892794,0.010839917360956887,-0.45605355451899304,0.018452652979973044,0.24215916086172348,0.18959878289547782,-0.6193133085893929,0.49737524526049276,-0.0006804049934283708,0.025633616534245934,0.12607040090998528,0.7844747881813277,-0.009596133137767618,-0.3600182512025046
-0.22421359235448232,0.041782308342754815,-0.21761533641208566,0.19267644877754672,0.5782590164276735,-0.028273051096364223,-0.07746761535744363,-0.8029036871633809,-0.6185628540752461,-0.09286619152177117,0.14199376502063132,0.6424418396968619,-0.4622084269806144,-0.11986717350107935,-0.15586788562739162,-0.8085312179247826,-0.4092726554877788,0.5489842237111179,0.1172145232929156,0.12569890017260946,-0.00011252452872779751,0.24473757367874177,0.7522836342709599,-0.46937032832797354,-0.24865867865801838,-0.06570304618151461,-0.050163073882898576,-0.2924987653151267,-0.014082536926656258,0.15012595338530796,0.41992221450887274,-0.0013298542391422816,-0.6392877900006506,0.2693524974468063,0.6011220217586688,0.3275362357531811,-0.06333788164503276,0.35194038012908196,-0.3009320379701535,-0.01910648623714548,0.07966365579742739,0.7549839117296205,-0.24103035811637308,-0.17545364688839268,-0.30915995669663443,0.36298727854171375,0.7700534039413643,0.8689338541748213,0.23789561962186312,0.08779354311871768,0.13065956817118848,-0.31456646448806164,-0.11401765873808946,0.3597801896077653,0.12908545365434718,-0.17673356126717024,-0.31986056124072587,0.3737638009161325,0.16539917945996052,-0.3800603027817383,-0.5449537983470872,0.41129498594497127,0.5100333513928491,0.11058499444797452,0.7371723399608403,-0.17347048101939905,0.46485246338344044,0.0889404841370673,0.5444288979353908,-0.014346379202159296,0.3279395486529602,0.678048332085493
0.006815790499470638,0.3322790033683408,-0.08105539286948443,-0.19311504785679595,0.3314308473104183,-0.5953692965098409,-0.03773250149515239,-0.16521047966108143,0.6325929895155401,-0.1100309300499071,-0.12872752755292696,0.2647527702335696,0.45453101949652014,-0.15266811514830142,0.4027851182214504,-0.24901961537424008,0.37585809312933993,0.26147687604156455,0.3351173113916885,-0.5948226031296193,-0.5956529456754028,-0.030839701617351438,0.6662945008235007,0.23260923940438985,-0.6114348497487152,-0.9746812078295672,-0.529077644522161,-0.023472415301054744,-0.33877525396591884,-0.5587845023518406,0.5948865634853691,-0.6901577818293633,-0.19756190193320597,-0.28373936559102125,0.2743872606476975,0.9372295752712116,0.018931466390230262,0.5929679209779208,0.27742229111577554,0.8412246581120646,-0.4825757851986752,-0.1350667260707529,-0.008298622424341387,-0.009145309069053514,0.18879940485242225,-0.23107303250505593,0.00045030427529710966,-0.5620272435828921,-0.17620823489398202,-0.23268776459438914,-0.32478278192053495,0.01553294837843949,0.6040643116446023,0.7065586014909921,-0.6274686513673139,0.37030631275665565,-0.39054688587681846,0.42010286672580816,0.15759423441823758,0.6815015640528328,-0.2991283947915017,-0.2778861392481392,-0.3620453720329117,0.43387178474506544,-0.07536668780199128,0.2729374074241777,0.4982953184917315,-0.02990927485974512,0.5100396695190815,-0.6296284186840428,0.2874503294002374,-0.12890324656069224
0.37454972475329307,-0.833193835721046,0.09530800634633793,-0.2209166698118007,0.6008363740865738,0.7500029378048977,0.096262715298018,0.2830997838646787,0.17124458024107791,0.4180449788495057,0.8751852200182059,0.27992816245569224,0.18723192830179294,0.06125628825865628,-0.19287441358432222,-0.16363866082760184,1.1074704347036013,-0.22160534440952637,0.5407060889278302,0.015515423470584724,-0.5499697059725267,0.3964332093888115,0.06905015711620943,0.4170277195809653,-0.19373662736043654,-0.17247249910862147,0.24630667011042248,0.0610021537056485,0.581155404809154,-1.0796699255025037,0.16705153142424406,-0.5092568611641279,0.4141352004514615,0.1571228413300288,-0.2586822326885793,0.10120854584534035,0.019087059710367785,-0.7168229565660481,0.006627418708362546,1.1100385233120649,0.7877621634746094,-0.27444386549986494,-0.22576810279343637,0.7231117704797795,0.24393114619048228,0.007766061870123737,0.6790073218591122,0.16464701750970667,0.25945140047251986,0.07207385924166193,-0.5297534108102339,0.2265785958786545,0.665346023538848,0.8028572982047991,0.20424012656613247,0.4548715631253654,0.09200341880483949,0.3569408609106628,0.6654360493298636,0.8416253710446795,-0.21095040718083952,-0.19695061556318422,0.2987455744435265,0.45914986435220684,0.48408000123388073,-0.2650763379041725,-0.015307271516778293,0.43068437004634746,1.241117359695423,-0.5864690512505635,0.13678963471993938,-0.08776981919764283
0.16807841709335083,-0.30033686712104396,-0.9655237777823805,0.21850418363887217,-0.020608566273398517,-0.44470424501404004,-0.13173521305379304,0.08872588295490791,-0.04918044843210641,-0.054944163077359415,0.06446984572487349,0.3547612213964776,-0.3230844814572888,0.04891359349850937,0.0795547515412903,0.29483585830252435,0.8703209493777304,0.017634820062628044,0.732697307949127,-0.6767690041837965,-0.27129953062409784,-0.2326077107768664,0.4771628866015015,0.529696062637802,-0.13978966108280672,-0.5321908172059444,0.6302551731252013,0.27508370146677114,0.2641554099593774,-0.06380420000973004,-0.24902949612508346,-0.08542155944176638,-0.7135722500192446,0.14643553012549304,0.20527419257298804,-0.5918526008686122,0.268888688453074,-0.052837103770752646,0.500482421570195,-0.45768602184471485,0.11120208354014093,-0.5653934586091027,-0.7301596552661729,-0.3434166159718559,0.5282467980182483,0.07896699006235176,-0.13792393718434348,-0.2595515325218505,0.14743403913595735,-0.22388378949759388,-0.239153208626011,-0.26502475868083275,-0.2586766771201045,0.3023167417844956,-0.4477167511880973,0.5095876682466296,0.18017807233494498,-0.06465031685356033,0.036921835341860804,-0.3580960387658718,0.6662153006403829,0.3585938488322005,0.5026334259071468,-0.053520834522172545,-0.21625024140234309,0.3932944755401525,0.30648533127771055,0.4591467522692077,0.12049399216635338,-0.36734672347467906,-0.5672336150414098,-0.0009143070955637908
0.7360082153122689,-0.38458399032406304,0.16169667854440878,0.2913952842474413,-0.5467449700736223,0.23048048763826093,-0.4825749159489699,0.6485922404573596,0.30256390404108774,0.5457887044060727,-0.06806964099902092,0.2782898812283825,0.7222403998349987,0.6668338528655501,-0.14703993968269463,0.7095060872494766,0.5351916045295589,-0.10116599212120712,0.5489243347765461,-0.7473430694927695,0.7050016238686735,-0.31870364810457147,-0.29366816951059593,0.5655538337198782,0.20704172073329713,-0.5200029851163165,-0.24184906396532993,-0.5518606630352394,-0.05893144841666638,-0.7788850031295405,-0.985119955330832,0.11716182293526906,0.3938350116218663,-0.017572307861614667,-0.6812883729643674,-0.23859260410515334,0.43717824566006425,-0.42647796541103367,-0.18441555631238818,0.8116983064412084,0.013436000100653276,-0.5870168178055474,0.16525951071913214,-0.23111723825703098,-0.2789063354319999,-0.5744964943836546,0.3342091223939333,-0.9526342341310358,-0.20263043529581323,-0.5652388250756395,0.08871298384509914,0.5224915505053912,0.7459651502697501,-0.26428493396128633,0.32787678781564217,0.18342605150437152,0.11218300402892144,-0.04493808723500165,0.15928724675274616,0.988371817564467,0.618227881353882,-0.48127617491101554,-1.0826083881759707,-0.24444553605924316,-0.8674344956610235,0.7616967067183753,0.19859021351452752,0.5968423764000849,-0.3644598727434498,-0.15736069207697662,0.3611134963102904,-0.8582281929728438
-0.30398968430575674,-0.5384995574024128,0.3035819348649021,0.5670333375990045,-0.259055401320693,-0.5138153196718348,-0.2976179082297815,-0.19594006209320974,-0.331657877868317,0.4062768647735231,0.6306249943385339,0.27523520752334135,-0.3156985007396219,0.2927554800923491,0.6642476308959515,0.4561421202260528,0.05366703873317296,-0.015640402153547294,-0.4214337063023783,0.4052451971923358,0.033155334893497146,-0.2913068207327553,0.0016260200744004764,0.02971924777358966,-0.07595402440067127,0.6624162676353574,0.25260712777894007,0.17903378732142552,0.0451315143874519,-0.26075979592467013,0.03608507686184204,0.8082530698718047,0.10008628076503238,0.035277968698994966,0.42927433319270647,0.11211751587791798,0.09563070219282988,0.028685000756892266,-0.2920677084025235,0.21994590311907622,0.2811197516566606,-0.6327233742553604,0.13030356339443722,-0.3545510280752259,0.16807510634158376,-0.06642732164368823,1.0135371003685887,0.01384908421529798,0.4497716582900944,0.04667326006540429,0.12234755026485557,-0.29362335518327864,-0.1264808638155442,0.34544245983613836,0.11817134049878465,0.42501238761712284,0.0033946583468229923,-0.42605261351991464,-0.07740364652586039,-0.5842660205589615,-0.43894954444198625,0.30065482455136383,-0.0955647532827505,0.036946509763244095,0.11121744189299147,-0.5976186628339415,-0.3382503983087631,-0.26547018080302787,-0.13955406203614892,0.5301780599485084,0.2540102738256418,-0.5098803125733792
-0.37446533200514465,1.093767956474558,-0.07545652269280824,0.2634002312879368,0.08317548922166934,-0.22706682831731806,-0.07130824137999549,0.03084901610924753,0.2057951979990716,-1.2674329092754495,-0.44764394878534053,-0.4488406010037929,0.5100874850635521,0.22830294488636393,0.5998516411943567,0.016588334399710164,0.46884131890060343,0.3651656363677358,-0.6083571290172365,-0.6545422963763793,-0.3408577247911861,-0.25978334688491783,-0.02123902143460866,-0.07521152043181013,-1.1807676757426768,-0.46471773972088476,0.21552396080672975,0.9936191069059382,-0.5667580375033022,0.3006920103557925,-0.06001957898381415,0.4393012568642818,-0.7612851575662012,-0.04603390831998944,-0.17504604770109747,0.6479599699340353,0.0691164280099629,-0.1832920450647305,0.37553002882484315,0.02775638338221411,-0.31907304934394326,0.5955965191768636,0.30059902639695807,-0.6240943692343651,0.6377915205220279,-0.4259282176050024,-0.16614599046025816,0.155431859837776,-0.14579364056363572,0.8070331940175932,0.07313453398230185,0.11830393062144193,0.23539993876878376,-0.12210531599116228,0.6867106195608279,0.04322804175702533,0.07034488183639334,0.8502671729719044,-0.5467224384942024,0.1673345630062085,0.3439118746135291,-0.022120073460259893,0.27297586335479684,-0.04402431285874041,0.1547346642185284,0.4723510959039145,-0.32819573223800197,0.741592252055636,-0.32131644007838095,0.42537724015764783,0.5114738743131443,-0.03039834843003794
-0.21586329380281383,0.11573797205695145,0.011260212463211686,0.740277418191506,0.9428430330853698,-0.40504037318111663,-0.23502917369634957,-0.34716782760519266,-0.08775184564404595,0.2843089854425681,0.3001420892034466,0.1556243180884624,0.009830703849514967,0.7710901857593401,0.5870618368535858,-0.12854364257104026,-0.10663523298496,0.5421225756341417,0.01668407810837629,-0.06466004931521163,0.6329927903183407,0.3434805361838029,0.3435089887998264,0.29850100359281134,-0.18020382395937143,-0.11102368308069627,0.397632241947079,0.470557088098578,0.04427441713570126,-0.6118677832731927,-0.47825874812104774,0.23740911547342924,0.04069352847841078,-0.5060997455034292,0.8302261713434604,-0.17494791372946372,0.3631617811781186,0.19456397393519323,-0.6363266582029815,0.2006706510600992,-0.10335885505777426,0.0722260697971831,-0.02575869608448737,-1.159931520147337,-0.42598067525101,-1.2337362552440136,0.33302150581300416,0.4354470402390205,-0.4781355201943609,0.40122778179503615,0.2051765132731059,0.5996168357926938,0.2902730792697102,-0.408233435173157,0.7643635118297774,0.13816856976982833,0.006920392914660575,0.1267702537678774,0.048308994162093624,0.25436851025115775,-0.4360367443637844,0.2463929347394243,0.1401435597392983,-0.7976673444083867,-0.18423135898046278,-0.1905382951537821,-0.0893292281866466,0.635107315804711,-0.3551299268449985,0.693552172439876,0.0730008778156449,0.2967224138763563
0.12015149240024228,-0.5702596523670931,0.5075396212889586,0.21840692135267048,0.9226129249077025,0.7320523551769113,-0.6283802618468213,0.15248692807869904,-0.34163770140627203,0.2616793629727611,0.3883909264295381,0.06292948496888885,-0.14680398279045828,-0.11440820110813726,-0.10262459839110039,0.42781251709486673,0.6949607212800302,-0.5474212378068842,0.48067234441920187,0.42775895857845253,0.43766464487095813,0.14122363478566702,0.47058374483442444,0.32235682553385914,0.7028270717004389,0.3024853355852019,0.292704049820049,-0.04467115242528234,0.49387155834523616,0.21665095414624894,0.7664107324962528,-0.34820041007440816,0.18856427830582068,0.008580788629461815,0.08065808957396992,-0.13187322144631106,-0.8204957226469993,0.03586311166017547,0.6449758716045719,-0.11472957213025266,0.44393562668040926,-0.42439237946567127,-0.8120813092763182,0.10872426559168352,-0.3201922452132442,0.33181649177191536,-0.3535224439089282,0.5289645614106753,-0.16889001758046884,-1.045870608300966,-0.4084044887252041,-0.37094516366144903,0.1499764799112828,-0.12454329960218807,-0.14243990172001905,-0.09882367212490732,-0.26287857592746783,-0.033643150325351485,-0.046117680551495434,-0.4340306335593006,0.44950201129351325,0.3168645775638068,-0.5313313147005462,0.41005798193888515,0.12327693571221486,-0.27909496470623746,0.39165587477049846,-0.0654195229166845,-0.02508186249570346,-0.24300054697020296,0.2103213398370189,-0.30956764811738735
-0.30629554037389223,-0.015698121508764852,-0.03890521990292078,-0.12585930761108793,-0.3778385712322937,-0.08511055744110753,-0.5810220135195842,-0.4953424389878407,-0.6676094925579744,0.28185103995589506,0.2697865858581532,0.5725544249130573,-0.18846135499824127,0.29387335391056185,0.28108213204807597,-0.1220374166877472,0.227502922849458,0.2227211993475086,0.15740985423856138,0.205305460556422,0.5300446960672099,0.017327659492751585,0.6726024736658008,-0.016724405276456487,-0.2992966603356972,0.29280277499663016,0.14959090511472428,0.3148058462647816,0.05266555819768247,-0.0002042610067132136,0.3679609240141032,0.4683964523167467,0.3165468933325329,-0.0723470519277268,1.0547065706706547,0.4426002298284235,-0.5961866766578893,0.4470423342020258,-0.09701467756581585,-0.07445621226915869,-0.34495116337951276,-0.09356081310977037,-0.03406475389024546,-0.15462880619875588,0.2999773560200608,-0.3919266811214971,0.5618309560915372,0.02153757745269098,0.4378959921388113,0.07508396929535371,0.1736485871259051,-0.571902868507827,-0.23257145022997663,-0.03840473153166083,0.6849603427887649,-0.27572051129962166,-0.22891903848711814,0.07301305249429613,0.16140513756719155,-0.2866501471976094,-1.2796652726152626,0.0256075780087449,0.11218364703764314,-0.2371437312894199,0.29123039107701876,-0.740866141917178,0.5135346632686988,-0.3224114059786082,-0.2380282166306951,0.4725657060069362,-0.5485232434817325,0.19095872176191278
0.13212463424299925,-0.37212353916908497,0.9352448635972496,0.3251549700534477,-0.33741057108076444,0.334595796111314,0.13427147156811087,-0.16913479547130128,-0.6165350061842854,0.3505931186108546,0.21924145011903803,0.434079597450186,-0.1282311428031157,0.3067517272522999,0.12273793988437402,0.3144210421603575,-0.03421019323754598,0.7750236770813062,-0.5250214180415926,0.04368291015830249,0.6655581174108253,-0.08488572492530229,-0.502180953586944,0.0641221137799317,0.08046342023032244,1.0933310859680734,0.4055510238893011,-0.4029511649095499,0.2206759595785943,-0.8494183329888517,-0.4895650143814215,0.7853425048874944,0.6184895342678138,0.23165351409679635,0.7515776396423955,0.38643088295573136,0.6446207318123679,-0.23428664961490314,-1.04448692270719,0.12715697944228233,-0.2318763411446404,0.14877002263475775,0.4565584233508963,-0.6872568864732486,-0.5151899289584682,-0.23313929853126153,0.9214012530980923,0.5144360231144081,0.33118736283917194,0.25971033060628074,0.8691992555802943,0.08579745038024393,0.37930318334330915,-0.2358067427158657,1.1243426734669038,0.2747952658050105,0.03195086932850967,-0.5099724195752662,-0.13678411604218219,-0.17669366329386177,-0.2549849722964595,0.5608974644430899,-0.5193092994078482,-0.2066714690007523,-0.4023534222628138,-0.36694385501899196,0.32446531245560906,-0.6668633345869598,-0.5313058475787124,1.0191341202908453,0.4457804834947971,-0.3261766670736547
0.056819040551215894,0.060392665385785964,0.5402305682485675,0.06259582894508312,-0.5548791927194167,0.25831246090165216,-0.5653672134659562,0.3681560088995325,-0.06882408345822369,0.47021083239310474,0.44367707725110034,-0.1109637303864184,-0.05095742684408629,0.12092951931974544,0.039670845194988584,0.012561093584956358,0.11365924020881908,0.49768316078363223,-0.29422061901248464,-0.30636188069169523,0.03052904030432415,-0.42797706517933853,0.35989631545074796,0.44761598534827535,0.03097827390221145,0.045122628782271475,0.11873645328020631,0.14818842813060967,-0.7162065606240408,-0.1522062314162756,-0.13644594453319653,0.45687983217287587,0.024295760380327873,0.6317253566764409,0.7251070838702193,-0.40179187487361107,-0.4300045230615782,-0.05098371373390392,-0.007756682754752934,-0.3287778425588999,0.2512490252404015,-0.05295367297493052,0.12097793153233612,-0.06477828845487246,0.27572720629893016,-0.10231750930050143,0.2566705348065614,-0.5031918059800137,0.5292285728252214,-0.03286601467431909,-0.054309283652109144,-0.14766219920883716,-0.19771771079783604,0.5110211708841678,-0.38071795861948043,0.5739977684639201,-0.5907266452948163,0.303009936974138,0.5456443250885233,0.17258726030297816,0.9416047845023637,-0.44417081049619933,-0.6093547465851906,0.6230596215934273,-0.04197887032777305,-0.40833872053299847,0.34124425331684877,-0.14519023811364468,0.28863843428382185,0.008813368950662327,0.061272880937354716,-0.5118024758212016
0.839973997137575,-0.25929578328615416,0.29639708427973294,0.4709011296700794,-0.19267763527510476,-0.025596767022169634,-0.5098513373953419,0.8077812249291312,0.04452871493723485,-0.15332733466617438,-0.12272214505502523,-0.30827567097348174,0.8493881942247272,-0.72067853106117,0.3023456768125081,0.6382228572800466,0.07949476683955423,-0.2842937558485672,-0.5257041838418174,0.30023988314997907,0.9268909132788024,-0.4248871165663855,-0.24786233832487167,0.5790122182899587,-0.07517703233145127,0.33257288480338265,0.5101248188209365,-0.05674701185776278,-0.4382752420650102,-0.3626803407155942,-0.34822126753264254,0.124883434439126,0.7736390980217548,0.2663887786068146,-0.9720879876529458,-0.6419230588645938,-0.02318329070618697,-1.35449079359817,-0.4867324724996558,-0.3566368183473476,0.4573830331761868,-0.19018623208240948,-0.07502990195518525,-0.5044230207695024,-0.3738277886870165,-0.41397150264865284,-0.19867813748180316,0.05378683296097675,-0.04277123655811963,0.17336588023437208,0.06564346119125677,0.21679467224564272,0.3950434484248111,-0.20767176285721067,0.02995598229195834,0.37887719491977223,-1.2033737635019437,-0.2310147334821548,-0.20438041560293366,-0.07327289088820949,0.6598841032215848,-0.45931615584868507,-0.45834376737405647,-0.014288380059154686,-0.5319183925398491,0.19040682485528562,-0.8780155716122153,0.5692357667675493,0.12215484960992956,-0.07438033781686423,0.25576504824514507,-0.7154154095195974
0.38180100801422656,-0.7444396480608567,0.5884757796815757,0.7767777204851208,0.01394908655227273,0.28832010454698137,-0.041106847285034026,-0.4276641192335513,-0.028788174135681313,0.29564821254596096,0.6814251800146031,0.7674465393675491,-0.40334014201095786,0.41573057646003203,-0.23952061743335057,-0.13142945187932592,-0.22463756642155996,0.36320795237747383,0.24740092880423012,0.557822608714599,0.5158242339079174,-0.37510462779714293,0.39127821917427075,-0.37323128123211535,0.2921444755878336,0.7178264658065443,0.26891433580753354,-0.6402642478702165,0.7092144435919839,-0.003013904541775639,-0.34238647980818887,0.6805677094835348,0.1884451714718759,0.18380094185907203,0.15102080214445104,-0.2874785483321525,-0.046523553614899876,0.03232434006191656,-0.9550381294968954,0.44564427751714475,0.4903884357011217,0.43640533752084076,0.3323141843524658,-0.3162806088001762,-0.04582808404981894,-0.26514782671357867,1.0694166604004973,0.7298051729932565,0.26258062568882357,-0.18375179233353697,0.7497747562683517,0.15958639620698628,-0.2493903429709096,-0.11625779397846694,0.8409154297358702,0.13087882420163946,0.2023037064781978,-0.036150546214958876,-0.20950965859911103,-0.31302258680174466,-0.6630752190662853,-0.2562942877914808,-0.21041009056921214,0.11007863189834464,-0.13596751672268564,-0.1593013194515782,0.0821516389444386,0.25411382488355944,0.12224465863319392,0.2694576107200748,0.09499693365682214,0.383201688487151
0.6229354991009883,0.09789018865664523,0.13275045972610255,-0.0459301173676919,-0.4400428603119949,0.29309103738547065,0.09387863259464604,-0.42238916367329093,-0.6047214330453515,0.28386461176894967,-0.009371630949509482,0.07441379114806784,0.3206264244006027,0.04000020428584407,-0.06993660234402899,-0.5909424031042,-0.29961268559486065,0.16448771867919681,-0.15588179841599098,0.3469995415237969,0.2476106684456868,0.456409304307978,-0.4700182353896786,-0.036802158568624746,0.055234776228025216,0.056928470839523494,-0.43389752568032897,-0.030991475293292926,-0.23342500417821502,-0.7961819626107369,-0.09957869522863948,0.3996904357874819,0.3535918412188218,0.26000983992778576,0.20691690011401934,0.46163918800293996,-0.13503573045551043,-0.11850654292097167,-0.6017488843303966,0.3484005583898548,-0.18098324131602403,0.22271357078809453,0.12651534325440136,-0.016541765632477376,-0.40082145205279013,-0.24903963420583772,0.4091345915454033,0.23645456874912324,0.7067192034518542,0.285220812450222,0.594256380947289,0.02053868590709238,0.7595440032642428,0.19983255393485783,0.13982597464445337,0.4943854744320447,-0.07125514369686602,-0.09388692212812876,0.721557770055317,0.10341191059954428,-0.4934579918913033,0.3623734207779653,-0.17102585538948756,0.21513056000196204,-0.0032191699274145796,-0.21115490891627445,0.10697544520542603,-0.7012972501429456,-0.08483111115003567,0.5467610412322886,-0.07913141896184499,0.15295793893681872
-1.3017367764821894,0.6111723726233937,-0.42148584570046993,-0.04369174094699843,0.6265802014326848,-0.5465457642110482,-0.6456544546085272,-0.1621320267124699,-0.7380989849071544,-1.001711937993987,-0.29362367784360205,-0.14677932682963937,0.3155824477412839,0.22078685214712734,0.845503247802232,-0.44416456577040964,1.1990517822609343,-0.21307943201005375,0.05024087752169298,-0.4505145100195615,-0.027311528490850754,-0.009265465926137641,0.3516299017884256,-0.09290804680524252,-0.7129818530057569,-1.07388126674329,0.2878260625176538,1.2501319352391767,0.5887249483533703,0.0029679741814963943,0.28396833545252936,-0.4512663481405179,-0.802564210059798,-0.41306304815411166,0.2662506502795089,0.24134387463029502,-0.758969252240413,0.5302273650556091,0.7923512432824906,-0.15774372798988798,0.17992146318984192,-0.4211947352382306,0.18446040690415444,-0.337405523888989,0.40803614162227747,0.329613616716409,0.14621300085537905,-0.5067626435083508,0.04557613419034482,-0.1100730906964453,-0.8859824245557917,-0.2496638014096574,-0.5328469817920916,-0.08702315147375946,-0.5816346973982406,0.014092296891992692,0.13604350314069238,0.5588755794555197,-0.30747424299695825,-0.6387305537265815,-0.6843102025676462,0.06496499924015023,0.5617938064783089,0.1547779756492716,0.7935225634828373,-0.12558573044831375,-0.007040905428799282,0.764921687568251,-0.10224350006702927,0.4591425361211013,0.24084152531426636,0.05859590781613558
-0.5790051874038258,-0.14516051304363267,-0.10564568884119681,-0.24857260162432923,0.2970317567613167,-0.0735254336834716,0.6779535264001122,-0.5917831249947533,-0.1493338481914626,0.06534480867521444,0.020747479682734028,0.038735553528749425,-0.5295776752586012,0.17077785199110954,0.183935972781389,0.09105241760632471,-0.3710676953565736,0.2325350411366485,-0.2137547972140006,-0.4702468849568864,-0.6823355919845925,0.1707366610436103,0.2805851344860765,-0.1944303876106487,-0.3077500151322809,0.4590269619881769,-0.46102932782690664,-0.0385759387581377,0.3048707881566567,0.1579161066877213,0.2606836752167126,0.2585444109526848,-0.23107568565706257,0.00909837598987114,0.5356058730218466,0.5188253275043133,-0.0849740003874353,0.7815449464213994,-0.08600819057223204,0.08520140391305416,-0.23948229257936363,0.44906040175795053,-0.3186681012019099,0.087964923855326,0.3585129817759983,0.10841618940828782,0.32601395252417503,0.19064750036624606,0.08731976905276952,0.26359406238888816,-0.532251679417807,0.07353305375561482,-0.3421679993431593,-0.32100252151062475,0.067020753126455,-0.21760257711088657,0.6235853245708464,-0.6209961219583785,0.13423636164154223,-0.1748195249932376,-0.13878702061401615,0.46249390383260164,1.1248410040192414,0.1454130276136675,1.0472211124387916,-0.6462486611437197,-0.4137407899159922,0.22570173069135013,-0.26614514142828033,0.15468648553304998,0.06576750073705909,0.2968476260208105
-0.44597284110163243,0.5566477679575977,-0.3056390128262423,0.1284584891031713,0.4030780380206319,0.65824094625704,-0.8652249308466036,0.26742577143622814,-0.3801613631051387,-0.623587451917669,-0.4681475883001651,-0.26653870674300273,0.42629689954764527,-0.15280647718109663,-0.03943585078732414,-0.34135692761159286,0.40193599510707667,0.08756896826900429,-0.06677533890928224,0.5039119789603607,0.7160840509434799,-0.050420363436559666,0.45147404114659295,-0.529549031198368,-0.24916841090970374,-0.7202511520502737,0.3004304977904286,0.5963395556773528,0.08367248887758105,0.27727732820869083,0.22146048563500265,-0.6999747721939411,-0.39873364156773494,-0.31859771567650674,0.04080670716643959,-0.18588244808391796,-1.6648140206878594,-0.0070121688140370965,0.5574388724166918,-0.23258884003647184,0.6194009598284511,-0.2756906855749796,0.1388345091900636,0.22841148855318344,0.41953935793025665,0.6051710487235136,-0.7572591591032378,-0.2113436963739418,-0.20543657018043227,-0.042142465808985397,-0.6128826696498282,-0.6234060761242047,-0.31549694027954345,0.2577551001594722,-0.2944410593042871,-0.26273646789722577,0.04778826009069144,0.7689014215909565,-0.5774103641390249,-0.5481287695386787,0.014179355908513413,-0.24612073726813435,0.4426896747694193,-0.047056549515888425,0.4369286864961285,0.4229558440984912,0.4806863144359561,0.4212768636888777,-0.028061762526556715,0.687020081548657,-0.2065955121948133,-0.06075979236265959
0.2588894010903756,0.2262428371267742,0.5847664126717008,0.7189254486105885,0.037824163479203914,0.31379789675090075,-0.16358657500059945,0.5422478182899888,-0.4352127194678355,-0.5367889380953496,-0.5184531078314106,0.5451937655202819,0.0840632056000805,-0.201539947887348,-0.014621144236246554,0.796412142775139,0.6973039330271624,-0.4661769240596868,-0.2092350017170848,0.07141585552962569,0.6217615707973552,-0.19770408301433723,-0.5132658971836149,0.4053050464828775,0.31635942281655527,0.3293638164437442,-0.1905408731339646,0.00034790384367775276,0.6427319087759032,0.05918109236892706,-0.2641142727398615,-0.09477049482909711,0.4278245036754821,-0.5205711465540244,-0.04458483016909481,0.5321345095391644,-0.4822874951110505,-0.4647180758809311,0.1843225758077058,0.12029471614409959,0.21871531845825856,-0.1845113560488231,-0.15737595599120507,-0.4528317608507188,-0.38981307532095855,0.4556539665456429,0.06781670948265123,0.3836272765803805,-0.36772752938608244,-0.17465120934658773,-0.5226139670643485,-0.31479060857533053,0.41603645501086756,-0.5871785561555223,0.3916281145991766,0.07831959767712396,0.12384293820250573,0.1410207638926787,-0.5510399725001672,-0.38492775902390985,-0.025125416445324674,0.40059291527807545,0.22976621759200322,-0.27234579906316503,-0.46584669157649533,0.3545076980774471,0.33478409103293194,0.2483414848651216,-0.3628166859854735,0.5397345152033368,0.09668546895878341,-0.07734562305456973
0.5343761793489182,0.34396943549242703,-0.22317841656891718,0.4139830694505099,0.44411068173198687,0.2570780505563694,-0.6686561432908296,0.5771877838598611,0.6696920201431297,0.4645186763602031,-0.10377656419843119,-0.2325761119436639,0.09972526931169284,0.026983221261071347,-0.35155477937024954,-0.05508736006642695,-0.29156881179247335,0.5658710841640097,0.37553680257075206,0.669148222619702,0.4670437954596371,0.39378689241513626,0.599901415831141,-0.13485232544275283,0.5604319159729511,-0.6833459466243335,0.3550420966333588,-0.027870237081629032,-0.3082000280712703,0.3071644264040544,-0.034586644626772245,-0.6571920329716601,0.110044598338295,-0.24631966728040647,0.9845256158201435,-0.5655271535841758,-0.3845968652408336,-0.2623302006259959,0.15977528421923895,-0.013045698655329662,-0.2915214812046357,-0.4227277671562976,0.7862071221703485,-0.16408808145891857,0.2359478119495318,-0.20101712896443744,-0.8210889605502405,-0.4605617078837017,0.06513075144841665,-0.05454595021659296,0.09404081385307232,-0.17317389538617625,-0.14098574566775757,0.30751332488027117,-0.5072665728469598,0.258695396876853,-0.06480991747883173,0.470571950861035,0.1834973104613871,-0.28689096202413433,0.14304235104956164,-0.4533958776408099,-0.6849620958459908,-0.3437662213681017,0.1861578525380463,0.07841316276316518,0.6726423308142259,0.4242376611838017,0.040090667310625376,0.17483142237934113,-0.8996362558203216,-0.20351261719261882
-0.3277989272044585,0.1473982276249082,-0.11356318058053444,-0.09807190099755998,0.20858464474462962,-0.25593598320010164,-0.10213660569840927,0.5214582464595086,-0.19847601996723574,0.11786234055712268,-0.34647140686008476,0.25439657055553194,0.3354349501134896,0.5387447647263264,0.12061009058481319,0.5201070864870152,1.0074884362370207,-0.9256725362450368,0.060013397843728125,-0.3549117410127937,-0.12361152232342748,0.06485600229736017,-0.47403436249246766,-0.2247527618880635,-0.1991862557093937,-0.009647745076413567,0.24358132333329593,0.9721440826997992,0.769166238231974,-0.0895875642890664,-1.2372570143244037,0.42995155957588505,-0.3553361631119854,-0.0918482065942073,-0.10264949444744782,-0.38494791226348374,0.5422857610632784,-1.1190811185948648,0.3259580305672786,0.1040829146643166,-0.2235374816586737,-0.23184666216528518,-0.03078590643276436,-0.38554981465340155,-0.6519284686590211,-0.06496991828641213,-0.44230885211324367,-0.008841616944100766,0.2315086212491514,0.3642887882063297,0.16878644360968878,0.45679148456755725,0.6517121725723986,0.03813655650150892,0.9233670833851068,0.3861456573711962,0.9011249233048855,0.8444506712270275,-0.47591889583105407,0.25017105338286866,-0.19432791903710267,0.32656660938075505,0.22447709410508956,0.2924733454805201,-0.08946761504123582,0.6836040908233749,-0.5504068850850803,0.5058754029827542,-0.29170301676781696,0.33376291604112823,-0.07261612883811285,0.2947541653659451
0.047326093158231594,0.2581151446089698,0.724407303069386,0.12233342039414417,-0.3001379704168089,-0.0985150479226874,0.6135799937226805,-0.8489593991286603,-1.1727414973827948,0.21050335227588662,-0.022927282880629313,0.39393831473607205,-0.43753593606741553,0.5268254563870223,-0.3635214423527524,-0.32931453769278224,0.912131242175079,0.06088036075404212,0.45298614686906596,-0.5808689157582577,-0.16564826328078422,-0.09879255215375739,-0.8729574535956273,-0.7976805715449139,-0.1499942580673012,-0.06559389455260732,-0.2230637922077575,-0.10324164284411565,0.14625972129041695,-0.2976858223391067,-0.44058198878923804,-0.2880528898248114,-0.2741503255109544,-0.07219375121766015,0.1662033827121448,0.6252721635180823,0.869027097150462,-0.4259408027656677,-0.0027575179700450605,0.47615310691565876,-0.295109230240989,-0.2827015728389069,0.6050100398283547,0.15206495793413352,0.28694585178707205,0.2429737050248496,0.5476355997643894,-0.6096159221517168,-0.029549600765470058,0.04172845784817545,-0.1935981370358604,-0.18113099778258906,0.6447205193864837,0.5878123639275908,0.33208004656391044,0.5525872506851014,0.7214342756864326,0.3776203830291236,-0.050986898245098625,0.9609270675349009,-1.5630160166971327,1.018957114450203,-0.7897563991648247,-0.37656526522264727,-0.5980249371723558,-0.24381457533735287,0.49257605555804734,-0.2901976725762296,0.16130262923002334,0.24902891848222533,0.11353672279871933,-0.03872472378626128
0.014073215831720947,-0.4456605274340915,0.0390400184655885,0.5450954284357425,0.4437290855420212,-0.004260424455911923,0.0862266205582813,-0.06585884111549069,-0.016507980664842707,0.018915230128346693,-0.07091427330285091,0.19659199602055383,-0.30973027097983663,0.43817352132221316,-0.03518667539132319,0.3337534387350294,-0.06476037385087927,-0.1468271338518379,0.09980002775449462,0.5706149433779423,0.5018418888335627,0.4100316492046665,0.3794506311555662,0.3523646054928977,0.1487226471464361,0.27311293372804585,0.6140238282473158,-0.7398342283453307,0.4329700508647064,0.3966924481773288,0.44330228153280976,-0.6105738390405777,0.06756612140259578,-0.32455902516722446,0.22352689896393768,-0.21144892643667523,-0.016267182558925522,0.526139818141474,-0.14938286464476927,-0.2064481550237414,0.6815513589411565,-0.3343568668465977,-0.9178381039690995,-0.02192365704920922,-0.5511529981632217,0.1044839837146267,-0.08905767902276962,0.6033886761411937,-0.2205496048930419,-0.37061857289083405,0.027823168689864057,0.2851854558670716,-0.02290436358135904,-0.9925695993564608,0.33098240374290355,-0.21426810271075458,0.035326257586530053,-0.5295162138920809,-0.15249594445231895,-0.38840397589993425,0.3243571892876424,0.4931498578719883,0.12977208724658207,-0.6690428993980462,-0.012806417204523569,-0.6373969044064584,0.12977920685465744,0.6337762963700528,-0.44150996751158644,0.29140340005644727,-0.5550074225567849,0.31332141920737316
-0.06874690406013854,-0.6939997830932487,-0.38604580797994686,-0.4124446226292428,-1.0273351899735226,-0.0017878862963501589,-0.009516264080933009,0.30080142402922727,0.01061981541417817,0.7563477453433933,0.04727877160441122,0.7211077118102287,0.2725054491440737,0.4723550210385697,-0.060893225111782905,0.8129953560799646,0.7619108140357035,-0.9641684160777373,0.3172219018790873,-0.45933712745763144,-0.2047295720947147,-0.1002516363688368,-0.18369522172179356,0.4049704116673015,0.214278799562953,0.07153224875876041,-0.26850073562343874,0.13210345541159044,0.050386509971399485,-0.14587205526292038,-0.4799477346124215,0.3146303653000838,-0.1104488074628321,0.022714052138299606,-0.06590302598817649,-0.13903362196557636,0.30375252812520187,-0.2192590783820571,0.12899259927774154,0.224576416946261,-0.40545931802897145,-1.4355315223232583,-0.6152989457645777,-0.2022213947031702,0.3644233746206942,0.4574307146175832,0.491358004698466,-0.7731605195152595,0.744102273369773,-0.2235202714097748,0.1387329919249192,-0.07766528016137851,0.399035342368247,-0.0071809993625189935,0.3016891791752,0.29750939090348544,0.6882554282917763,-0.4196309372312251,0.052411773561165324,0.0665187830813864,-0.1386297361103995,0.32776126813596573,-0.650066224938496,-0.4051023314499437,-0.20116920695724108,0.16867487987878518,-0.06330052823472071,-0.20503609321274321,-0.20557640632505586,0.31465511981049205,-0.5604427482831176,-0.28973830717212296
0.3421678367803183,-0.5034415271781141,0.2896748515642622,0.20112455116748174,0.5024535126473753,0.09298434961332255,0.41599155910507457,-0.26496096773686373,-0.26270474673115074,1.0195031496804863,-0.2690692381976386,0.6021542738682957,-0.8942688252992935,0.10534677012634451,-0.3209086753222698,0.33231699781199264,-0.46259884928549155,0.08284072598172926,0.210550802851789,0.518767548930141,0.059022110753087144,-0.1439774263146125,0.6327454216711149,0.12740362241623843,0.6151717713511011,0.37321904130508493,0.1982647566354574,-0.9772879950848116,0.2977295910446181,-0.006222631649650465,0.06324266922969639,0.016226596486068567,0.9058315227752117,0.28900353438603543,0.8698915786544473,-0.1560241517471596,-0.005638696747123744,0.4146578808964885,-0.6898825816679109,0.10262806664534009,0.4320242674514012,0.04287051662158218,-0.15624240625794625,0.34447127166687463,-0.048521669540845476,-0.34792146327776957,0.31213608897437384,0.18224067933750762,0.2431049582649623,-0.5172455307005075,-0.18033071811970833,0.07502685339306486,0.016352534401886318,0.010072541452432119,-0.3380689903991524,-0.404525029258828,-0.43959449502780573,-0.6380482359721552,0.7694897465186049,-0.46529860815023255,-0.22773298712181758,-0.0051793577663063065,0.031568091978670644,-0.09074050153643023,0.27522755684612976,-0.7582590039324513,0.09626982459796461,-0.2499223574102796,0.07985160331997049,-0.6017153116847657,-0.29051258418705134,-0.1820881065081486
0.35314425873640637,-0.6814252814907824,-0.17788653718296032,-0.15604289277924194,-0.6377215003595162,-0.059688078679987426,0.3621249703944336,-0.11490074750661597,-0.32935317055200386,0.0356745034744098,1.1490899763560007,0.4631975882369652,0.9873845124475441,0.33174083439204344,0.4063018648550897,-0.5045972177125221,0.41130746678761826,0.453987944696742,-0.07365148056426528,-0.191438310448425,-0.34039061290693745,0.606981608490479,-0.2964372931439373,0.7860731306550464,-0.6119391686449135,0.07644404709665871,0.3403220429850328,-0.33948557112719474,-0.5922351591699719,-1.232624356402937,0.4878819213901933,0.11355786277203157,-0.13089414802203955,0.6923436645201263,0.25915889579302054,0.2905254040834537,0.5733295236424956,-0.1653619867523603,-0.5325189558517808,0.4203637078705992,0.25377844142914396,-0.5034110209719629,-0.713204794835394,-0.20754559115789242,-0.0985327129714902,-0.804386833796738,0.6757546455389338,0.15626375143786037,0.8906999644659503,0.4981743667114624,1.0394631966678956,0.22132188911106343,1.115683545095871,0.9225504306345778,0.5745041711583848,1.214865986772714,-0.415300466046769,-0.34717742265007434,0.5749255228209957,-0.059282588549489514,-0.7998182226394713,0.6640288608906777,0.12452418256789194,0.38909529503163676,-0.19077788911149782,-0.5829512767033196,0.11870317970454662,-0.4180806625765224,0.6913326733004587,0.15884597674963155,0.5195355368393786,-0.03525443366401603
0.15737721875039434,0.6665188016327795,-0.3755605219017757,0.35369198017152464,0.718610106564261,0.0017245144724597236,-0.6137044656848685,0.556304585323474,0.7144460962939123,-0.4004156172701421,-0.8009998031320307,-0.30259017321468434,0.951337987735344,0.3405302493098113,-0.018674982828733894,0.44606392132876144,0.0681805670533363,-0.003156660812845783,-0.07385192208216895,-0.7192120166327667,0.2579965381693753,-0.06470337380167412,0.6129559920653229,-0.2226991640247544,-0.12031377539031722,-0.9069065521246144,-0.20141936359101825,0.04306168466197436,0.1704169167558938,0.21570309043532152,-0.8595322463730137,0.24449637220762488,-0.03354765179623351,0.06322329285546138,-0.41846133891162673,0.10374300765232254,-0.2038111326040709,-0.17163418322327384,-0.14100327514473948,0.5441348248146617,-0.24481000919217277,-0.22417242095916584,0.21495003796645867,-0.06439136348991793,0.10114343677892781,-0.6066892840529777,-0.19958315813511543,-0.2356072112054935,0.13836490884902694,0.16202730715604846,0.12776984093359925,0.2765128058417605,0.22067036644939705,-0.0778640706426374,0.29535307909819347,0.05245482593403645,0.11149986803003333,0.9452078068134347,-0.40121368555577863,-0.1436388814033443,0.0304363303158632,-0.7391068859287263,0.47408181625324797,-0.3158753536075484,0.30923043022836444,0.8874769958836228,-0.3535287914339353,0.8036296523518789,0.13174894365288328,-0.03819171505653256,0.5830347939946233,-0.36102456168581715
-0.023920409206433943,-0.15289572876270952,-0.013311570434365672,-0.42581291314400543,0.21499028767809766,0.9544399309906387,-0.14156750416024605,-0.14293944883418458,-0.48940375851972834,-0.4212536428514515,-0.03663956179637564,0.0402101840531015,0.10926289766519572,0.3909522345935996,-0.49839697765576985,0.25121544536288615,0.9118491308800378,-0.23731467882349602,0.20990291185877666,-0.0007230258095760587,0.018437443909327278,-0.3101905012070042,-0.5116790549257025,-0.048473801965503556,0.13778986061049694,-0.14213315198207196,-0.1150876068069436,-0.11027274466870156,0.18972184483703824,0.027356373018271492,0.1713138584555958,-0.09777627333742857,-0.4552297128324678,0.3214372170314356,-0.33006708398126,0.5346908018702001,-0.10909307012560912,-0.37828169335290385,0.3104910486666274,0.07671479196963868,0.2041583427066175,-0.279355672737842,-0.29028077069393315,0.17483119744844414,-0.3404014077741582,0.6251055610006521,0.21966396468232965,-0.15647429264677526,-0.4160992999288723,-0.4176175779215922,-0.26903150003145304,-0.7741585136434236,0.0748346639054536,-0.10069484401011204,0.22069485437456154,-0.2228798703944145,0.2195531824229247,1.0432875704515951,-0.36508320833015573,0.3968107357648595,-0.17560702171914874,0.1851821536981859,0.2953239715318756,0.3829992431981179,-0.1717598340664691,0.3558014648885855,0.6739860329905163,0.01401303123825405,0.2375062724331912,0.5834013825957041,0.4296984886011087,0.22385395453148588
0.2064708939424849,-0.01639314748482685,0.12396753053166956,0.6140651115188306,0.35397978925249285,0.30427687847923673,-0.3118535211911238,0.27622718529604523,0.5000400157582782,0.4291824029209448,-0.25560218380859484,0.029003849748743357,-0.6200069541684015,0.24836317737291952,-0.029949863717220398,0.02334065907484628,-0.6258648013041179,0.1348643638526218,0.04968048549444447,0.0030681104482015845,0.19546239344632863,-0.560336152367033,0.6730178018258798,0.195040678780549,0.5715700394466101,-0.4499637683954021,-0.6665873407915724,-0.5085363764315536,0.053101806686171364,-0.30921331400605945,0.0005333651705263563,-0.12266086604076204,0.5030467872580231,0.053774495181668235,0.23437429660109466,0.10705775224366845,0.04239556028331458,0.6501207541176908,-0.23108883644143224,0.5837281680674677,-0.1863086382677559,-0.08075153816648101,0.0420536239156111,0.40830078871674186,-0.084972880486691,-0.5377733860402565,0.4076106793806997,-0.6022060855471014,0.04467614911352638,-0.3628635708247682,-0.17728564026989432,0.5937401314405354,-0.3646968658523143,0.45762326173743856,-0.4932012290035715,-0.6612495575758373,-0.44143419126700323,-0.47760436111941296,0.6617126320015339,0.5982960170120667,0.7661852554054871,-0.582583113126951,-0.18252015613973438,0.42614990732937963,0.3710456248494788,0.026912637336672658,0.18113849664425818,0.2085703830867636,0.358610855241126,-0.4416029381269368,0.6583259189033361,-0.879283028375786
0.9717874700767859,0.36461046168143924,0.8915662108550205,1.1052759748238588,0.345425867250696,0.4477645658106794,-0.3097251051693876,0.48367508269151804,0.34218900355053466,-0.031740227103203004,-0.36388093534823274,0.5312488820567806,0.3640273278519785,0.05293042654822466,-0.3786897044853495,0.6442062864927179,0.31178695988611466,0.6611907078263494,-0.005710649569871098,-0.4110223316697099,-0.26753331016025045,-0.4301619654329493,-0.18258382565760062,0.2458632349135241,0.6739706507005706,-0.5466687686610017,-0.3728336349622107,-0.5184140552755163,0.09108536726509908,-0.018513361833192386,-0.8147825422887798,-0.5048311991808931,0.24520772696810308,-0.04287250617663456,-0.47959104526716245,0.1823071678219601,0.41689880572051946,-0.02293260099984478,-0.13897732356304704,0.6857767492837792,-0.19863590864051847,-0.2239407511047319,-0.015522350436036187,0.19760670867635957,0.22273363989497494,-0.2646547907936311,0.5052911131464318,-0.28339885534372383,-0.0790642799649109,-0.3428709603600158,0.34601371047771773,-0.1412291470644612,0.6472671903333997,0.15735319195832714,0.11837404355773787,0.11098756109842929,0.4447703865731597,0.2657713681616187,-0.22186360693804946,0.8248722303394064,0.3318451366195057,-0.00925141743754275,-0.15305274685580006,-0.3524084660696546,-0.4555958648306948,1.0115739079376722,0.4759793764618676,0.0051841510333392946,-0.09734819201280043,0.046204732623106023,0.7025039682724069,-0.5108511908293957
-0.049019750902074645,-0.4215572471527664,-0.05230593294399324,-0.305097013406059,0.3669664525993131,0.02665122257153688,-0.1656235837597248,-0.4061930038176869,-0.6000651015688072,0.5149049055290099,0.5682837791580031,0.5013317018909209,0.1536655226377131,0.5629575375010912,0.5657065071564611,-0.8733450636252195,0.11371285320712234,0.28247324267728074,-0.005467248527187062,0.8125120449496099,0.2645565529599571,0.9210199103102985,0.5120204020102987,0.012675342201567312,-0.39397679751124975,0.08898362495506204,0.277174554711979,0.36650919781066593,0.47176397324571795,-0.7504264973199877,0.5327946263008813,0.39869768760106467,-0.09257568558202192,0.04996176366617838,1.0131157892030092,0.5998464507886935,0.2289940816870245,0.31380045798671924,-0.7078397856574267,0.05572097870029235,-0.1208973148009021,-0.22086988039659322,-0.649879538983031,-0.3344615273569922,-0.15358827016943047,-0.48422411823497863,0.27421440028879196,0.8382231252617746,0.8786124511004149,0.42277081483936524,0.6348062752253784,0.20525033459555336,0.46876514642946404,0.3823235414836168,0.772212929905491,0.44380770180875834,-0.17399963744170102,-0.105109087796796,0.4122902058093277,-0.3048621556186685,-0.7323387353431313,0.5634662956441305,0.7191486102513128,0.012853022939288647,0.9752542787720041,-0.7411555827076028,-0.05978247437614048,0.13156994075926157,0.7972628915381482,0.2321830785984658,0.32672985160858276,0.007736493412194431
-0.516973701468809,0.2857772590505206,-0.8120166808165955,-0.47614089969340284,-0.15721288080870682,-0.3201567719694686,0.12110178368262048,-0.5565816106049859,0.011094677624993506,-0.6760274149512179,-0.061374007993879404,-0.5485986880401573,0.09509053744681516,0.2402622250927175,-0.3143663000153543,-0.48850654213214206,0.002400542748682266,0.1284667484725994,-0.30679748700422976,-0.31299814001055104,-0.21460877600777742,-0.05677850302279948,-0.03208982022549143,-0.5784208764525445,-1.03033692715562,-0.05495242763038914,0.26245001880300295,0.5288958021186898,0.1416938690709123,0.33346679216483704,-0.31268322055084236,0.19687112680017893,-1.0899114985995988,-0.04840033121315313,-0.1459059247944122,0.06467247540906404,0.1296264894814018,-0.5127622167289824,-0.023754288955647997,-0.4836703189849224,-0.3596998816901846,0.32998771293687296,0.3511265769282095,0.17153069551168082,0.44733991665152195,-0.18835097199818654,-0.3769005205478857,0.19526529759408998,-0.3516409409250078,0.11420689946853126,-0.41499217220840395,-0.31678187965735766,-0.6298769285869772,0.22698701329072052,0.3123443933492953,0.42212249351285425,0.19227032964847587,0.5850855673896936,-0.3512814881846724,-0.48808808233263573,-0.07917520731266144,-0.13971327711788273,0.45378674337070213,-0.013356869852973297,-0.005917133311779984,0.1156854704420782,-0.5303657699353534,0.32460063817415796,-0.1793413678414501,-0.027506746992770774,0.16651170485250694,0.18102804847378037
-0.382192980444558,0.6746867754863733,0.4931904151366767,-0.07074303346584505,0.34287029583785256,-0.004497227785875575,-0.2671991875751159,0.3029374524745964,-0.2648197861803301,0.43107736418149506,-1.0087835990681675,-0.3090752332520494,-0.4035182085830992,-0.04129072388113199,0.3243824475623914,0.29294485962110317,-0.4224623958056656,-0.2744326912462302,-0.5911140888920915,-0.14951800723467068,0.15749303343582216,0.30830875192393686,0.2072136289513742,0.2537726563388594,0.02108857107356331,-0.11410937241010254,-0.23822234288112032,0.37443450632302366,-0.16541650865651922,0.5713648442859194,-0.6971240760266771,0.8044268727505317,0.2694469633529988,0.24922468692777094,0.6130424792800843,0.04839079802678015,0.10643109952190251,0.46393824072580475,-0.06240836490789277,-0.2752714755192496,-0.5356858721219523,0.06489011270759365,-0.24352621409293337,-0.22052605842384487,-0.220375145882249,-0.559882821627909,-0.13324772444974864,-0.30046677168718017,0.5473468300763703,0.13738247567535572,0.17453849100505484,0.5697759634108323,0.10675785513012541,-0.11042690075829116,-0.24325825822580258,-0.2810354827640124,-0.07891932974769778,-0.0757995284652237,0.4064728977786111,0.5564590715938995,0.6248432520354065,0.17593089377132867,0.2741886117653109,0.2057060615593551,0.2895674347804721,-0.2320622436389103,0.0027224823266267847,0.0020597145814180997,-0.13703803345335616,0.21460333925656777,-0.01768695486128924,-0.0985444120135161
0.21660653862039436,0.002499302880570556,0.8350103661144228,0.22699915225895476,-0.5704995194145206,0.41035492167000565,-0.24872787482719755,-0.38799789572225213,-0.9472811830542621,0.08950089882871708,0.10624944102334154,0.4041884546142189,-0.1575151495071053,0.2050139749432691,0.04360962847565783,0.44550399575245014,0.2695496579708077,-0.32662753589886495,-0.5271806644866367,0.5336500980717898,0.8166925094319193,-0.2426632140715598,-0.48365434713743966,-0.08321399223166492,-0.14185971280732257,0.6770841484422669,0.08934462302858305,-0.199718423001796,0.44545691584603614,0.01385836688770698,-0.520623633516016,0.17884493487140615,0.3647336550390365,0.25163026151515006,0.37862341102566166,-0.12344527144523285,-0.10192687479926288,-0.4502385621302422,-0.4846980686329529,0.008809164906263486,0.7070213456743001,-0.18762254395181457,-0.5791413107923086,0.10737133324526885,-0.6686260797312015,0.4255038895769512,0.4996712777434922,0.26016837757271777,0.2208218519673092,-0.18846068052055756,0.4163752232800109,-0.08156866557630418,0.23513054068476064,-0.3641271232339865,0.359427280038718,0.29794180337458187,0.2643028543935768,0.14146542882292704,-0.2051398057384637,-0.6673958417986637,-0.18404234861588709,0.5394003237879847,-0.45204984688533467,0.07419650910704353,-0.28299533860575343,-0.4149741368156508,0.20412680160266844,-0.34495183702891435,0.012240132634095001,0.6542848678012355,-0.18251878240855132,-0.14221644591633853
0.3978560898934082,-0.052781111443951936,0.19530909837115457,0.6608151325965278,-0.350709954758014,-0.21883418446348868,-0.0648533067069926,-0.09966484211930661,-0.8315930134001933,0.3831415772667485,0.32208551570138494,0.4645191210800888,0.010681152537187398,0.3644969538658392,0.5482101482897409,0.4065738053920547,1.1860740739909537,0.290377661156325,0.36224602649321663,-0.3394651013264995,0.16138959468038472,0.007526294152661988,-0.3003069055174591,0.37313295775414634,-0.16764578385394183,-0.2329078015331605,0.8241506392634177,0.43877597461523293,-0.34597606396752734,-0.05740147918894461,-0.3616036482870133,-0.27851035829902954,-0.314889736973769,-0.1806772712558517,0.3527374991234645,-0.004623098587828696,0.567000196502648,-0.20769369805727483,0.19899358553391328,-0.22367171453617124,0.008085456441831477,-0.344417356082762,-0.3208608452133997,-0.6843209245222872,0.7867267565930923,-0.1711047355040798,0.2762426496393656,-0.19353400496136244,0.6451402897202653,0.5871300172687354,0.005681251279033501,-0.37942844451596297,0.33320499082597155,0.3736392462914313,0.19974897066467576,0.3845843629380792,0.13773356714763665,-0.0845437691423953,0.03518980047327279,0.11201092813246594,-0.6180729013408608,0.32223947862153024,-0.00022176183725660607,-0.6276461502270185,-0.4536969682701078,-0.5219715839934881,0.4442182085379918,0.09991150241941746,-0.27594974548890366,0.529538576238184,-0.624399717499422,0.06388362719390894
0.7301335607388288,-0.38772221514991495,-0.15100127805844085,0.35794668348506786,-0.2223057735545267,0.7155077737818936,-0.6834498150731569,0.013859478593371046,-0.0746760007172171,0.3726366841890196,0.2398233588160022,1.067925521853233,0.31292697202866304,0.4139703812179332,-0.03776656491758092,0.35152561666779336,0.4716429381166459,0.07154938785897993,0.4808960384798471,-0.038364573285898984,0.3440683685919336,-0.05359607752560888,0.6623316277645299,0.23435318294137114,0.3928831340626843,-0.28320235786385306,-0.1386364250237677,0.08419910828559768,0.22287536963086194,-0.5772475015200328,-0.24868784265179525,-0.5252017560977479,0.2048634822754657,-0.1429129213043785,0.1507671504208114,-0.06618799027402834,-0.3802444810957125,-0.1765383895686482,0.00903017225364148,0.6654643951466862,0.09261771150277462,-0.4798106823641318,-0.5194783552653016,0.04130135317570089,-0.17622217553861644,0.21968241834355992,0.6746232700470526,-0.19983331313442873,0.40977253883801673,-0.18894779125614727,0.7996058288540187,-0.32909366119085165,0.4485833490755689,0.0016688815756430268,0.7246743598674553,0.23587070365391175,0.02412833696870537,0.6770011224122214,0.0003645513976636338,0.04351141974305603,-0.6773595253791217,-0.2686421903631792,-0.12752038617847894,-0.31905987666518704,0.15901990247927847,0.1105833188758647,0.6471846982710027,0.10072826449041919,-0.05425151334331598,0.41724043145760037,-0.2632876701212681,0.12218273523026404
-0.3389091236261402,-0.37879859537151406,0.5905442764120992,-0.851408479041177,-0.2092161267943733,0.2596925398004775,0.49962873378589323,-0.297500124184579,0.1517030416867834,0.24231630907988572,0.7003983935165715,-0.3674032905798406,-0.48854771684670983,-0.06538926541725829,-0.3876990124648452,-0.33139106830878623,0.04465289902303876,0.6102909186344996,0.26581906465008565,0.19088529086284436,-0.03624328177188846,-0.8207838531976781,-0.06640153655701923,-0.3650841569668881,0.4823368525035568,0.9453385713137559,0.09777840064113495,0.03389629325773174,-0.25231226886400404,0.12535616134252972,0.6942859326880093,0.9836027640162358,-0.21671097922273339,0.5565318671806796,-0.19984500873046093,-0.2841891794292498,0.063563478867701,0.3355705526701766,0.4369514360474649,-0.20232737706053075,-0.5439445244905224,0.8207683506043535,0.5031993482105991,0.24728424459107184,0.3699411617950996,-0.5409479930003483,0.20022059989973623,0.04186562346937369,-0.4463635056801531,0.15319622428975363,-0.11715700276994699,-0.29622363611673275,-0.9028454181680844,0.24256149547138262,0.0861969361156711,-0.4591764982496867,-0.774895549700765,0.012199974228759174,0.8123668492619152,0.4284335323285419,-0.3208972875157085,-0.5026729200538912,-0.3827449540859481,1.2659388914732568,-0.5065019462364851,-0.09525984761576106,0.49712033473778394,-0.5986110447360644,0.09662245915001438,-0.4974082571523305,0.6866116059042822,-0.18623216299527467
-0.3492179961749473,0.22319938444668688,0.20248860746988304,-0.1647510479316774,-0.13113125962070005,-0.1803687938405351,-0.9533647089526347,0.10685252575702528,-0.6006014166935594,0.11644315620163377,-0.28490562607567665,0.00817242129059047,-0.037002289002431715,0.22567414218183737,0.7906203597352982,0.3289554159810821,0.5977314146262961,-0.5403250054199717,-0.3613625600180596,-0.15395468821937033,0.5205855484052024,-0.37302590894906995,0.6516628537702231,0.5026588489176562,-0.15833376829245274,-0.266914644780634,0.5325042002428535,0.21527710149453175,0.05929417891157396,-0.50936149362439,-0.11232477483180472,0.020711589384195348,0.44983336794303475,0.4312267527277615,0.6128570763499418,0.2998459060051647,-0.43651391318669575,0.09779154707373726,-0.02250524413734817,-0.2200285998410223,-0.33715650033458877,-0.42650684518067894,-0.4927525879904041,0.12226104722801441,-0.3086920892309304,-0.18446433574881888,-0.057265671113716,-0.39193522075067,0.7915237637885417,-0.2490750278255662,-0.2780978719019481,0.14683620146083218,-0.15293439336855408,0.23204110371785294,-0.5411779203849738,-0.02188473989936037,-0.24989388085094405,0.21325609685855393,0.7176080293868613,-0.25148761759819654,0.3522939124828141,-0.1227227874035988,-0.20474669604952378,0.1750503586970994,0.5773529816988564,-0.39315593328876636,0.07698018440613526,-0.5919731432662122,0.01739224184452743,-0.1619567391955694,-0.39528302146438915,-0.4585946626821926
-0.08520039689315059,-0.45375917001172106,-0.4825295591369525,-0.4167899122318077,0.7578533301293703,0.17300616380594772,0.05565129008700317,-0.24480106102212887,0.578428133039519,0.46351702368815906,0.15075312486463657,0.3087217697488688,0.34753069141702564,0.0646834349439023,0.4154656412879742,-0.22103817866054654,-0.5130301136914525,-0.3771409752295206,0.025033608910912334,0.03669059050554548,-0.2545885323635075,1.47953653420531,0.7627189393796773,-0.3343729033981028,-0.13784689199025393,-0.02843100829645133,-0.11769994589603307,0.6437639148183814,0.7160806504969558,-0.48404523500505575,-0.04350538793828175,0.3318780794247084,-0.030068192983099616,-0.8448772407715901,0.716338157283961,0.11319688110242175,-0.1095756558737525,0.20974403411686868,-0.5637827550264614,0.7394230208556621,-0.36144653138320837,-0.21565970773874013,-0.320481952083605,-0.32537453139198264,-0.5720849557523378,-0.41652854933221894,-0.09701335358884786,0.9093849682516424,-0.0929598323505652,-0.03868848720877545,0.0038865959438658263,0.6076632136491767,1.2052784656008522,-0.13745515560672558,0.48749867483968107,0.2824011130522161,-0.31815588580725757,0.3134266349449396,0.22897704544800127,0.4636070510767671,-0.3926956327890771,0.2374561720573471,0.3107448709574148,-0.005854995968379824,0.7639564632847939,0.36310651494938523,-0.01774361358429032,0.09891584125632594,0.06889951763061274,-0.10346599657829915,0.12694357591078212,0.6657139516942696
0.24469773856117066,0.5227184768159687,-0.6639060756508333,0.9536220562838481,0.49169365080964067,-0.6361269051611455,0.3792315530962696,0.0930283251071202,0.6371212377757,-0.43020171929540313,-0.40873231215643,0.274248225711542,0.5148487630540245,0.07603816614739187,0.019868931835774505,-0.21596047199000307,-0.40819386107891,0.36118867625320134,0.1615219723962057,-0.4946189615154682,0.22909981350794748,1.146059213027885,-0.06606445317240267,0.25444339018011497,-0.14861672323720646,-0.5200332753047835,-0.5357428702966718,-0.17870144021272694,1.126938390412999,-0.6864988583225086,-0.5908636505119904,-0.4613615929502712,0.21630202458537623,-0.8144591544753611,0.06649458225660689,0.15969826952540228,-0.45478344904391477,-0.16834370453342118,-1.0915560599518304,0.5421026271456718,0.2042664330496491,-0.16206633976711918,-0.19483888759313414,-0.3526529936598959,-0.4964554773536754,-0.6224552343427776,0.8197196728414482,0.7274720272521642,-0.17707831987412634,0.34860561822603314,0.505067805261859,0.8650604242843972,0.5881248429388221,-0.9983224076816676,0.6257230641980225,0.1336013865785813,0.020788429411793836,0.26382521575265544,-0.3982394888424606,-0.30073619915372374,-0.686088797578107,0.7642292176795885,0.7755951877635033,-1.0763599004550535,0.9545819166441203,0.3769035718548256,-1.123289384588057,0.9469768270460759,-0.04281547422376239,0.05117103743710793,0.25771312234359134,0.2450631831523385
0.240309601588748,0.5577534242624008,0.3027689096050104,0.8091027347142058,-0.09776384958596639,-0.2158228132443944,-0.07463354938686009,0.21211106901928534,0.22186735666385746,-0.6775035769494184,-0.27715775933698,0.39875421876975126,0.5913352889227513,-0.533309948104047,0.12246328175878025,0.6783689072674205,-0.36800370527166537,0.17931670332013833,-0.17473684537039819,0.32122917471283574,0.4015005867473498,-0.33341505699491264,0.10643795936574248,0.768837010260101,0.02330009741405254,-0.2400113265116933,-0.06681539580328183,-0.2689919770978093,-0.737940646195964,0.564401773162823,-0.09922607897975586,0.16350743581577012,-0.14934968950653674,0.5183753637716451,-0.5221269337536546,0.8206651302731669,-0.08492591358106732,0.3819061316381129,-0.09622335927716105,0.12147307580598048,0.1259721784184297,-0.41134914696318414,0.06018681630335307,-0.5253785962992814,-0.1462063387523323,0.12043613054476461,0.5164892358631746,-0.006306028460553356,0.11761307102306673,-0.0016244683107690496,0.46296077895830307,-0.4910591991057951,-0.00569751276664232,-0.3263348088504573,0.2413159974675178,-0.8468128158871483,-0.28212209493481893,-0.3076713659966753,-0.42322123583768767,-0.5239431901965906,-0.29525704453720464,-0.17791804622424942,0.20573898302059143,-0.6648869158186691,-0.3389850648929892,0.25234452577585104,0.21318405275199048,-0.3074916408755934,0.004365818174476844,0.36609468779189086,0.08803614096106073,-0.05762552823750707
0.16572904500564267,-0.4299543542932607,-0.7404107159032084,-0.2756176343142179,0.26839398615459875,-0.061760578532170145,0.2165736994827885,0.13334877976582743,-0.3387191466772972,-0.1850695791223882,0.4846717677137959,0.23485323191043453,-0.07854711901578246,0.3468293575998261,-0.22194648185264743,0.5212984816543974,1.0923796622656696,-0.02252716426160757,0.45880715730438343,-0.8448957163394072,-0.2356000409558473,0.4051123335953365,0.36508537016439413,0.4989039872082843,-0.11272482103247282,-0.4349449598164074,0.9749180721131143,-0.08551061227698613,-0.24265686476437348,0.29648092882710375,0.012633521707814382,-1.010170068215788,-0.9220044755780425,0.08590368971061282,0.060019041887491374,-0.0016744033399837361,0.19914638783248367,-0.4669650222830772,0.2950557749863171,-0.2977565199165787,0.08667039838054613,-0.6536072823380216,-0.20443497525732707,0.029387558942576827,0.5568400319654365,0.19192668563995538,0.09341097241270999,-0.5770675631101425,0.5840872913126968,0.17334231138824216,-0.18905275581549816,-0.29864207114063385,-0.010403468697932317,-0.09300797832720972,0.09471549491365909,-0.08501098799967952,-0.017405809782961506,-0.24301547163040713,0.3298848590539145,-0.33428430101252693,0.07582984712548475,0.12843663582063003,0.20692430622757832,-0.8094526734502504,-0.36052136589149164,-0.3901144877956799,0.716006546752204,0.21011794625906272,0.10015305457747885,-0.045579659310148755,-0.7844390187044966,0.5395104681159194
0.08287368609040181,0.6040412841617495,0.5861987000657773,-0.17488592897936228,0.36194616326969037,0.6994753685810218,-0.4350960695901954,0.19333120590668007,0.037935238047633706,0.19760510919083138,0.021924175160182646,0.6611108826236818,0.28345289506744437,0.13674520385537417,-0.5544354402436317,0.7307182854308881,0.8227104861295714,0.5329080386024238,0.5826945989843627,-0.4973863308813647,0.3170040153523393,0.0635912831385894,0.3986518450966437,0.24050920641659515,0.5812309644273164,-0.3770646580444499,-0.21692413207387723,-0.5544106261100762,-0.09634671531459571,-0.1175809179592349,0.23949067940125743,-0.282814164046127,0.38707464055436486,0.3251914720866179,0.02515182493359757,1.0794096715785089,0.23197849573784293,0.35160165853152114,0.6216627695114066,0.5704955810585719,-0.3272414135762782,-1.0675607836515382,-0.05076203399190374,0.5339884061009784,0.32551013503812937,0.2214139008489077,0.03956189997326356,-0.5537778837750456,-0.02958213773707307,-0.7882566016928528,-0.26132242066375344,-0.5221350995231901,0.6073061502157078,0.13131985677167243,0.20361638753668249,-0.5419084216830058,0.2163395795349729,0.3171429946019665,0.7153201478081116,-0.010610978963279371,0.5041350913656618,0.27743524485832954,-1.083865529240048,-0.24245560693381346,0.09733357293318455,-0.2884916544168321,0.8122916975197662,0.1794567669560681,0.18342110939390405,0.20587513159772763,0.33202419946082257,-0.29103695166765586
0.4225068625190997,-0.33120341887805277,-0.9406328249691488,-0.2415923904190234,-0.43127171940692144,-0.42060453032181755,0.4371023365776464,0.3543744979358118,-0.23957890453314484,0.12120472042346234,1.2026157353090448,-0.12005346319315044,-0.6308469878721084,0.2579289499621737,-0.08113077998074004,0.1864225908818988,1.0179270468668782,0.5887569677500878,1.1082068914884429,0.26245770124876516,0.05315922674362068,0.6945789825363818,0.203783852676671,0.7860311413522443,0.031072720268791185,-0.379859472604234,1.1083380360289083,0.720340392606548,-0.2888830963273007,-0.32336203362412314,0.40265380711875265,-0.028496055795484126,-0.8295812524489453,0.14391684025603038,-0.07719879287400626,-0.5178934659928675,0.5228618230846338,-0.6596125435938406,0.3963414722860848,-0.7279013706418419,-0.190702651024364,-0.2709156917641978,-0.22270655255282407,-1.0240432679982645,0.8354398614279507,-0.8635974766634,0.005723131543850176,0.3646406218752601,0.5017394300005396,0.6696527598945925,-0.2277326540891732,-0.3438165699953683,-0.09635098487622341,0.04942834248051376,0.19461667357196308,0.06937429817651158,-0.27525325121564237,-0.37175899529569156,0.8846682919677186,-0.22480624260875207,-0.0060010544388436424,0.284813663936881,-0.3217677424002086,-0.9497534469139164,-0.5841828098660133,-1.0068026772109764,0.14306058180557107,0.742502854555482,-0.051380614480304794,0.29537640126186854,-0.4139748325431003,0.6680168375302002
0.4068880435932853,-0.2247834460220042,-0.0671073668207088,-0.039820876467767045,-0.9606062632284339,-0.32522381827171326,-0.0483730047943142,0.417049625984002,-0.08426453640181328,0.3264744929100966,-0.22230178243170579,0.4376335406940195,-0.13689335849622125,-0.03819996572862572,0.18296227388231817,1.1801631175026468,0.4588665322853021,-0.7954387343414765,-0.0008107566538726967,-0.4167770582356712,0.22962697575515892,0.22495084414519537,-0.2321072872017734,0.5534458223450242,0.31966772628082707,-0.14462767052119122,-0.45857396511203047,0.02822514158261727,0.14208240918916104,-0.010610066136362414,-0.8142214061171319,-0.5332698183688559,0.22327823167524663,-0.17824088040325106,-0.3142766115459492,-0.2758976046101853,0.3641939502771914,-0.14164257546647008,0.18757108343091783,-0.242393913190294,-0.2582520995360904,-0.9489093092234172,-0.5417356933993539,-0.12648021812816296,-0.49782227003260004,0.37647230383490815,0.2386034822982852,-0.7291631482489052,0.24062543966225475,-0.2534465796983896,0.3457406505003551,-0.02227614367657581,0.7454351142609817,-0.641316594343266,0.0787929593773329,0.3060044646464797,0.09365962482512777,-0.3926221763900558,-0.0877177281019304,0.2502629856532726,0.384813864175912,0.5072894960470635,-0.418756812311934,0.04730243438410674,-0.37523879427368234,0.5096912558712391,0.31699602269781996,-0.0950053599213933,-0.7198702782239251,0.11442767630745324,-0.8975087898466602,0.2938763782474708
-0.18461004513997317,-0.7790482181832513,0.18265869467547788,-0.18284385311630708,0.27184434170469146,0.45555209269863217,-0.42316596922963085,-0.2742753941568736,-0.2467273436301672,0.7492473435672242,0.28660888863665573,0.8092929792282448,-0.6258900884438412,0.5154364334051029,-0.03321597489615906,0.2362172632543892,-0.01657650554952154,0.04433929348431154,0.351652193194327,0.6081505579767306,0.43856570581654447,-0.8019870729352597,0.9035858385545332,0.18648656046147344,0.39702715433266317,0.07403195296244137,-0.08820750265855935,-0.22373737608920952,0.656161906156578,-0.3296017210680479,0.1848071726642783,-0.29689446448528867,0.15130733827503026,0.477851659526846,-0.06785463631827669,-0.22422136829889083,-0.29071341181161947,0.3332187939434301,-0.38763447496181447,0.2863312048784926,0.45539845706246884,-0.051904983401669914,-0.9699433828921182,0.3965251485665985,-0.3314134134576624,-0.07163721563213067,0.8200801650596354,0.24078888692167272,0.09264551730176035,-0.5994507145636585,-0.23301461097526385,-0.20584900664308506,-0.27811949561171634,-0.061952844017222404,-0.03193187458131804,-0.44569872305916325,0.1206797231037083,-0.299756585339529,0.9369092379711031,-0.3437632363617759,-0.22426130092929375,-0.1549675025941857,-0.0729822117021702,0.6009920668180764,0.4994128952022843,-0.3035852760379607,0.11320321345007474,-0.25167627025084743,0.20913362494174895,-0.6224180089861002,-0.013703144772606445,-0.290112742998594
0.16330209499619766,-0.25702044529864326,0.19958496222401975,-0.22108229780959396,0.11103202788293055,0.2389731271933481,-0.11140386579919634,-0.024976732696805278,0.4791319765023157,0.40525818306105565,-0.09123148222252188,0.33874197237547443,-0.5733345372220834,-0.20606073145265313,0.09081448364324134,0.3936577187986292,0.25533811735346384,0.50534562833617,-0.011514912015872786,0.026385146991806142,-0.5915622219587131,-0.25019267047701094,0.23433493281594592,-0.13338911064816641,0.39849570311707316,0.46462466796690394,0.3125357449197659,-0.06592972660847607,0.11566150792636982,-0.18092280435753505,0.31868089446645775,0.42364334861435976,0.21826223179552007,0.6130823902918573,-0.03811488004412285,-0.2692995382559416,0.31997962493376064,0.24807370141733662,0.22670234229145503,0.15227627403313876,-0.2776405777827552,0.22239043627842708,0.20136417565887388,0.178915592703481,-0.010167201736160918,-0.01177484858281485,0.23490319151748879,0.07336499639686775,-0.2506837572965132,-0.45325912519708245,-0.21307964504700788,0.12257781774233056,0.07051860295428933,0.36857654335986906,-0.05314440778892296,-0.3148621233236419,-0.07378358786591699,0.050287514450313014,0.7827946912417042,0.15142281105124675,0.04664887348696439,0.06290589030999148,-0.04347651375601073,1.0028484247014764,-0.20947307909112256,0.021771463487125726,0.10196604292748554,-0.06825778654423234,0.15777410106822237,-0.4890368595244148,0.6714615013006912,-0.3325778836447632
-0.6023502128810404,0.7653727991328272,0.5048876611009635,0.18121852843184547,-0.4459201963629073,-0.38401451709060536,-0.055428515342562865,-0.3205610589878181,-0.6230295266213373,-0.29067326675461586,-0.10433969663152179,0.28804324284119504,-0.20336055865138608,0.008919909390130498,0.14839096876495675,-0.49501472577706973,0.058182504351645195,-0.09564219263231126,-0.5184515524865987,0.2443003292144222,0.010846717164514632,-0.2579165012495401,-0.322595114706172,0.08336512325379657,-0.15367323964027152,0.06590260519436046,-0.03273754464475089,0.4993985934953672,0.12013921987021262,0.25404578105978337,-0.17092441763005836,0.3631658221644837,-0.5682670068216106,0.6540766020524554,0.08525949307003058,0.7370832531224399,0.296677967431223,0.47415683931169955,-0.007855227968320094,-0.32009470268823115,0.16077504420982566,-0.38853842501845665,-0.11978604588826475,0.1782215404140912,0.6052893088307466,-0.3514977266322539,0.4578373513313536,-0.383086396835555,0.24950714128474408,0.17324819993326995,0.1740147877452335,-0.11585654345790856,-0.025379574028526804,0.23998383357544928,0.16280955646333822,0.13921950654854684,0.631553750029847,0.041511115249613484,-0.2491402685370388,-0.5192981453010715,-0.4194291851184555,0.583652953878418,1.047570679095202,-0.04781728873732399,0.3006071485147039,-0.4046469496110273,-0.2726694037841319,0.16725240571745298,-0.12184986875697326,0.6074682290520445,0.06194680719069809,-0.18269985322626733
-0.23700596001815838,0.5478402058493975,-0.059562304555009216,-0.27175430979748366,0.5283533440620322,0.3084415255045072,-0.2493490632210572,0.29199109432425646,-0.19201016751707983,0.2952795763343894,-0.5493080856128532,-0.016409305753281606,0.4758209126818493,0.39939034997124534,0.27070127041938274,-0.15115736888014453,0.08494030891321203,0.18880622941061867,-0.29521510955908814,-0.4204213769872218,0.26270791465114024,0.39413620696048013,0.12142205314189974,-0.36249347288782197,-0.0458195166169949,-0.7611674834538814,-0.0837728194606992,0.2743163958720925,-0.024405365881715307,0.13746439161075866,-0.5441500016165675,-0.1473004698603597,0.11467198862131599,-0.6154555895248759,0.8550014944378775,0.17645633358801063,-0.9050638212082878,-0.0007018883836488667,-0.17120444291408798,0.011186882106722279,-0.3979590403712469,-0.12354779460291795,0.30972718075992234,0.0951276905694099,-0.07246909931694126,0.3615825245556459,-0.37318457219854706,-0.24676565387515426,0.14502761304611989,-0.20660004702615797,0.5212451463525805,0.02157575466162521,0.048793940166664725,0.1237445924344555,0.009312013262793994,-0.08184591683775645,0.24459589753719277,0.5747016002730889,-0.44882398620016745,0.044495986617194595,-0.09309511192698822,0.026213534866335993,-0.23647348640772398,-0.31388585190765406,0.21291609455456809,0.5379871722839527,0.9019160684990687,0.03538267123143192,0.1870852258955707,0.8324063253477391,-0.17627900128100385,-0.16299339233272225
0.2483456076795318,-0.22265536393879207,0.06044802953882638,0.020772090505944005,0.21343906568380464,0.4273870369558594,0.10111814151854841,-0.6892811675708123,-0.10003816364260554,0.6705340068698868,0.11147056227242963,0.3430694395341639,-0.15143379942685803,-0.17707852823084982,-0.10651071619326992,-0.02977693226697823,-0.6076995779412374,0.12002267126513341,-0.22927079918449364,0.42353150237968207,-0.24241944099127008,-0.1890283570539234,0.25811115532345574,-0.2156890703290796,0.33458965890933146,0.7972933457991712,0.18305436796678118,-0.3783792561598461,0.22250367984291647,-0.483570875269445,-0.12681602675716785,0.6187365930113068,0.34192585150044386,0.6834176711493856,0.2978164339609153,-0.11638046414073663,0.1964969084552981,-0.4126238684165087,-0.951526594070443,0.17889131687008414,0.09825637966804394,0.162731334862259,-0.6371448402875722,0.1364772949509908,-0.47925185170267715,-0.2973501868223625,0.8645277115410446,0.532438297658733,0.14519126777554228,-0.14729677751350037,0.05761031605002276,0.3613675800950053,0.13301810168928607,0.5019981679142292,0.8678692439522034,-0.32936962499915634,-0.4995959403226887,-0.3013011062368359,0.6591232236834295,-0.130100526460685,-0.38822372479169154,0.10345072922593193,0.2674680445126654,0.18700475726552385,0.9414032796794377,-0.4918671512957189,-0.525874475929766,-0.6206937027776527,0.3359166373833785,-0.5281191343687007,0.37601668797128457,-0.06724220408757958
0.6492692646612354,-0.6429142880377658,0.28655206437083736,0.277411507576526,0.046491490607347585,-0.08985617408922837,-0.4343730981351404,-0.03366021008003285,-0.8430294463924309,0.484141841402761,0.1716596804188248,1.1647221132691459,-0.20312563994888883,0.060961285001256686,0.5466580393365515,0.7234738913975792,0.9893490768739037,-0.02493419550157706,0.5246363086090007,0.13278071794317514,0.8285204912736236,-0.4330755924006608,0.24326049830826268,0.8324596034508667,0.4022752297725497,0.6057905163564098,-0.05043095863846678,-0.2982351257269278,0.10773354933143392,-0.9215798884129293,0.26023613530022194,0.2610629373163612,0.3885989226047424,0.31622657296738677,0.9497646477676192,0.06938730015701612,-0.3275602554332018,-0.23300404926591567,0.019437840711700814,0.4882836208343296,-0.0439053008659668,-0.6787602517119369,-0.9243489377399138,-0.9621846939038757,-0.3626036659480504,-0.3484322970655472,0.7073053252485635,-0.37017559334167943,0.629299320027378,-0.32342978785861737,0.3811646507917673,-0.15587922528882117,0.9321004231534801,-0.04983594852658824,0.4852229400099385,0.06251924583626127,-0.3752667796869732,-0.5316265535705911,0.6609007527068965,-0.18582642808441296,-0.34341685135977984,0.7649874044356667,-0.450536645853368,0.22761773429302404,-0.3298201138644152,-0.3161344833793638,0.6306641125780639,-0.1856266503856909,-0.3898337824737374,0.06396819244611232,0.21322114203545187,-0.13335260074558844
0.8270031661555751,-0.2761218778452222,0.2612077839455431,0.24598819313619458,-1.1565020523338099,-0.8327126797931347,-0.8573182465213135,0.6500221878521976,-0.08505444454452231,-0.021675618800973753,-0.04540371867369056,1.1176196173481818,0.6088422780479616,-0.8524144784891083,0.946049387605872,0.6070299418879278,0.28790275411445443,0.10665808928374618,-0.42221694004631694,-0.4006122400258766,0.4726308071308108,-0.8131899418830616,-0.1898151676681311,1.1083136547473964,-0.3314076579048831,0.4661072642157773,-0.16683907202937295,-0.23189223422747693,-1.2428290792657342,-0.5254596984453702,0.2073424033426471,0.9657598474237785,0.5661232887871556,0.361336487253685,0.5999316233868868,0.23460995665691906,0.29970025145938317,-0.27506767723192965,-0.22331723009206925,0.49486072848681556,-0.21018664158656272,-0.38341586516730447,-0.6691749880346408,-1.240617986316098,-0.11560177758001747,-0.25908658457006634,0.8812758574400101,-0.4192441312998131,0.9675637157645964,0.3386893572250164,0.998525124783235,0.14239057981497863,1.1861556671719333,-0.16987020986684068,0.3301143109843926,0.47742181439640763,-0.7218218105928348,-0.33574088657567575,0.4047807084934253,-0.08518250138908905,0.0807672857495326,-0.14622350085303137,-0.3150304916421076,0.05744156315219151,-0.5804578208715642,0.5261664014016882,-0.2610133560254394,-0.7138667559637569,-0.3388939873859194,0.07418793029055398,-0.1792314634269887,-0.7458092387527617
0.4096517514044591,0.12918760879983565,0.2836840985360769,0.8545064205358213,-0.38247277624734943,-0.18033847457574567,-0.23954579896838746,0.9569590064089382,0.21885205874245928,-0.18539594603461945,-0.012683786058365662,0.4243028389226606,0.5850119077667763,0.32239756179025997,-0.4731356818426284,0.49650349255246334,0.33645589213648425,-0.0986926499048526,-0.003249690650794827,-0.029256965491768514,0.6400686009387353,-0.32407241313620017,-0.17860071554232684,0.3158003384461969,-0.0792313865284931,-0.2209274476210622,0.47396987383127787,-0.5393323354062073,-0.0646553148473549,-0.05436574428005306,-0.7143079883051887,-0.2266814820750939,0.18097758746901285,0.30601612936655936,-0.8093281663462101,-0.3468663513868902,0.365557173072669,-0.8923420892969389,-0.48197823013573454,0.5341792831798307,0.8648832146451969,-0.5979345422764029,-0.1901095459853087,-0.5751087007927196,-0.1646686040819947,0.3233221866002557,0.14463482130231547,0.13452599466498064,-0.00046205530302036375,0.2441794968096034,0.5185785451049599,0.18340676197125258,-0.30638808906127113,0.1662774949441131,0.42877989166711017,0.4690682631609743,0.49204212942201636,0.1203524617337005,-0.6930899210627486,-0.49131945386273546,-0.2097679163165473,-0.15937315083276044,0.2930624579461621,-0.7238646847309211,-0.359960156226463,0.5209091283547475,-0.5733421606491883,0.7111321248184976,-0.06756791175193382,0.3377963623507069,0.18554399974303834,-0.4342775728205176
0.4618000413366009,0.04198214341665647,-0.24001476441274922,0.35099951063889606,0.27435450867705996,-0.08514101559987482,0.04894355652998592,-0.04172255278253203,-0.6996234089948196,0.08974222096942477,0.20833710549529236,0.27927137005763303,-0.24700108087229705,0.7160464049331577,0.14471922470624682,0.7519067962831454,0.1629794739174143,-0.04853545093603347,0.4668101551759799,0.02428939462581741,0.4147342652794738,0.5157971591366198,0.3574816573227647,0.39963315010076733,-0.2162469300687217,-0.14397594739638975,0.34101591293273764,0.31732435542606385,0.09741270420304207,0.14682784700315762,-0.9148559819304722,0.2603343392519214,-0.05917954921104279,-0.41634620316156257,0.6911092262964281,-0.3720607136211706,0.43720828430763853,-0.6156598248831395,-0.3848620121171241,-0.3665540785631195,-0.1618225661295842,0.005478101664536706,-0.5488202332772686,-0.5685912974925389,-0.4778757311336764,-0.4029537525787435,0.08069724453164073,0.7622462756671107,0.13077175307464653,0.35793326427519934,0.27075199773923925,0.25822440992612544,0.5573437078617066,-0.43596228721772656,0.6501909074148832,-0.3350952992393695,0.10742131805761802,0.12380742655674891,-0.016827917412512567,-0.16598107600007886,0.059186197068513025,0.6552107917130425,0.03509224237707425,-1.0968359874559384,0.11829304217144986,-0.4214320153659848,-0.2333469153091761,0.36121034347866693,-0.5957215515696375,0.3439752022033875,-0.3826874439703016,0.7455420187992158
-0.10140851361040067,0.600618403116186,0.28049525988989327,0.1415992809682866,0.25373274411944485,0.0048941195725065315,-0.5019668625826698,0.3800581810827976,-0.08242748115303558,-0.12092982137594639,-0.557894562471096,-0.4992750443102474,-0.031615033601572376,-1.1159149410650409,-0.05310925205238537,-0.03210603750874543,-0.06098601984938221,-0.09162365938995456,-0.6338269324884686,0.54067995428449,0.24936709979008564,-0.029878674807463392,0.6007453900877882,0.36707748799475626,-0.4964864708264064,-0.33780449848687855,0.5597238056748445,0.37430211687805476,-0.03297056020422365,0.2894144455011428,0.6052777080574913,0.00800036902693914,0.25621957946961005,0.2517909207477946,0.00213233368641962,0.17660741835015947,-0.4685290891073833,-0.38052777699082585,0.20723925440855323,-0.40129873315906844,0.19705389568042958,0.1828913763357158,-0.16775177293184426,0.26265449827085907,0.3472369078675896,0.12791007780751854,-0.5125305775629442,0.33870806989515856,0.37228887083135453,0.08380553926584208,-0.8375388847152248,-0.18453551129762022,-0.35724451296233406,0.5719940082948104,-0.42639073985058623,0.24643716346424657,-0.49164241950224435,0.018812430455625348,0.12992190827336939,-0.8604060041171745,0.5486644798661042,-0.11797163864320422,0.11269243705951128,0.0912761305366282,0.8686914045465498,-0.26905863471190217,-0.4261993208039566,0.4259828053989056,0.26663037202663076,-0.16493768862752198,-0.06301904537463383,-0.18883173862811892
-0.04919515561276197,-0.3376978341952908,-0.05439587747620684,-0.9269590656231412,0.062272057790410715,0.11364006369359896,0.8062802872512171,-0.66962963947946,-0.9407354177677134,0.23971052581166422,0.3386452642916918,0.05353964431823166,0.2697716423732857,0.45071559164058894,0.27099944871304094,0.6147448156416777,0.4909857300466656,-0.15374962233325007,0.1163494953775051,-0.3106217403220989,-0.897512559206357,0.746129700712804,-0.7932702258171865,-0.6551673102496002,-0.21256981134336417,0.4245623249808223,-0.2071454262875355,0.5258994802127203,0.22596085111235542,-0.2612881634255879,-0.165552653797197,-0.02142665734255592,-0.37967251320164913,-0.2082277459163032,0.20379429211864494,0.12215469533948269,0.6612592585124781,-0.07222173671256926,0.02462100549888127,0.20122882144102697,-0.22516421843989765,0.4797147383750369,0.4390110401140279,-0.2180390174184591,-1.1001947560873382,-0.31182173296909077,0.2554672924657197,0.38577755452270934,-0.05099310968789269,0.006195440129739507,0.022316792065861474,0.057450157134253846,1.5571267817020884,-0.28850822910860724,0.57133871548565,-0.27745914214741796,0.06026661539992571,0.5985187381567197,0.15124430262730174,0.8426393109138626,-1.1573491092597572,0.9556663628630274,0.3189935679453932,0.7802778919916723,-0.15640445730221286,0.036990511949136544,0.3607196518315887,-0.5300218075008175,-0.11655962092392053,-0.04266076491393847,0.6342804856458902,1.086517535060844
0.47783713863103466,0.05846118316192356,0.45047214919299255,0.8783064892026163,0.42024904652503053,-0.19523849126165047,-0.10267978552225743,0.46125505527535854,0.19299431565059727,0.12340774495598368,-0.19271340504431161,-0.398372461686743,0.2624998944400299,-0.7003101393973332,-0.06075820123250176,0.24525861144197508,-0.025069245997197443,-0.16014213518984813,-0.10835262034925572,0.6557653914083965,0.29303672615148463,-0.1447000320131152,0.31353565196581784,0.24689342362934663,0.3245737534437896,-0.20163848234458384,0.42522232712398284,-0.6349777833695609,-0.010968216331016007,-0.06984793427673322,-0.2148777843013842,-0.7300503024872168,0.40883665662065877,0.4036412289689247,-0.2418897497272419,-0.3517110438845255,-0.4460961415667586,-0.4853372888925789,-0.2554982945704142,0.30002123080927123,0.948167259407264,0.09432599955800623,-0.49019918294367815,-0.02170075349715539,-0.4884459909714323,0.35649949865093317,0.21559062510243296,0.29399011504731054,-0.23588110680712482,-0.029370785979358695,-0.4790600667822361,0.04212652814669882,-0.06962214700323371,-0.060952629329531854,-0.5816661431325407,0.10934846210318111,-0.8410993471441619,0.27841815210601023,0.09678165856142622,0.11344079681027225,0.6931747360094498,-0.12145089208754514,-0.11666263479635276,-0.03123904776741624,0.1470354028225956,0.36088639746552337,-0.07430630467423155,0.05456933320764321,0.1481585673096326,-0.73603368490351,0.392199378152945,-0.5248209831904991
0.1204184015092082,0.37501485605135376,-0.03769232127101898,0.23641723676016352,-0.24602733048523764,-0.2791026538249535,0.15298293320027487,-0.5851035684634956,-0.1836342867831801,0.04112294280295387,0.2198822184547299,0.4551126003040385,0.7179078456851506,-0.8592525229584744,0.34821033942256857,-0.9492604614854796,-0.5761644438455488,0.7317327656950561,0.04862912300872983,0.325752432834353,0.3873522816430081,-0.021360296214598944,0.001283256267486993,0.15991783270214704,-0.7527349791563813,-0.5808402491588706,-0.1416079339306407,-0.16013949146298948,-0.9456025757396563,0.37060659882376906,1.2660807657008324,0.5843462188740173,-0.034273551828306374,0.1182872884512542,0.21557023534514594,0.22654723138936675,-0.16286641062158352,0.4621234429590815,-0.30103680331274696,-0.3446309300953401,0.05054043384382184,0.4631627477929007,-0.10561284969604195,-0.015651316297106265,0.2068957583946411,0.1575035935715036,0.08574647670698794,-0.3169663689824494,0.6775016049394457,0.37836661656628584,0.7185122670653653,-0.4746937877152514,-0.007941918029850734,0.33189481569818835,-0.18940955735273815,0.4943194838336906,-0.7635899711235239,-0.303323421105363,-0.32657545346465255,-0.6323847388214472,-1.1842062147864634,0.24391819449623056,-0.30661948110702236,0.0043407334377419254,0.04300235874174424,0.22634058539303878,0.36250994715795365,-0.5774244619087209,0.183823853451762,0.1713957921855832,-0.3183754389941216,-0.3109375712660438
0.5940402625938344,0.32625491938099993,-0.0778486767930168,0.6462860943589065,0.7778570468926781,0.05522755695434002,-0.28061757880541766,0.3896769414806153,-0.3023173298543607,-0.10321970839232818,-0.7579065725160677,0.2942644301499739,0.4613232708857836,-0.03251820912042945,0.574751848769129,0.02527670868795618,-0.22684605106753475,-0.21395395288613814,-0.6166652955824594,-0.12167761179062497,0.8781325527503069,0.8428694586191716,-0.15171855463496683,0.5029772226304635,-0.4130410232382258,-0.5116433776034579,-0.12093261357537348,-0.09696058866553266,0.27677889780937,-0.32885350779095107,-0.6964882354113509,-1.0009006308483046,0.6552572900066145,-0.4672271647324669,0.1682756097053275,0.4261963502752314,-0.679560095351374,-0.42881223749189645,-0.6511379367526186,0.34420058083017624,0.4504110412338463,-0.38363322593747784,-0.4008891953906002,-0.2902535739761158,-0.4428527409837228,0.348717755064282,0.19339260288343618,0.48411045412100806,0.08290752778313751,-0.08764608953936405,-0.011149780462189798,0.44455205275850956,0.7450603516292983,-0.6181150720500294,0.37995924269332104,0.015273530820441852,-0.07674436003629868,-0.022676787910189608,-0.9217165488081425,-0.5559381936594192,0.21567673698064552,0.2830725483807767,-0.08384253371276665,-1.3323350284927282,0.8570260009777972,0.3096884911645726,-0.26029914170911106,0.38093845562179524,0.16984584367238306,0.566519971713582,-0.18457663177342293,-0.10158844551726051
0.15493219125627375,0.5957212528726986,-0.3851325780767149,0.4216296974754428,0.32791620862387644,-0.02781939581991382,0.06888911165656186,0.4214247938182022,0.800251697447482,-0.32604558241382053,-0.4093864239611069,-0.43479576478576515,0.09175372926524072,-0.264629807409797,0.08360217938823135,0.20080630244593475,0.03722021747078864,1.0500945274018396,0.017113809190334384,0.594902133009056,0.17566016648514995,0.4347640245040349,0.8167682745671218,0.07843190815532383,0.36959452390079117,-0.3030623719846875,0.6911257151471952,0.36040804602282267,-0.7039962594213167,0.27596680955919334,0.12258016964228123,0.06510111524916154,-0.32932671021324544,-0.2232218262524287,0.4291489769516094,-0.21984644918651383,-0.0915663831593284,-0.32938220365299326,0.2712890304238565,-0.26166840860863644,-0.33224585301390425,0.09353393011238285,0.5912897147825913,-0.2927039209026961,0.8128260376270462,-0.9346098010712044,-0.509514891541606,0.14090185060748806,0.23935306314921181,0.514723732546519,0.2502663557269828,-0.07746495544850912,-0.4691325463580087,0.3906173376215187,-0.27891370168048757,-0.4301449316421525,-0.06322799091061494,0.2124104009110301,0.5725890223575624,-0.058862718808257435,0.44132824249551783,-0.48800799519168225,0.20501957086893288,-0.7083183791408714,0.35964552664803073,-0.329338038566927,-0.19520748480211997,0.5286475178821242,-0.18455232730288523,0.10901272380647675,-0.7377727632237429,0.2271212099911191
-0.6471687917968205,0.35649508840066985,0.18106014043974403,0.20394611716956898,0.9439557640200258,0.594091523503056,-0.6585023363066751,-0.13434776366084558,-0.06226536565237338,-0.3004267550167329,-0.21428837612074852,-0.12113747158155785,0.31510632798518134,-0.15942201127560288,0.33669489425389665,-0.828395723297869,0.1264482045976821,0.22019506665934363,-0.22366556926576384,0.5796474226469024,0.4750325916938196,0.1875144148172308,0.7303804515066817,-0.20785841230613702,-0.15528307026806942,0.18846318642697998,0.30345261363965925,0.7786850668453196,0.4563685780545556,0.40213669535628954,0.4653091935432339,0.04404533212213046,0.09527660846549657,0.06833257441189178,0.4915011333483817,0.0025777309576956366,-0.49744291081549286,0.12611925704069987,-0.12321091814800046,-0.475189833987566,0.504455370118414,0.34444719603417995,-0.09971716375034746,-0.034541905730866955,-0.2408393548473759,-0.30667061356315456,-0.46955951167800514,0.8320571552266116,0.29666967633896085,-0.0055377568616340675,0.1278830973721321,0.19685508908755486,-0.21436375440470637,0.20581015158119378,0.27890285760602396,0.5651237277496687,-0.05536488910979585,0.5129018498087531,0.09099638900981341,-0.47960568578043866,0.4527792114032745,0.20539698241835722,0.9703316876077233,0.41702503398878066,0.7734012210885469,-0.2932596580300686,-0.06224697880133519,0.22922620248900638,0.14465137936890415,0.5811409740804554,0.1879337530886492,0.1420055110157295
0.5211214530776328,-0.5687515313196984,0.2924388503969425,-0.12132994128494579,-0.7331360235129316,0.42215695740913467,-0.09466459450213724,0.2691817934484041,-0.3952706168929264,0.09272484486025055,0.567596268730844,0.8613008824085496,0.23275150142877354,0.4632259306524384,0.49239370679777045,-0.14738963046796433,0.9493981304824134,0.07956507279150712,-0.14824101190681785,0.3042272809105573,0.4438533555784375,0.28983869565340914,0.571832051658592,0.7862998732832713,-0.1137168522324468,-0.008553661422171285,-0.09008128240936825,-0.093132767823488,-0.2501707684615339,-0.5822823521224567,0.36380048405421866,0.6724871165925873,-0.057506104330859106,0.3366088020420737,0.7466474330251045,0.5878888950747755,-0.5797928439205448,0.15315623913771606,-0.2495759167253129,0.39055028587334684,-0.06981886021645727,-0.7762703144097959,-0.6544051484518115,-0.4952686607157151,0.47313400600484995,-0.2224396651337644,0.6980254638956118,-0.015792511835946706,1.025385138807899,-0.15392544480776046,0.7227424294993211,-0.3999482355112434,0.26456692624416783,0.6346620949493067,0.3073834679585458,0.358414799775657,-0.005802062889319871,-0.5668705121774665,0.6907443888195567,-0.27017200711140926,-0.4041945692242096,0.09852522427220708,0.5325428045066077,0.15176932223944428,-0.09803745150421694,-0.5855558796849399,0.4233028960342305,-0.43065454474545706,0.7694768507508953,0.7780278604948039,-0.24104707640774747,-0.23276176262783427
-0.11594058447506979,-0.035757637767884244,0.047793061436709104,0.0010292539045845452,0.9769415662200236,0.34380126025583546,0.42829984364383566,-0.49070097002961427,0.3820359653940975,-0.36408879860975407,-0.17688997793174233,-0.8170874812189047,-0.16427590389587382,0.20685171085355367,-0.505145566964488,-0.6476731158319476,-0.7134396817562022,0.336892461265033,-0.2750886196277088,0.040754520918233755,-0.15591728966035678,0.24429490781349747,-0.190943603692278,-1.0069579529486585,-0.0750810339527221,0.11088291690047007,0.03909742483284607,-0.03933751793186533,0.5483664526033583,0.5079940183554199,0.24266591392369793,-0.3732090534357404,-0.24470298252965383,-0.053214704275822186,-0.29006170698938527,-0.45729074592273716,0.2595248731010062,-0.23057923503340408,-0.19611058548456134,-0.25952978124973203,0.35970248643973557,1.475078715972347,0.7640823630178989,0.5402558159439493,-0.6277498823901303,-0.10795837333387469,-0.6635919980846481,0.83098742580287,-0.9936486488643119,-0.11393425125249072,-0.3859324034608107,0.356629468855447,-0.3107506846031969,0.26342480568463805,-0.21813398773259843,-0.11595351032314215,-0.3827121421235641,0.8062023311846596,-0.16783847636367596,0.4921230582705336,-0.7862555841689339,-0.31938735261397233,0.13227387092442966,0.38793578808853574,0.256242906267371,0.4837019146423273,-0.12605490764836064,0.3725462524914853,0.5074198593030046,-0.5628108214602644,0.4879380290741555,0.44664441649555625
-0.23745706835630828,0.5814607302580512,-0.5044208556013384,0.02932692730197307,0.013128963373637626,-0.5732388187132914,0.4255909445914133,-0.19739512442403737,0.32488002404454086,0.09942960214937747,-0.6016080183282403,0.1841067378103376,0.018774820555034412,-0.019502539758369245,0.03663161158986573,0.10589531346828022,-0.36229498016284956,-0.19684329336182443,-0.0023159343439034547,-0.7429176602587801,-0.8184926253694974,0.08331094485049377,0.14213025133284302,0.060169483575690484,-0.2069935536918587,-0.5678374395300156,-0.34338923690028517,-0.13906702344057104,-0.3807153363651049,0.354352177428251,-0.31592743175903026,0.0884146489458166,-0.017650467335745372,0.1039736695482489,0.13785341770347076,0.18035503175489406,0.4788965934559505,0.4350138224071137,0.05768107095145787,-0.09831032373835447,-0.4929150628206348,-0.032004114099544956,-0.30677220678647465,0.09576507078306018,0.19242468486363493,-0.09919566812434011,-0.03384008862601972,-0.10707446312838725,0.34925968441650074,-0.008319080800702757,-0.16530328415599682,0.47432419493795175,0.22440284998794863,0.06439036897278393,-0.31143404931230856,-0.2438253478762031,-0.11167997200307098,-0.4483837390091072,0.3222744334877419,-0.06141862307446026,0.09657044563358876,0.4101206119729875,0.3502375586491368,-0.012734739818186389,0.618399478055687,0.23856622433476132,-0.29962829678685954,0.09905335650801757,0.12946460681036837,-0.8732897307417624,-0.03789825550528389,0.0744925129514227
0.17395339701261214,-0.3898860073405296,0.4123412548372581,-0.7017163374246804,-0.1667991142329097,-0.18374255860927188,-0.09721580762415656,-0.10975999039547858,0.04913268283663972,-0.20879493297647764,0.25374075468952934,-0.08799674977151065,-0.21507171342679415,-0.6483805197439096,-0.2533748321004902,0.4292279069947082,0.20634337887041845,0.05620635991049313,0.2854384777822319,-0.7053458512980963,-0.09542286969171204,-0.373129091163234,0.20952356502367994,0.21078727607016895,-0.4210264945694234,0.2623597752186895,0.3049292400325111,0.07306166008486682,0.011709680758659398,-0.8697740996616287,0.029138683639989192,0.22537395088603784,0.5140463686404622,0.45845780982209416,-0.32639868821539936,-0.1166451091881862,0.3529358967222991,-0.676139137361088,0.0858101981797006,0.3497804549312118,-0.0320882160907005,0.32347652855631986,-0.08319421964701708,-0.13364082620296164,-0.41489561376276624,0.2249653190323127,0.37863410843704,-0.24564323228276355,0.14895281692307558,-0.19219649760910582,-0.47793755034612023,-0.06191750848269088,0.259594595335757,0.23385980809511203,-0.02718562563100206,0.2469181370359074,-0.6061911463430236,-0.0530092391894328,0.3367163746987126,0.30940298929243704,-0.09236607289600822,-0.22657028093042897,-0.5601874863598539,0.7355768548331504,-0.014532678350137506,0.08776415733325733,-0.2280746751428984,0.27641552956805376,0.19001308723244945,-0.7416929715514567,0.5485264904508276,-0.07947405649385034
0.17638089219356265,-0.6836146551349404,0.0037965307653299975,-0.04460551135475433,-0.5660338152280353,-0.06570323175854659,0.2535087333068447,-0.8946463904070203,-0.28058555582246303,0.8096403823684434,0.2570402549640301,0.401072775946014,-0.586690398833262,-0.07157034482430616,-0.11770124640723195,0.11128456676544742,-0.46702288709169293,0.27654701773778767,-0.10678002647881271,-0.07257099306708084,-0.050821742738929726,-0.155722956431263,-0.07438710065136411,-0.10970579235742739,0.04047218162782326,0.6327232478873671,-0.06797085697199431,0.0007586066330391801,0.10537180984051396,0.06218454682034905,-0.04306494211217983,0.8402818942820549,0.35333855163724487,0.22225039013898498,0.15429251713397557,-0.11476558510387322,0.06247081334722789,0.3598457974920278,-0.18387026039818968,-0.25598342955671793,-0.4188790502357331,0.004351421042927726,0.12680212945080654,-0.2019968144147141,0.0037726010958446144,-0.5304636207914751,0.17753548352327386,0.009532332851453766,0.18124119321137996,-0.19935493695766526,0.18028394196251296,-0.16466381373398775,0.030877866591432466,0.05715885514952895,0.17336243012194416,-0.0018264117746683492,0.09769044868341173,-0.6196305705298066,0.40514780905742825,-0.36309903481180295,-0.48575231487410775,0.4134820803863581,0.23616006730525743,0.40801727386380293,-0.2931376589095312,-0.7045761334026398,-0.047391702864860205,-0.8581596350097865,-0.18955917056005558,0.11780028105289973,-0.07865755211400552,0.372547688474092
-0.1941737696965307,0.5454023018701977,0.09858781542639139,0.6849527432085557,-0.3066748992672319,0.06927636728608064,-0.04370023559893842,0.0067354479463511,-1.098356051007459,-0.11964001916709724,-0.4813597916673896,0.9661780903791629,0.8404756909483597,0.24360311723580633,-0.07628937399293167,0.23514826367548575,0.5817271279511533,-0.22023535270411035,0.06517692568663734,-0.8569937361894633,0.3695539540580308,0.026503385182240494,-0.6412305015762191,-0.027214562049678533,-0.05160124110070767,-0.4659811948429541,-0.235840387778682,0.08101305978565572,0.573207874178369,-0.08717330135604695,-0.11252552692286237,-0.39870576339706276,-0.3239760731443097,-0.33666660649106844,0.50639225477788,0.49633977606072566,-0.3853774784566042,0.2568665412719473,-0.3591478892878045,0.21044450365253003,0.5229396090175247,-0.24525483621229235,-0.13807782739645402,0.02112066349381055,-0.02401629553409782,0.6666070019837375,0.5775478102660448,-0.6327635078168798,0.46037574375819973,0.10526849263793962,0.1102398541023187,-0.15666456672585205,0.5259814121663328,-0.7620521045711016,-0.05957480297494224,0.12798951375350626,0.4206006291607688,0.22341770744103498,-0.43420888555026305,-0.5502443275340071,-0.10181940978565665,0.7194405133955499,0.47244804268477364,-0.3990787385141373,0.2977208959265414,0.14489631002046563,0.6602212379639572,0.1437381527648579,-0.10515814717638468,0.8645027255137728,-0.1971248482403171,0.22693417455827777
-0.36169801479813984,0.35075949533775364,0.39520069200925384,0.20041885975464183,0.25311833976034065,0.04701059658510827,-0.37380369631461136,-0.0932759396309095,-0.016721806240118188,-0.5680469527783693,-0.3851010766466773,-0.3387754872518467,0.12583274218992097,-0.4535282960991615,0.005754122931000307,-0.48423937737783657,-0.3740570843010922,0.17704951225326201,0.09533778304832212,-0.7912004818290064,-0.07948901777235318,-0.36376864648988394,0.08093186240158065,-0.05956202034503648,-0.08480463359356365,-0.28775166392960805,-0.802145362746893,0.02570129627461799,0.23799049082014448,0.14373087644045554,0.05727634555117612,-0.07658386370193514,-0.015981199181081405,-0.04253581139560808,-0.19076160037891965,0.8411688336090016,-0.5170248076749818,0.6519432499702817,0.29054758038770706,0.24562750242852707,-0.20207527686498708,0.6088363242186391,0.16282491443337285,0.29677503607789135,0.014366038130216783,0.6881877643889919,0.19349895076182014,-0.3219052869928609,-0.7437367016748939,-0.2547318345499218,-0.7574047422989034,-0.028718517080110216,0.10675975389449752,-0.12742377538967514,-0.354151587367025,0.02646219131037693,-0.1786662762168263,0.310452832541246,-0.043471320535911885,0.2443067219876615,0.27319671117885364,-0.21544926582860788,0.15404543797554393,0.39977422450163447,0.1186374145307767,0.7241614928589314,0.18867819660197443,0.47597520055141374,0.20124726959400824,-0.14933731387548646,0.9357970315906877,0.0008051053271761383
0.5385797098478654,-0.35481001349329633,-0.46574233390385006,0.09148638802192027,-0.23044645237464859,0.27589426936292827,-0.5249097361225694,0.5750574165083318,0.16167862641683745,0.09763412873493935,0.29288429586876,-0.17256774227806948,0.8488384258414643,-0.42875203337726914,-0.1840730952914833,0.31694198231812293,-0.14400159583713068,-0.2722581623964012,-0.0027428110970077147,-0.35171771909180843,0.41491392599891064,0.1689565403185727,0.4702341071129189,-0.24654795469616841,-0.16259994930754043,-0.24960643557784565,0.22544470735652858,0.11914434341329179,-0.7777236026782206,-0.26103263652997744,0.3210785517574908,-0.3612432472064203,0.18494977378155808,-0.2145669285205145,-0.20048191698994497,-0.6101444133117359,-0.12834935290138666,-0.8278470905777879,-0.2572483209486614,0.06688384101869807,0.19841108248307038,-0.7029236963237399,-0.16089692138503014,0.143007831241967,-0.45362214427916114,-0.29912132590448876,-0.6606181636959759,0.11530922540029534,0.5368684653372796,0.1548205419100621,0.11238739912323438,-0.0027071571352270635,0.2247812751284882,0.2800503074377955,0.07279158460863847,-0.0869306228026558,-0.997819078478065,0.5789746905984986,-0.20264717924982004,-0.6032682000533495,0.16981851795692166,-0.6507493040002751,-0.1302507851623804,-0.10595081738351497,0.2987543888334072,0.31472730197045956,-0.016715038055092692,-0.2521493501222563,0.24019044341358378,-0.08085724190928598,-0.5413841185241479,0.1433166439448329
-0.17632573651762687,0.6276500173012796,-0.6210460598322306,0.7442090781021742,0.31359291040404175,-0.32608666114791013,-0.1501709883002247,0.05328241447085936,0.47390437475441916,0.2894330848500353,-0.5459384204828448,0.2497506922890762,-0.21869678540036971,0.4892260789883934,0.19870199756478146,0.2990316578438286,0.042127386407572465,-0.1256166630986397,0.25934885260932095,-0.5531182783109937,-0.14462848130486702,0.5062492009002383,0.28017744503771363,0.5666337599575507,0.35741449388321545,-0.7089493557634086,-0.025864276164785517,0.3750109377696812,-0.10583115035732164,0.24320219353966988,-0.023198932642079558,-0.694444414066343,-0.14313467295147156,-0.43627799572069287,0.17315554223069227,-0.17557941614795103,0.29035302867634444,0.09025052547826734,0.15003365460119214,-0.07223893274511498,0.0636094671384247,-0.1479078199821064,-0.6687930067144767,0.345996369457223,-0.14340592299356272,-0.4075708324740912,-0.3637133701729986,-0.19480165063206417,0.29650809850294885,-0.003093379396958298,-0.01382879954086668,0.6034611066510381,0.47794541436967275,-0.33968508616344817,-0.14521608011797824,-0.21860255121693742,-0.00436617342094309,-0.03904059444422166,0.3192866840372918,0.20356986231662674,0.22771674204733613,0.26814357846606407,0.49433175828440884,-0.4036042804289698,0.817133950914989,-0.07825632552146562,-0.19109750304501427,0.6558581286976505,-0.03935522153952628,0.008332041243166248,-0.10863906764248586,0.1799084625747843
-0.41609946160110006,0.2044896211770489,-0.3458665292516719,-0.6476699381424528,-0.5318054998494588,0.044392492783694566,0.5948278738969544,-1.104448973970915,-1.326566016386416,0.12039721042074863,-0.17553165459139944,0.9499110990975066,-0.4562822575050828,0.18697947566929285,0.16120419663242794,0.2956006395268745,1.1104183181914,-0.24085746190372562,0.25913879301273,0.23958293690762428,0.20498183770529724,0.7973420388078261,-0.5104700458890531,-0.19810817291856106,-0.47200191601924024,0.2144103290486009,0.30228233142581273,0.5904363513201877,0.2030437500606541,-0.7077052045297394,0.2670522081120945,0.26549108588059533,-0.09142202540173013,-0.424799929328745,0.640209552549478,0.801751027648741,0.5208257971982828,-0.1249612271359567,0.11598662891992009,0.03978514922512831,-0.9887386940548502,-0.17606840544983846,0.04988664277762803,-0.4172987946805896,0.030739532372392096,-0.33798447568751117,0.516948504878326,-0.05937540560468779,0.3204881789902689,0.3418827059991752,0.13108574649341215,-0.06808491968562067,0.868897800212003,-0.5092630593179003,0.8634072474473777,-0.4941725516606824,0.2319380363765319,-0.347966759640262,0.22202973097027115,0.5421628343741303,-1.931637863497641,1.021568695394968,0.04803429112457845,-0.18772055195277135,0.10710298161649134,-1.0541011943027117,0.2894496319989951,-0.9115190623428119,-0.1919216606907133,0.978388271891885,-0.65359953051265,1.1356129951599425
0.4403365950146065,-0.4115783771208367,-0.0328626856965177,0.08889451984512743,-0.43040501004019344,-0.3481657782891116,0.5533437635730045,-0.3256686161495112,-0.1418026471638976,0.5566753893233102,0.58465586348985,0.30336769896625876,-0.6544865321824167,0.8641575250869094,-0.14980388476473033,0.40862877860330576,0.1908446871154645,-0.26048203908647916,0.3528114002158435,-0.2801990361396791,-0.7946766313944505,-0.0192532923588204,0.05890638409591293,-0.11692706135001142,0.3365172962208405,0.34910307122762824,0.3521579289863827,-0.12370341306414276,0.268375530444461,-0.5272298482260084,-1.1551273701578324,0.0936630270908231,-0.19569143561613775,0.2149867766358012,-0.023450716752344888,-0.8045701762500681,0.9473093398260488,0.09574068901696052,-0.30746359950082275,-0.004760992042890704,0.26233754276739124,-0.0820104652578759,-0.631774850283684,-0.26761995715004616,-0.1109887133767597,-0.5092850528813557,0.24423620190771458,0.2506884429770431,0.19944124469366425,0.17110367938945248,0.2353090522220224,0.23269801243450677,-0.01557099958893855,0.03430826524517882,0.16553289564654575,-0.0642592587654796,0.5506327329138236,-0.12255388153093898,0.46249416454168996,0.011766421633736335,0.005057119524871045,0.1509105048042947,0.17149679748942012,0.18071207414476873,-0.4915496463440142,-0.2667043166230194,-0.4536427299856042,0.3762878855936159,-0.14200373924954884,-0.5018039165769081,-0.15419693151021835,0.37462889047220865
0.605355996623768,0.7641752501415331,0.31047657017060476,0.5540926792841795,-0.8911297923226069,-0.0968738533493463,-0.10282040422449187,0.7731108149941942,0.3613998783262704,0.10494048813716954,-0.25453400602219883,0.29117212496402745,-0.07093496154485751,0.15960489896264435,0.04802387119752177,1.0322846306209186,0.8048713303806988,-0.03572007765449425,0.21910489783213424,-0.9288070894899052,-0.3219040726917999,-0.2216602126383215,-0.5391888263346675,0.4433790302429402,-0.15036967299689408,-0.5825936803358065,-0.5174557306833479,-0.12504674832437357,-0.8197763466927518,-0.36263723548257476,-0.9422054921372174,-0.4894066280387962,0.2250187984067311,-0.04010618264913875,-0.40112162291733194,0.3879216623400103,0.9898186832432022,0.047117508397120436,-0.22726683935181996,0.6420601420189078,-0.4216479118807255,-0.20815708766068758,-0.0024842724632987176,0.2848705521285616,0.6548589675442119,-0.19792619669014092,0.4986252553715601,-1.3063908814942056,0.15173374177467014,0.16749567314489272,0.24916470831550053,0.3985734813511156,0.4235349332843427,0.26974001446732937,-0.2380279842557369,-0.37407380992404426,0.33427013599344413,0.1998718590827426,0.34658406454377066,1.2135136361299679,0.24166995060379548,-0.3719978152234443,-0.5474175697737534,-0.14508220084255213,-0.32544846515452874,0.5820250907393201,0.29781257390136745,0.03032016487845792,-0.398813079168941,-0.37822065722568093,-0.1978042551295898,-0.27616077729746663
0.4081940807368484,0.2147424020585535,0.3226947420067171,-0.5437634461966769,-0.6685190932736657,0.27974230949555334,-0.20289837374635078,0.011084442088804677,0.30816868169325295,0.010506392852569402,0.4358365741245852,0.15752153139120725,0.31589700923359104,0.08420321156061726,0.11716373542278703,-0.04651455199706679,0.33497073606329286,0.3279804516967234,0.9228905620339141,-0.30242912118175375,0.28076168170102517,0.002683480972416546,-0.3209311200039347,0.2439176717808503,-0.17320454386470763,-0.4390676943181774,-0.36413474580738986,0.23388076722569148,-0.3370627559791447,-0.7270167270574707,0.3282977653274277,0.20485578342035937,-0.14405879559690096,-0.39862953827417275,-0.2022582050302563,0.4134737799164593,0.1097984726921531,-0.013514381261183688,0.2620578361583409,0.4040141947601606,-0.564206248267973,-0.34566691095021573,0.03844328747191018,-0.3131738566175114,-0.4335115532580329,-0.22032804906998624,-0.557158041659144,-0.7720416098439752,-0.3095423778468492,0.0017140385669509272,0.7689025230927916,0.052635497697801466,0.23541195979283175,-0.22605668156821715,0.26896861260788135,0.2701875943942994,-0.19042850799854819,0.5199623967401508,-0.2278220150258971,0.724083671222428,-0.36268234671403227,0.015705354283622387,-0.8529122429510729,0.30675201768337723,-1.143593717958456,0.5876728266066955,0.4265553589399289,-0.356796488175565,-0.49139081131086865,0.3184347478619658,-0.35207988823762887,0.19188473821100835
0.06695427334592247,-0.23665679195357395,-0.2049459884834086,0.3667896742459974,0.4287287726980862,0.8968225629178865,-0.3235806352184304,0.7685489574863624,0.4523591687322825,0.01595900946927168,0.5080256014098565,-0.01801700794803443,0.17908113659896674,0.34763610640119097,-0.41647039836913785,0.10970718891788579,0.4443104893536241,-0.5113677013555967,0.2197922357316641,-0.23617201880095579,0.228958438094038,0.12237946986684115,0.6274657146343714,0.5010477941523723,0.11074415423941608,-0.3144725583490947,0.08126882929811978,0.07096092269588765,0.35854961334577257,0.17049151832685167,-0.02874237529313599,-1.199176684002686,-0.0013690333186921566,-0.2508633808911718,-0.325526385365659,-0.2457846366266111,-0.5972916892392033,-0.5272218136191361,-0.11932806549823397,0.16981629576727786,0.5588369332596032,-0.19696457605322257,-0.2885009157928782,0.09053052102497251,-0.3743590589343719,0.20338716863079567,0.08023845046365663,-0.1417891313235827,-0.014670527026163735,-0.05634154557063146,-0.3840985220249829,-0.11374750050873919,0.02565595216923499,-0.434725580265579,0.003451169992186711,-0.016715980847622873,0.07135432350401628,0.6421948438508928,-0.20154865707956665,0.448036034574595,0.4260362186162342,-0.22146865657755888,-0.09301041094054739,-0.533546307215682,0.02684151180626175,0.2089757061632813,0.420770929165252,0.760595807182572,0.0025387736363157187,0.0973825387322221,-0.3922831244060089,0.2459584385013936
-0.31440163161695456,-0.12215762150854283,0.27080685948800937,0.045212426309352835,0.1847323417599595,0.5178502029050003,-0.04704584043344868,-0.08907580461217611,-0.6775388073222302,-0.091854696788412,-0.35121245554788183,0.18173462938220097,-0.20776999266546337,-0.20775423607702606,0.3504772809099036,0.08067452361197201,-0.056387938048687976,-0.2986186750889142,-0.2623285103710874,0.2760734393740624,0.49667027955047033,0.2973232162886701,0.2991619513069671,-0.028252399153670126,-0.09947073257064491,0.31579996069751604,0.40245805343276336,0.5450848782448334,0.44473974008594364,-0.03341865443885704,0.4224233439839115,0.47127072268361603,0.10419374572799746,-0.27566682316692015,0.6837048910271009,0.32142639520424354,-0.11091381177049042,0.24174244819822813,0.08538085316928502,-0.3676694181475857,-0.21079808987032989,0.2681283954098672,-0.10505295961807237,-0.43218544202155895,-0.6222959751789574,0.1787965141059713,-0.09499421264428759,0.669356070816718,0.3444739919583043,0.09409676854967217,-0.07308087928243201,-0.050805849573317984,0.01318297862602849,-0.6087256897148121,0.06520363046421587,-0.4299290290206983,-0.38487601614544353,-0.09678251359171547,0.12525494638766924,0.13435098416333258,0.05840678115480002,0.3490132762650552,0.17137945462481324,0.5016784859045084,0.23595157786238868,-0.46036237018743853,0.46246281957800733,-0.09824326747648712,-0.0679672865411249,0.47919457398304327,0.03596337196194507,0.37858709742877406
0.20780941283225374,-0.13311061154814294,0.9132534033114053,-0.4162675682309139,0.12999328137428728,0.8605962164580856,0.187622356044626,-0.3247470922218335,-0.01325281282580411,0.11698850813903017,0.5553178607698871,0.32638050164667276,0.08858400479544548,-0.08265769494224191,-0.3964431007644923,-0.3146358842987467,0.41364544472748055,0.1947723288421756,0.21577704366580408,-0.03966003344502691,-0.3542776982408527,-0.6719907810689855,-0.05363884381048724,-0.21860282165542086,0.34087499218969924,0.39422266227151914,-0.4184176626323696,-0.3485356091359536,-0.037383287453960766,-0.3513473375461963,0.6489284908054864,0.29464372804057837,0.4369580990939617,0.5344292083891244,0.08600518190418154,0.6361012636460053,-0.13541686521495436,0.17825268632084135,0.21566363643329478,0.49467487785170094,-0.02277653778292607,0.05890281608011333,0.2580484803122401,0.700011190040847,0.16970842629144173,0.06498950175346162,0.4578909108814905,-0.15032185026600153,-0.23170509457647845,-0.24263612382054092,0.11023135347530852,-0.2559998680966601,0.03368989854863481,0.7451048148729468,0.059385279398790694,-0.21395530368527174,-0.1626095296060933,0.0855719344309016,0.018085278523346203,-0.22628231959176456,-0.34098024661169407,-0.025409316670632738,0.22821057185087662,0.6367797331173985,-0.1268722057065423,-0.3835107685612408,0.564897115382658,-0.7117320614972428,0.4942467340457052,-0.18029253995459887,0.631268135553119,-0.22527595847004547
-0.05333182791614994,1.3182044190200415,0.46321110548509176,0.8093871586067668,0.13888635205683833,-0.4425811170224577,-0.41927914664250954,0.551742675032796,0.616952894839637,-1.0295293260209668,-0.3780331088327681,-0.031212077031213332,0.8406566866709305,-0.9276356859023718,0.6107745285819889,-0.0573273036700987,-0.5059467868176348,-0.049036777784581174,-0.4881169911258931,-0.3674503645354263,0.06502654916073228,-0.08340611671005954,-0.04220933055475623,0.5112963176690841,-0.4544824821997569,-0.8827958887526302,-0.8283771295284337,0.6686765066955309,-0.39725781127936094,0.20160163118224722,0.14339990656658713,-0.5886528621458484,0.25450421096339465,-0.5330194650271719,-0.1500756463956822,0.9108801024466866,-0.17077308012603004,0.358458259311847,0.09082672306118274,0.13300880834912907,-0.038802168359026924,-0.37179224249845333,-0.21820464062946765,-0.16403977341253853,0.28647191718125425,0.3701317559436668,-0.5022506513923728,-0.5450263238398809,0.24020436857289926,0.1628193524774625,0.2141433547948648,0.020011830536377884,0.328355622299086,0.08112401433546652,-0.2639255313838464,0.4488754475821109,0.19905094874774465,0.19994608450899426,-0.849419611102563,-0.12188042645772404,0.1457567734366374,-0.2591676546354435,0.2731908041407683,-0.4279372683618534,-0.08950972465283775,0.5926584445381821,0.057716391495336035,-0.11106981887387272,-0.0552172765849439,0.3090221603970549,0.13517871756171376,-0.3865034920696589
0.7117357292625885,-0.18692730267541793,0.3514594221946441,-0.2666216462378494,-0.17991536664171817,0.2702635837299968,0.11945012192176063,0.35399461891748296,-0.6724213607748424,0.18939999310481095,0.3043891848599826,0.5281346183931165,0.11485405176789483,-0.34256080340935835,0.04711944339573135,0.3895750228626485,0.6616644452636603,0.15994157144794674,0.2062015703664528,-0.21618713622381525,0.07067568821181332,-0.3535795426362848,-0.06688441281764626,0.726290261044508,0.13867983258416755,0.2926487192360762,0.3151759139055764,0.14798981359529367,-0.46965069280584804,-0.7399007205166891,0.24189828023021206,0.6981678131080922,0.49287289269523615,0.4990487013944766,-0.2125362144850471,0.11320097002234046,0.17658717789460796,-0.8241761296518122,0.16409772200684955,-0.16115331872067798,-0.1108400403080269,-0.028754191868234354,-0.2574849159286922,-0.4217444300464916,-0.5141417222380503,0.1532459596485101,0.027198754259476036,0.12626059896514227,0.46195229720343917,0.24849013289575955,-0.057098630904280426,-0.010692125610310473,0.5790207048997565,0.2407049363800674,0.3599037991388354,0.15692003173359773,-0.5255269621701455,0.27556134199915305,0.5803588018660052,0.3480910468075768,0.31823730277082557,0.13852525967062043,-0.1243746110353309,0.3440440857157055,-0.5586186285406672,-0.250166118952223,0.028146266781729753,0.009387297460533186,-0.005847633814116097,0.1918671551356831,0.33574540809200476,0.2172773570805489
0.2124195052489018,0.10672447895522277,0.21127072461758253,0.45719717368290774,-0.07143918550992111,-0.22166143246221076,0.6792301221591084,0.18002303527060295,0.2504498695682917,-0.3317223670516021,-0.1343118751873514,-0.24799729954564498,0.6177774399741652,-0.056070302073604396,0.2446109611173407,-0.16481683048610882,-0.2538956251594757,-0.3531027599926984,-0.44546528203280095,-0.6864561238609259,-0.3737169413704618,0.577746954741903,-0.8390496893907592,-0.045123640871762453,-0.7833482641225537,-0.2480726109360308,-1.063178554556616,-0.032169803778186824,-0.014558921137744893,-0.542307140393968,-0.6164225231748858,-0.3017868801189316,0.15336097598505152,-0.5260897022951204,-0.566640822912349,0.528669459634653,0.40868063803078003,-0.10386602270191309,-0.2825291667152255,0.3608148755417473,-0.4434888710225904,-0.16132320837300823,0.06397130751811655,-0.5292559120689367,-0.3191050141976754,0.27652178180013043,0.13499520333601855,-0.0625066966067954,-0.20285715374755448,0.20817265204609553,-0.12945046910387423,0.36218916655084443,0.9958517984033423,-0.6049841332193805,0.50168705758228,0.266238246731403,0.1702776687006226,0.028377359003260903,-0.627304323315728,0.6292364053541338,-0.09297647256738475,0.5146950148091158,0.18832161433845118,-0.3481265098470185,-0.1655008836890026,0.7662958664252727,-0.682368494863766,-0.010260078546054601,-0.08917064304811766,0.27448003246897,0.6310792871093004,0.45783022555797875
-0.6107245247131367,0.4339692764331385,-0.06398089187844282,0.3105035160172966,0.17207410521356156,0.11041469355504194,-0.004247549099111143,0.05808866406335845,-0.07837240066378665,0.35314085203558837,0.2585759375539302,-0.13276906419214585,-0.07223851374310859,0.37981077989862183,0.08723433467689364,0.4002298662649704,-0.2646371050023444,0.7950617074667211,0.048377867028538746,-0.2598437603187658,0.31714318956687615,0.2829904196188374,0.4735420016727344,-0.48992605268005945,-0.014110821258472654,0.31640956228049066,0.09702879342180978,0.7411641927263647,-0.1636909496081123,0.2950240166615446,-0.33679114497230084,0.23945980082123614,0.1487926716007599,-0.6205260765776204,0.7263947785697485,0.17519329780072063,0.46803459497389494,0.02587025749839994,-0.188996747862922,-0.2773346585117834,-0.8178132270358163,-0.12303605951963494,0.8054951931051036,-0.4284089525629078,0.18794710783958618,-0.551353152018431,-0.04923185336446087,0.10913510430432548,0.09314875981504038,0.29574128711420195,0.29247730260601434,-0.20459361133594411,-0.073614328508086,-0.0520008576640171,1.211366080755794,-0.0233066819161497,0.2804580195718159,0.6174997078496225,0.013528215798551735,-0.27192821227360897,-0.532703201359827,0.10921621267114735,0.03780247502571522,-0.27436712488628356,0.23745878223959455,-0.11351671624545304,0.32429457035817616,0.3878095977788588,-0.3687924994969533,1.2565954208050887,-0.3872249143846082,0.4765365614590368
-0.7246844356337208,0.23782644592549806,-0.5663496286613922,-0.8346666618337523,0.5802832076252395,0.49363434861367556,-0.5559039870470447,-0.576388126672814,-0.3854935719374328,-0.49214645387386624,-0.4503307915544882,-0.03497771714118214,0.05945300153067705,0.6786398500793411,0.04741771449048559,-0.232092293526335,1.030139657526524,-0.2929482496874556,0.12545877076567324,-0.1887881824760217,-0.11274563586051654,0.17461644430906814,0.34805589812136706,-0.34371700751747875,-0.2761265795593474,-0.5300494906815797,-0.18343799165222766,0.6087301357146295,0.864873960308776,-0.2565825024327602,0.2237115723366905,-0.18893261324612548,-0.5184261990292606,-0.12305232319329089,0.39905766728529574,0.5799374082490799,-1.1039311146401354,0.1908614437380331,0.30664950978174144,0.10278341223657306,-0.023088661356471227,-0.06555546918885768,-0.5380731383960456,0.20139305201388508,-0.12685863187550808,0.3258403093488501,-0.26140674456294516,0.1146541878142177,-0.3314610433592767,-0.4545123720657044,-0.7188477493203129,-0.19354594076350382,0.04595481155867295,-0.146538306553849,-0.26457431146122556,-0.2647628241493924,0.521015931176777,0.8197933229429739,-0.18524547508198194,-0.3764547928461839,-0.4190052677216267,0.10730856851755331,0.5628179570005248,0.08384387502435069,0.4762866673746597,0.09913261059879314,0.47166421942940095,0.4382560973794074,0.16069495382864643,0.24690046445203467,0.24443679981131286,0.17846027329111994
0.9045488635600896,0.2284954561781441,-0.29486269437103085,0.8795395511160863,0.031971461915543044,-0.3610719801782393,-0.23724288416602604,0.4110243085247701,0.1872176534164892,-0.25874807997142335,-0.29240712597206303,0.19094505312272508,-0.017869188473142398,0.22926758611590958,0.6092906356596617,0.11604291759921577,-0.04697224643883539,-0.3366797472644772,-0.37398791883036203,-0.01213168556686988,0.3815186920683124,0.08916572065622591,0.4572254924768038,0.48620297471979257,0.0774892352889363,-0.3506326563052449,0.01866969382326928,-0.1732534239393426,-0.21160514432925648,0.5580603767370726,-0.865415166339306,-0.46820871239692874,-0.03348382124453752,0.012249203123177505,-0.048355657694633,0.10804864990484406,0.3707208531985585,-0.09626784163939137,-0.4921671502422051,0.05000170642334765,0.11197716303960455,-0.5779974368723575,-0.25004568820176104,-0.20676045720757302,0.3463786678222594,-0.242136548792646,-0.2668748313057068,-0.15869011416492307,0.18516740726040318,0.4695161016876299,0.4533597576579791,0.11692067598636778,0.4800607290753907,-0.1175299426615439,0.30758711444344544,0.6903658274170112,0.436406748771932,-0.22613664584411317,-0.21866208459837247,-0.588885121284286,0.2029546755893277,-0.2487787654726349,0.5144108211736221,-0.8638087471511474,-0.42630625476748685,-0.10405378295501126,-0.31836871939252886,0.7868910528085703,-0.10158639488417963,0.23912232050991003,-0.49506734770233196,-0.014310917078936057
0.01710394662454016,0.39979197639611674,0.15510646925598887,-0.1037453700374346,0.09721101305950675,0.6805803804084243,-0.026867383800512044,0.49163342944857585,-0.16245853831279208,-0.5603069390773149,0.2455901175200225,-0.17033825862530713,0.48080623910002546,-0.40575848567867895,-0.5084935605274236,-0.3963816007567104,0.04132960675950248,0.4085930311100655,-0.08604450742927837,0.0009158801058022992,0.45538683768973515,0.20021485054278965,0.2821622952063061,0.18676574671733395,-0.5177374621821378,-0.5565549494861886,-0.08278857598238397,0.13830334607072511,-0.5865269211476054,0.38217009137573577,0.5392289859377696,0.052721205320823826,-0.14255946236906836,0.41695772023918937,-0.07333977727286099,0.5186169916755778,-0.48002254243278947,-0.35844279475722673,0.40684783703809424,-0.1914099090042156,-0.35823873322720107,0.26306850936796145,-0.11005794020432966,0.13836027034378734,0.552020689244072,0.39709658695114497,-0.4099443458301668,0.11803236395161543,0.22511525944941616,0.04686252759770646,-0.45307892229565855,-0.5814434787161261,-0.16343211767733734,0.607397823394672,-0.17693039877902753,-0.10923439713328709,-0.3765328584652707,0.38500864052460365,-0.36360027453678556,-0.23337199239344864,-0.08140814196023571,-0.2684847061298496,-0.008086225634857691,-0.08661689765628557,-0.006210887847303117,-0.22074148544196434,0.7778808807601352,0.10360274398748637,0.6329818334908575,0.6673469693514933,-0.0909709219194546,-0.3313553283719386
0.44186954799225375,-0.6826668626693735,0.13944167544156208,-0.060803137234065274,-0.2322596891360568,0.4188734383412921,0.03597606358761325,-0.12204546328184314,-1.1345083721991405,0.30608417610073724,0.010985167892802421,1.0063739884873797,0.23001385554614645,0.7904068934986926,0.2540164051590949,0.8576667978890989,0.6391676782721164,-0.09727041545605726,0.049654854046110045,0.026175230959957132,0.7507612170213831,-0.08430878351824977,-0.3533885010450315,0.16142243045523913,0.24401613179163492,0.8609162736419729,0.49862863122302015,0.09901572840194071,0.2572455186313932,-0.36282030137219257,-0.4783145220002495,0.9731432009233718,0.5809521795679252,0.25685308719788214,0.368064074927986,-0.6062785118681219,-0.3812539314904551,-0.4467047406190406,-0.3513050881814012,-0.26429469752675533,0.0642236935271421,-0.13362563441757075,-0.459820268807339,-0.6049757884183515,-0.7134553210547184,-0.28413855840810864,0.3816753833363157,0.34103551428519796,0.3643651663067043,-0.07529012892194005,0.6324032798035799,0.044101233643667546,0.43892521253378947,-0.6139671402204502,0.6879935306135854,0.15870769644495947,-0.23929047537904016,-0.20953528519242076,0.5670317067048921,-0.12518572993874202,-0.6943314057539738,0.5998336328338942,0.31689280690737326,0.14903930180189448,-0.30570769124066577,-0.440694683063618,0.002939958627464909,-0.32651161783460125,-0.3413887071121775,0.5981790576115227,0.09670358336940733,0.2039940506361389
-0.7169250706373365,-0.07624245596936888,0.12881084504373513,0.09292426213621874,0.17994217034950227,0.29307660220639553,0.12191010937468208,-0.24545873590263725,-0.5735740191451989,-0.35615391214183584,-0.46211581561578163,-0.2230292207689663,0.1798782521998979,-0.33855108231758124,0.30759678961869413,0.09654305860067651,0.043407722388267136,-0.5095679266929232,-0.6568273243906436,0.43396097497795955,0.12956584787737158,-0.3671596359137669,-0.45275282171524767,-0.8009992426731142,-0.09237794024167009,0.8588798223891105,0.695633817351931,0.19464479500724807,0.6087358069416815,0.5236322569582221,0.3629805621334258,-0.14604647798708673,0.06743999401098581,0.018435798287129972,0.30357737462387674,-0.35716163345776836,-0.463261586327049,-0.2354605654815149,-0.11171913509780043,-0.6924892671051034,0.454603090615373,0.38580757289546885,-0.049817921912729095,0.13308132003812567,-0.013593624793979584,0.03985881189657327,-0.658627608039028,0.698600496759599,-0.7814275755624961,0.15157314269315764,-0.27751768834627616,-0.005391712371647282,-0.7209041817903246,-0.38796629802727967,0.44796042756686527,-0.3464590028632979,-0.026086083773964333,0.018083755912027464,-0.6999450193028385,-0.6394931308318172,0.12857699225260322,0.320434349243385,0.9323681141371017,0.3849045013378018,0.4214914820384126,-0.5762011365758458,-0.47907808994924866,0.23648617852894796,-0.4696570113659095,0.663081951308556,0.10440942520722077,0.43234447368194034
0.31143973292634297,-1.1569908712497692,-0.0851013749204562,-0.2657823376032084,-0.22554038090601758,0.35360238754154877,0.09625052326298078,-0.016457338711414755,-0.007514374997034994,0.5297718748248446,1.0799797934272437,0.11242293362377283,-0.4427810017188637,0.25999044015727585,-0.275701765734014,-0.2559989308519739,0.41025951211592826,0.3490584850333528,0.1766804365019878,0.41009708280132395,0.18589504109769872,-0.4573117886110372,0.6540172330446719,-0.023857626658265355,-0.4747090565348017,0.3776160317675204,1.128947550476124,-0.25157580138854413,-0.33197497177691954,0.12389316350057203,0.16136707453556795,-0.2826918404542912,-0.31343608911530857,0.08088338981387727,0.12677673117254154,-1.147986211509804,0.3147452303714037,-0.7492109829475523,-0.1855601783221956,-0.2254716898556594,0.823414987875482,-0.003932693502147192,-0.11069561941454686,0.4746535558908851,0.28690312156822967,0.08586211906860224,-0.10675378725849723,0.5298235302916484,0.246448533707248,0.4382491877288562,0.39757041172276697,-0.5048720457721351,-0.5393642650423331,0.9830985073589441,-0.25288351574217194,0.7963015536095368,-0.04757672174232028,0.46543323266114395,-0.17478890952345683,-0.5144965429352577,0.044441536654506876,-0.5188130696329136,-0.4651743490426505,0.21669739881401356,-0.4893445127799035,-0.1916171540064589,-0.010087044820067871,-0.4438432949248387,0.06980968318335293,-0.31434763269695204,-0.7722875527581305,0.16257890979693454
-0.8409085182152444,0.5227463135081245,-0.5125194034292793,-0.2793450960690003,-0.37487334769694997,-0.43000504425737873,0.04523556655669961,-0.07512746395493992,-0.6892575226426348,-0.4223017584537887,-0.5814573678087696,-0.07332467066447788,0.16843190107917214,0.09729218742528523,0.9360655969933018,-0.36067698936356696,-0.3831727356076306,-0.021371005726354714,-0.8654625525001829,-0.08649076442334044,-0.21499585514451788,0.09572081020040481,0.09054533891805573,-0.45959877895582474,-0.7054209895874402,0.3641928824662931,0.09930781015324625,1.0764297948669017,-0.6099121014761685,0.5129206319716256,0.3316579361443677,0.45386611514795,-0.6679211697275637,-0.35069785423315547,0.6930925592859648,0.13758400809823634,0.4408634359709269,0.16747177237356264,0.3190100926434383,-0.6678191617941057,-0.6811822590925245,0.29970686876928443,-0.12336018449594166,-0.26459368615031165,0.2503773877984799,-0.02437738875687746,-0.25444453584386956,0.894117179853309,0.6038508651403289,0.7655162723429737,0.0940516326916356,-0.1633510624293308,0.3302126915446844,0.4246625713913206,0.6609637303919129,0.5536599425140336,0.09567139539367295,-0.5522678971619864,-0.25394590409191076,-0.8724870852605866,-0.018615201932989434,0.615206710149783,0.2820513564047909,0.22357717411686026,0.515340218503926,-0.312377258756643,-0.40428034130838303,-0.2762539082015417,-1.0201438281298758,0.6774556325363716,-0.34483697761127957,0.03907031566669061
0.029384824950474946,-0.11797111890035844,-0.473148576105214,-0.011474196159554764,-0.04592777230223247,-0.7195726564895022,-0.16261451674131033,0.4852963477444392,0.127748280055998,-0.2897552526997731,0.005089961588343559,-0.13252850709894892,0.2695824615458803,-0.4754980689698484,0.4768184446579068,0.3131557499502202,0.04226365947792805,0.24721364794921935,-0.3490729724322924,-0.3477571425951472,-0.29016487068202784,0.8819707559453874,0.28889027470861056,0.2096501338843053,-0.7276738031535673,-0.20062347509767137,0.8623313561449898,1.0374698650973475,-0.33968959505884067,-0.14845935293829493,-0.37113215609294237,-0.05501039546199506,0.25523260410229004,-0.8117074865919708,0.44164860279433626,-0.16862584316490217,0.29996171599267507,-0.6509282429961853,0.14238166078310208,-0.33131801690575285,0.007307222665464306,0.18234316971279121,0.48439247382542117,-0.8880974609808523,0.3727948429840454,0.14402930367532096,-0.40415184311855984,0.388486065764106,0.7027928237348405,0.5599995240077237,-0.2935207557606911,0.21956404587603087,0.4187580768309919,0.28844268705562975,0.2643716821383028,1.2932872238119852,0.02789898562465022,0.14797106985173267,-0.12363881568707077,0.10366210678033932,0.3163937260897622,0.29978015701283106,0.288790693636727,-0.12595776971532355,0.36106615622580607,-0.34157901814089087,-0.35294048422892327,0.5081537382077456,-0.18944944023784455,0.36849582807293263,-0.5035024120269035,0.3765714606814874
0.014381246764726782,0.8745824013348372,-0.036952905045273314,-0.1692321440394488,-0.22000545483542575,-0.737425172545123,0.1831164408749568,0.20113748776781476,0.3981278529345035,-1.0468203546145407,-0.2516411721544431,-0.8020696440614747,0.8823125864986424,-0.7759538183048229,0.7205833453289293,-0.6002372349568335,0.13358315881255411,0.25249487619509126,-0.7959771728427398,-0.1894520558321735,-0.503540420919503,0.250279121197102,-0.37845719166610586,0.14543511866506847,-1.137505913925701,-0.520923837063789,0.1506914239645368,0.5841655268969242,-0.810882688806469,-0.12249841659481696,0.2123188442707404,-0.10830950853281558,-0.5492195182070795,0.03631540170342992,0.1277540602256875,0.5461122083238411,0.43255045954399807,-0.5234576180828944,-0.07121876771737846,-0.046199189412375906,-0.09507205503788231,0.46162097332545543,0.03462956838364034,-0.3836376751188839,0.39846427434024073,-0.07579957476547113,-0.6228698950251779,0.26445017982075036,-0.03736346256907085,0.978008920812582,-0.253590213078344,0.32111513428287214,-0.10694986392413279,0.5546360328077369,-0.07505365925694209,0.4664008318250727,-0.24077788415728868,0.5650835732773969,-0.8650853021331169,-0.11824416388347561,0.1346079393804196,0.02732469960885576,0.7243666896494881,-0.2895842889806425,-0.05666402055674085,-0.041037906369987,-0.4697134296145541,0.26078690612972655,0.08592285640440665,0.3408046916439966,0.16521692910476982,-0.12733477253502595
0.11561099907566862,0.30798163512222365,-0.8204911642060941,0.360291603424406,0.564027923409745,0.2947953506827092,-0.5937826916228487,-0.3316044957512976,-0.447728701306603,-0.12195341193434574,-0.008200405996148984,0.4024079053453843,0.5575889918667843,0.4733841839280948,0.3665162422907903,-0.602236864142858,0.054215559098122076,-0.31218806596200377,0.24497204957093752,-0.14786155686357644,0.6642330089893582,0.2574336697909661,1.0634277676628905,-0.10593971428203904,0.25843904848467164,-0.12184373483344459,0.11004666952955015,0.7340015604575568,0.053337001314662104,0.1646393224712906,0.45996416049126687,0.35224297844483127,-0.11926069500792726,0.013291231339692516,0.690953065519957,-0.11363334469829268,-0.5922127986780338,0.3486499265867393,-0.017790518043441964,-0.17470322940692562,-0.3190226672360034,-0.036723494354431084,-1.0229744186084164,-0.22441264967548366,-0.2840529179550131,0.20917711753331797,-0.16712381998705553,0.44348715720443616,0.5008063604373267,-0.09597906669266455,0.04535840399915976,-0.12378334167387463,0.5400570610963346,0.5397725530187634,0.3706576169949628,-0.21124480448237237,-0.2977069117903019,0.36908823664052665,-0.07109044378201936,-0.650212145684715,-0.34462927908650554,0.13819283675408053,0.36664831293660183,-0.30479907166906905,0.8488155511667486,-0.08317895672788939,0.3570928073728527,0.5622784634330567,-0.05041309381929616,0.4896734455081048,-0.30202342660893866,0.23061243100681647
