0.0198204149954014,0.33413452936433086,0.27982211091152714,0.275077943932036,-0.2645336885540037,-0.3363544610777761,-0.17651402759790194,0.5702487536269646,-0.06955524885490577,-0.044243183901259364,-0.46975425910551727,-0.22958747011709174,0.7571841907797828,0.08547787477486156,0.6298403622086653,0.19678951472325495,-0.5239841863539422,-0.26630986344367186,-0.7064929974939154,-0.36315441179597246,0.1939986485497643,-0.33021186597423957,-0.2661301495672427,0.24795794267145385,-0.39484325910828205,-0.040242672793389826,0.1142338325183516,0.27885070488506436,-0.6866358333723777,0.16310302053620251,-0.5983112131173588,0.31292243590854335,0.21076829161913943,-0.0693520934929012,-0.3378810457767324,-0.23608023983458742,-0.0012087927947275739,-0.3143111434012918,-0.15960556683039412,-0.5514809530275211,-0.1249235286188353,-0.12308720022133711,-0.06957955791854567,-0.7300283840494759,-0.48455920448150597,-0.3251885398304091,-0.4782860705098575,-0.22918591043105555,-0.018792695604124922,0.2672838526469336,0.6391284996914206,0.7504519337610149,0.00755588717403616,-0.3694158167624403,0.21051598929897183,0.28199522100677543,-0.5204846849531108,0.12978306444153972,-0.2735281874999737,0.423009280727618,0.4468974371485949,-0.45799469095739204,-0.03058443067066809,0.36071564781284493,-0.47112799006627076,0.5902288474864184,-0.5864147590913369,0.38635887502416405,-0.2793455495967588,0.054263949070724196,0.3034992818689482,-0.3618147730341386
0.3494737307135336,0.1741819762755186,-0.22271732388101934,0.7176111799996399,0.45251083943653664,-0.36663213844079967,-0.12670412227868322,-0.06661591295212624,0.2463599902855779,-0.11911815801178054,0.16717923908849852,-0.13622824529835753,0.3445041661868769,0.0343123153500541,0.21053185483199613,-0.011341604758119727,-0.48331987428362955,0.299271085558416,0.0928571427519747,-0.22418177848785645,0.2643035641673293,0.773663068745816,0.4783950902840758,0.08681512360127915,-0.4233452081698627,-0.5249177450133776,-0.020491993823096227,-0.05068230040923175,-0.3954571881941807,0.30396283621717635,-0.27406413345217645,0.037651432923515256,0.282116596306488,-0.6062230534737179,0.25005364435405075,-0.6833144941006489,0.1317916634967771,-0.11580376420894851,-0.12245805456015424,0.23670365216844103,0.41098044387201854,0.14114157247258632,-0.20708680106068053,-0.2666210855865373,-0.3701047745310412,-0.1721221665485468,-0.3462239823123167,0.5252827066125964,0.6695408042053163,0.12793099549582124,0.40152148629371326,0.059046916539857934,0.06834321886115109,0.22375835482493533,-0.2933078400431193,0.522195485140725,-0.30757159153527025,-0.13975785778061084,-0.4618966194580272,-0.8668601924841552,-0.31505263034825814,-0.06517496660465924,0.42484539315387454,-0.25248753053635853,0.49833625651504404,-0.014173429761133397,-0.6401752720810062,0.36838133724103816,0.08740146287512027,-0.054354012213887866,-0.23594429392388916,-0.11239308124405785
0.6661072550030408,-0.044636024081745135,0.07599246988031702,0.04073789181857681,0.45237667360546024,0.8959316502309528,0.4142279376008654,-0.3994954285131651,0.09968049442639275,0.7785039772539907,0.17010035466767015,0.2860833292232843,-0.3627129013437755,0.7304315491554034,-0.904684277089083,0.5054812726423198,-0.374026757626636,-0.33968157629041623,0.7619172670489829,-0.3305585125990608,-0.008594104741847845,0.011683395124128377,0.3238984280578154,-0.09811215455020265,0.46505655058784995,-0.2482397227948105,-0.6584093411384155,-1.13471084097775,0.5169640132944509,0.16142552263775276,-0.6787638276732858,-0.3806348555948604,0.5591152822534586,0.23254314919895253,-0.05772272796073703,0.1319745808467535,-0.28494405536757617,-0.06692002374403559,-0.4901978029439285,0.8407898048900913,-0.005309886623040021,-0.0858847824910468,0.09810039709418666,0.34346331354563625,0.17490345710157493,0.1925149200618656,0.6493246702779406,-0.5993857517201248,-0.426428872452929,-0.5559158639062789,-0.12194291835935296,-0.023267811198654648,0.1530244355306595,-0.3027237744826557,0.19027178848696233,-1.1388208297515243,0.30023308529660775,0.21277402060876083,0.3843916563333926,0.6635139939383445,-0.035965057910759594,-0.41497667239672614,-0.7324228392931155,-0.664060560393389,-0.1348971082691625,0.050805697895018265,0.5872425007685834,0.5156959706151171,0.5377453988113183,-0.2055362052102262,0.23380269506615511,0.055448698195822835
0.6243883840283118,-0.5848153589649524,0.23383863675448693,-0.13869249237388215,0.2095722438841251,0.6976889428729824,-0.4835244431799252,0.627744808799568,0.2255188926232442,0.7718282562292736,0.19091073652345153,0.232968564050997,-0.2326882876710337,-0.018053999152973683,0.12412791715209416,0.42626152048853816,0.6090959085848441,-0.15453693373935948,0.1872426890803748,0.31007462140275605,-0.08004956194397411,-0.24838607926686293,0.7781221521174484,0.396862870299958,-0.2560303713111805,0.27091004590605433,0.6342095009365998,0.31811254355548735,-0.16709786507895205,-0.6270292353988721,0.06883828517433273,0.01433099663566728,0.3825347585512011,0.6976406232659043,0.49407190938251666,-0.49979468893258944,-0.49071700932920714,-0.5032950507813335,-0.12008760427160475,0.5117457675047785,0.6573357056819563,-0.01393636877492815,-0.5689413678595531,0.3576291930974377,-0.06337532615777428,-0.2992458506667248,-0.12431291834882544,0.0928730467891682,0.0953637481813759,0.055797124176736254,-0.27573119360205733,0.37024676374841176,0.09621880196610796,0.9718219346620919,-0.2345642320346499,0.27521340103552516,-0.21054437266458362,0.05643418830736648,0.856574161496825,0.3867870416030456,1.0777283028338756,-0.439231738230641,0.053721374658920795,0.4374827070447806,0.3126622616895468,-0.4646556161914947,0.009902025102995936,0.6306795360150781,0.3926189746738706,-0.4031761644067129,-0.24598006426678254,-0.5050909025899493
-0.011924289233148977,-0.10736471819901339,0.28506039172292746,0.546706180712325,-0.14814090119143994,0.7748865809578338,-0.8057155029581531,0.47686873413275127,-0.32608838868618106,0.08267380609315382,0.035409242273267784,0.5873689046951356,0.0022485201291631723,0.6091649464576647,-0.10655747137775932,0.4934332184574978,0.8450289241647365,0.2532982052900332,0.16841495977996238,0.1857633047347304,0.664308248087637,-0.6265000196452648,0.04779173175174734,0.39114256090393806,0.9132090386250857,0.5540155228854333,0.6536796165122949,0.23591866060459335,0.5540236766309581,-0.050250708559726784,-0.1479151170258221,0.7967465006667455,0.16489533336632253,0.033312105238119186,0.4868748554319633,-0.407814828362154,-0.4876044109305125,-0.31038820595371763,0.19942956529394715,-0.17166498572767994,0.6880820695572355,0.25296462213527426,-0.2814391119173383,-0.028267877687161817,-0.09987221249498723,-0.023210436604964073,0.2069046118365345,0.25075307664526403,0.23525301665875692,-0.15761271083041967,0.3927586796448138,-0.6152816244954742,0.01767164945617018,0.058417817371957684,0.38004998483381525,-0.6945039875522367,-0.06806181422529806,0.5505810988909886,0.09128871422461322,-0.8173600500119395,0.6336715575186926,-0.21627409159171634,0.07925022970880684,0.5276255922301384,-0.30209574616146867,-0.013176677625031856,0.6529258163414927,0.20776717184892582,-0.24309502592656831,0.7273216432740054,0.0490759731321239,-0.1871844666314329
-0.08077163770706473,-0.33255359849991456,-0.5466913606112827,-0.7192192852253462,-0.6915529956391698,0.15884919998891722,0.2351136854705043,0.25040008201949154,-0.20754173237732176,-0.14547459998190765,-0.25493442386667403,-0.14007781934171984,0.47761606347529906,-0.045680957346548055,-0.15616336872475656,0.9574660973007408,0.7153749742716858,-0.3820028778656186,0.10206831109088634,-0.4432318827375865,-0.8232866855552533,0.7307557440430922,0.051194110148726886,0.6135537117566651,0.1723728208528728,-0.09560659332343455,0.05653860432481638,0.12285531963584553,-0.6842074645503844,-0.23785150086286572,0.2252502898163711,-0.7880310832043702,0.04079174309384817,0.31944805569943846,0.035279816947408296,0.21081313419215425,0.19093531782271594,-0.03896750356846098,0.5890687747589739,0.09386091842135497,-0.6197535759506866,-0.9664976774201193,-0.31766318882125255,0.005904219549784537,-0.5816100236543271,-0.1841719347690283,-0.10286947652784276,-0.7386595115798714,0.9594499430350883,-0.0699843282390022,-0.36169867029000474,-0.1822912624315727,1.1238164095105296,-0.2468863499194802,-0.3730711223923224,-0.14698248483444182,-0.4751145333519402,0.16744840642325384,0.8141026399280239,-0.08825639592364634,0.06391633355239042,0.3736843363380832,-0.03986696588835576,0.15922970443404932,0.39105685268268814,-0.24429282081707498,0.3012233253583528,-0.5142870638762433,-0.015307536684436449,-0.4004162356144563,0.23004095340886244,0.08971828871069752
0.006275591668920022,-0.21253977220132916,-0.6912700743734604,-0.15817077977270105,0.23618997409325473,0.01897915689852301,0.028680558303162056,-0.2304300105521352,-0.47387446123228505,-0.20179336537941547,1.0052478050737856,-0.5697505619552244,0.34543891456695386,0.8987208571650597,-0.029967029255357144,0.07770459412850476,0.729642841016477,0.42401806079409327,0.6227607138953337,-0.08443704725020523,0.7741136512459559,0.18824447056352364,0.3953324877124231,0.3586308286318458,-0.15278601634536157,-0.2429236272916178,0.6627829557819249,0.5294593267354765,-0.3790644218231939,-0.37063667192711897,0.1831926551157991,0.40720980431236037,-0.8530815343257698,0.006583672357216018,-0.35473469594947926,-0.3662666946398936,0.08024368660284881,-0.5125926532905086,-0.08854518144614042,-0.4796391214916146,-0.17565934990723941,-0.2895315704664046,-0.16040663626201684,-1.0421471695779947,-0.0819876151311896,-1.2154523586782446,-0.0928335401225993,0.4474900231367211,-0.3553511441438506,0.3316377192781661,-0.34524031482863243,-0.029147491730420097,-0.09377216120568363,-0.5460426842482852,0.4279287636990481,0.014348114262098179,-0.42438365928406874,0.5845501299915179,0.3415865397754757,-0.002573967842825861,-0.03524030933070665,-0.0320460735681912,0.07457694846240419,-0.639163041725267,-0.22746919172750463,-0.47895883185158894,-0.09342400854841239,0.5773623468429204,0.0038063982361140622,0.4886908874034772,0.5687607331209281,0.44278950182572874
0.06041693061468271,0.3792973498676955,0.6540264655759562,0.3038389351590388,0.3620558216888464,0.7413820011046177,0.16232563520792367,-0.13947169519510086,0.08190303512568252,-0.3155932295859349,0.2111019453211424,0.28110756668857506,0.3325902537157439,-0.44226565896798503,-0.48556574449260875,-0.36431754304100006,0.3323613714184361,0.3693102707948305,0.10915154212549408,0.33726676364966357,0.013142020464910852,0.4705760539923864,0.21869872956552305,0.062164912699810296,0.18238137483633815,-0.18027796268145116,-0.23710917922154098,-0.15706255533712743,0.4185870186217893,-0.2882025986358978,0.48809958621685623,-1.0532798876405045,-0.046241791700197994,-0.2792981210297503,0.08605407303018268,0.7853771538853737,-0.36229266598849624,0.6166864104138134,0.16851753395318247,0.18082758162145057,0.41376117146779623,-0.5477664340646644,-0.35238226715170595,0.7820180131386181,0.35990649812286823,0.3124780771411149,-0.39368667565024573,-0.1879017452515713,-0.43728689030776446,-0.48581448024015533,-0.006390702454105379,-0.17464201185979586,0.707679842882589,-0.2780663183848879,0.010713201667872596,-0.12202513201579687,0.10549041523402289,-0.023142326434837397,-0.617893354750468,0.4127850308811605,0.4654710331323824,0.26094793448593795,-0.1612375222569844,-0.2950896598227511,-0.32137804610748605,-0.024070057262547875,0.6414410508114814,0.18726446481461662,0.3075236466898745,0.8151730141226892,-0.02818698234597609,0.07055120647564636
0.2914796856718348,-0.018609227241247504,-0.27904389253338924,0.41388181565693805,-0.04411715802706127,-0.34658166795725265,-0.0926421287458449,-0.5711813872143057,-0.2170413795615743,-0.09317752821841616,0.13862716001553796,0.40258729130618426,0.444844853548677,0.4545199739801812,0.4778751628092556,-0.08408621452673698,0.10164081775249773,-0.18941854477837797,-0.32763738561664996,-0.3047277348465999,0.2676369995644262,0.13660938791700256,0.1803802183168217,-0.2129649462006096,-0.9502579835637248,0.025674546084351994,-0.16741278735118356,0.36108472263535923,-0.1866241105622205,-0.2903872536242467,-0.9027608719774209,1.2679026698141287,-0.38740258427647906,-0.5707672300925638,0.8169752713878493,-0.0802688325367304,0.2272373865331704,-0.0952969915655651,-0.7548430598228548,0.05633856996619618,0.051758238689919904,0.06323387517162632,-0.47591400241256193,-0.7066669012036897,0.03601490402974337,-0.5706768802321769,0.335489568818843,0.5270321375645216,0.47115145178097695,0.5701974135952044,0.8022478848290902,0.15905381926070872,-0.3254274190264646,-0.21548641735765223,0.752038184519535,0.29269327838519343,0.25952701314976345,0.2136707472906568,-0.3799912824510019,-0.1527386455305105,-0.70716015022157,-0.006038851257110255,0.42294921966069504,-0.33427260836253647,0.14722932031005168,0.2516693439534005,-0.45308957214600765,-0.3406755088215738,-0.20235373226508474,0.7727439296404385,-0.11360033980920536,0.43770500522404554
-0.19007001158782907,0.9873535427682356,-0.5018035496225934,0.5029106048039386,0.7414999179790368,0.24848183289298315,-0.5499892777838493,0.2952848638587185,-0.20919501881968025,-0.5162864100740624,-0.9716165782054468,0.5481270785591305,0.7793500936703752,0.4790556999776984,0.5356879671550497,-0.35405546767910107,0.09439961569965326,0.41810025277230256,-0.404724554859023,-0.47162091070948914,0.688796149096588,-0.04127741845334691,0.09566743745377831,-0.24276466993845602,-0.014959249176753727,-0.6952692842531125,-0.36732414454727297,0.670335596904834,0.06881692612527955,0.4811169010736993,-0.565008160730308,0.10626551576894856,-0.19078619366736907,-0.4900215125104916,0.607957713240649,0.3668551327868069,-1.0087591556665871,0.3025688755489882,-0.02747501755204461,-0.0051958410145772444,-0.46777497176759514,-0.18734615582655478,-0.14265443573070816,-0.36979372968215773,0.0651764433959436,0.14862281339845965,-0.46532056335835015,0.20247523726161257,0.29340311422241594,-0.09408401523544843,0.35354197770514106,-0.2714078066979872,0.2507092188763563,0.3065549752035138,0.153058142740686,-0.28533078385808813,0.18647091659894297,0.7394277907822937,-0.4959416240125882,-0.6158008426951723,0.12856786248360885,-0.020814689433931433,0.13203113605858227,-0.5043119401220384,0.633774633087554,0.39696147543089344,0.3494071105072203,0.21678710586235175,0.22362330673913813,0.9788673320284847,0.3461957055700831,-0.2897769346109511
-0.2818234565821256,0.3906917028576744,-0.3488128405933454,0.15927383501686423,-0.09937929049843512,-0.27027127199475814,-0.012671314914972002,0.6204484701694839,0.013782719166911704,0.0248392160764096,-0.8177613472122659,0.863303632212477,0.44079606923605147,0.22851755877786464,0.25770514125665606,0.3648439883555704,0.6478493241631628,-0.26010583298804624,0.22844153074874127,-0.7272805778352835,0.2658665101537686,0.035602516066821036,0.08906035704116014,-0.07432849583892394,0.19929836188757855,-0.6833938081095107,-0.23442892747042945,0.46147576621771763,0.3407573894082369,-0.15505126009600737,-0.7426175684683037,-0.1761019567480342,-0.38525949685272,-0.6096582642805436,0.4708944324769167,0.07779418487336658,0.09971542918013993,0.2390333493773725,0.24597454490419102,0.26539188974001554,0.1259742943160164,-0.572708585006823,-0.23270421985780818,-0.431149625555854,0.21525867858529932,0.45453613870577203,0.03289482526339034,-0.6941795700503491,0.2466089210087538,-0.3947952302805061,0.2153319445791148,0.35534651950904134,0.3869166886389945,-0.4750529359092262,-0.22553143592162753,0.04731123263121444,0.7022291637860819,0.23329661563185314,-0.1406022354003204,0.38073715962759397,0.26713965701910497,0.2346036730424708,0.04594962951893578,-0.5108184231548183,-0.31505331682624044,0.6702517762704375,0.4887876801512542,0.2903606989334421,-0.25205026392853086,0.6803244509972389,-0.4632340512523126,0.2941290168168302
0.02160496880258275,-0.35260925871277793,0.05146310438493091,-0.6051815561631204,-0.4372712098627439,-0.23182459572509248,0.18946982240987434,-0.34924275761497103,-0.5921741377994381,0.09142088355709992,0.38960078370684154,0.18304184908459561,-0.01771695586819644,-0.558490102130844,0.41423607673275065,-0.11010013697238083,0.5219557622334293,-0.06944261117978458,-0.30169746403388376,-0.6126568940878211,-0.5704913895965665,0.7021512189742668,-0.38040554862348663,0.20432300572255063,-0.3831975025507331,0.5326955416575739,0.2675387616103804,0.25920609013716983,-0.2201091868908119,-0.7101469341620477,0.6873298242453532,-0.03354716513501485,0.36236685976242416,0.06723938179531713,0.15040838600387424,0.532799561719242,0.7428394332958528,-0.2908759771120029,0.056531541627715065,0.14642300361010122,-0.4012537625586694,-0.1350076720512351,0.006923341351195092,-0.15277199844561842,0.031487503653879194,-0.06813249292305772,-0.015093865001781349,0.0670988034320825,0.6696058095591144,0.2589792716484514,0.07111006061546687,0.11101832923932263,1.0317850324465436,0.3758190653983946,0.3292442971390863,1.0289697394516943,-0.45669557854572296,-0.016933242981040524,0.6200800322260687,0.5433971453207797,-1.0718314844485202,0.9099049339202148,-0.09435302294899361,0.5871526437662767,-0.09863736304034308,-0.6112748552318661,0.12741303697199263,-0.6427563524733128,0.18456366260810442,0.06182443890513395,0.19959007450723062,0.5841652250581534
-0.5816028178242282,-0.14784640358384596,0.25045112816454396,-0.7172118464228884,-0.5860628695131311,0.1103687594779058,0.35003686494291836,0.13571864576294684,-0.42835829609724896,0.16472111731915767,0.6238312338239125,0.4887694801304222,-0.052361695186690205,0.2917350537167136,-0.19483575324501884,-0.41709307735181483,0.5894005323113485,-0.003904505157110271,-0.14841873321887625,-0.16184702720351415,-0.8324803122378535,-0.7027066124661386,-0.806283338297278,-0.16345108155782637,-0.24119825411085746,0.03400625408678175,-0.14331893504603116,0.07641904665041441,-0.3127780839100582,-0.000703746692268145,0.0775139282583369,0.4315775924911552,-0.7323539034749664,0.183668868657683,-0.2812293736201165,0.40116716597823576,0.12348924634246375,0.13249050716069402,0.7150495947832398,-0.19595441046678339,-0.7117573007301071,0.23763019641334457,0.47839246016726644,0.1120792758812121,0.45420764301598604,0.6103861830405731,0.5735024794925966,-0.5212020733113916,0.025475064572939327,0.11528392976905376,-0.4617621614274833,-0.5270621910246959,-0.23113924564737504,0.2785990681668522,-0.15946987177319988,0.1351624549175962,0.15731721537563834,0.3013404015049663,0.3472343919910254,0.1741919477250813,-0.19424680200905833,0.17898535739181134,-0.3040282195568892,1.054027965793623,-0.6111467028318942,0.1131026269116893,0.5838415253561082,-0.28979979694690683,0.12464560639857515,0.5562208143402585,0.6280942572858824,-0.4396829382584368
0.3428242649762721,0.013909346887783851,-0.5353946341845705,-0.19407351865514977,0.08518159125183691,-0.2799969836120181,-0.3283188798108598,-0.17443903897411242,0.2238267383671774,0.25529513448728436,0.23280752308805158,-0.3495448296093234,0.019612392498736506,0.1984017866076868,-0.07402314899130297,-0.03478836513951369,0.02263438831511459,-0.09356989561377839,0.4947435862655367,-0.021469329509955386,-0.19532864298211208,0.37795180262204664,0.07183241349228618,-0.12079869093853371,0.007583324755317753,-0.49742541027441717,0.04438895436342127,-0.22402826537716788,0.45778844958395465,-0.4637277468141366,-0.14488075554778723,-0.6352439078391396,-0.09348832121755526,-0.22691572095996063,-0.07282369513476372,-0.40845109958666487,-0.11751276776038964,-0.19902358958773655,-0.2657382359658294,0.2828579206215356,-0.022108318500033437,-0.3399605602856755,-0.33113916182112657,-0.2409779917426122,-0.6678858450526896,-0.547693845417717,-0.5628570706075003,-0.0824877794713935,0.06451240708835677,-0.08490409738117687,0.23433743217250505,0.39344369214539715,0.22107408487435187,-0.030485245134465995,-0.20954283135441246,0.3337082415591858,0.16635147035288583,0.08509561076350695,0.1264103708331456,0.16906321072454977,-0.5320760286253925,-0.25593743354649284,0.09258088228989121,-0.3289309689649931,-0.02309823169581843,0.16007157087827847,-0.34238218828653716,0.5169603076546935,0.12063591560607899,-0.6525138949140212,-0.01807641014027146,-0.047540737519002216
-0.24383526913538797,0.16771941981701363,-0.2688684899027854,-0.3472235879212874,-0.45324613904502065,-0.17500958206760617,0.04672263536858492,-0.2089911224711658,0.7082306401122267,0.006277763863318402,-0.3461536439478044,0.45459110640455974,0.5108063449759422,-0.7529780290099715,0.33346360089905114,-0.6551389017619889,-0.5870258135125671,-0.1429953950131127,-0.2977754844032056,-0.3261001065354507,-0.683966983205441,0.6291771196564395,-0.05170067846842098,-0.42047468993266324,-0.37640507815447555,-0.41516151338419427,-0.8847556950313121,-0.15378708333558452,-0.15886035854551486,-0.42950412515449476,0.3164042337359829,-0.5517290491375328,0.4344993969463622,-0.4036299666289625,0.3108338401019241,0.3917616391802038,-0.10640298131740489,0.8153844369466577,-0.14567463122988306,0.6844613517022421,-0.18973690259419707,-0.28441283767167147,-0.08368939197022468,0.5277333491822357,-0.07165560292345531,0.23071498956561093,-0.25072731989623276,-0.2592098927108806,-0.0633089392700752,-0.27967852078671046,0.21934735965568647,0.6224721956794744,0.6624769501679459,0.27002419273214917,-0.5739476828429135,0.7530031956020287,-0.029557374746807412,-0.49375482690336764,-0.03792275928214328,0.5705370625419018,0.08337281606130509,0.027540260862944206,0.12944386431470672,0.39005162866497106,0.08971208651769451,0.5209462025728965,-0.15137235050646003,-0.6110445846836078,-0.03162028392391739,-0.22433613730092758,-0.07362212013870359,-0.16714436394245158
-0.35655169124228897,0.31171319161787536,-0.5450402908076715,0.7459611825706725,0.42589589546071477,-0.1933020032711044,-0.0575388110803339,-0.2637519777407178,-0.6535067996469592,-0.3409577406154724,-0.21350875693949894,0.06374439153076852,0.5950604028340895,0.40004077843981056,0.3855886157298839,0.244489810565834,-0.19382504807917597,0.23535944905942696,-0.3563724336959892,0.3015933172939081,0.5689320788638947,-0.22216538233718378,0.13047857229269266,0.1311000052472722,0.19336581546327564,0.07686251254170422,0.12402028315338917,0.06056179142727019,-0.1310726832219431,0.4457110374224872,-0.19113132296205634,0.6667634396161958,-0.24105619686475308,0.26545577428817196,0.4362085623991073,-0.31589545760054544,-0.6331012919714442,0.22393822644064187,-0.376417607650448,-0.39511974785680454,0.2970473393622456,0.36063416725750264,0.21335603570925069,-0.8818512960110285,-0.1901877659550449,-0.23635708729919383,0.17727003772964475,0.5768726165408369,0.6267627401681181,0.5632769876606974,0.1212488215163677,-0.2435891379475442,-0.23677142609377977,-0.4811185811405229,0.2729768502035259,-0.024550195532349103,-0.695191745033428,0.00010064650817349598,-0.284218400254586,-1.0814320395227142,-0.12466198723566155,0.4696762345690235,0.6242732483937145,0.19230873244993119,0.280001774232449,0.1816265274553511,-0.19056273885135724,0.24537682415533132,-0.16213799638382506,0.4432949033538675,0.4136598925379098,0.06378523184388506
0.34727734128592375,-0.13750806099550952,-0.29422095964675155,0.06692789228674478,0.2516844212901606,-0.09432044274121608,-0.568045678660458,0.33271848775270574,-0.025477907275106855,0.29298767736741904,0.126735193985746,0.4329467140533863,-0.11043710286172494,0.10355168369660239,-0.055194076538827644,0.02657126964687693,0.46031991223842045,0.06897097337954798,0.441663109959385,0.2984195250493889,0.20814480853090822,0.06747982864692383,0.5976914163564092,0.2625928694141251,0.03930838710955734,-0.2895623649591035,0.3605673861510794,-0.09302540471828012,0.221628986426611,-0.0059284953829990645,0.08893917447570976,-0.3565588575120757,-0.04018171995177391,0.1140906143700709,0.6577937665214583,0.06659109777798437,-0.42382577963202056,-0.060127964354858114,-0.17072350302838332,-0.016016676594272194,-0.14558867881294668,-0.8009212687038064,-0.044032798413964715,-0.20382078559588857,0.717441126312294,-0.12546506280773348,0.15870304704712607,-0.22535605593469524,0.5585111641715991,0.06496349174099264,-0.16343132133771296,-0.45157288476055996,-0.15749577395879746,0.7353215145031361,-0.06291673273742589,0.10620774229883853,-0.08291151166938708,-0.1612525262165373,0.5908844771508606,-0.29399012492843307,-0.10378051267349246,-0.11882221542252423,0.05561401402317691,-0.6706490071465537,0.5876344384072474,-0.40286604372708285,-0.07640561254006253,0.29156277402653086,0.3159268093289404,0.12984769021494014,-0.46768126370802643,-0.08999336330701355
-0.37408379317110624,-0.1078366475729622,0.2689682227263026,-0.18012436102194102,0.2740359598531607,0.5781540388798846,-0.17835807093690964,-0.265659170319272,0.2308566416966865,0.45327139548223655,-0.1432643416277648,-0.20936600489725377,-0.43492011228668953,0.0662907112308328,-0.2865032297577495,-0.27503625174656243,0.0802034506642858,0.22453684014321254,-0.1189717436114872,0.008463907408845088,0.021741299749307632,-0.16265265986836927,0.10336168590758635,-0.4236810024282688,0.35681790546223247,0.4104180802877569,0.04258340885644199,0.037170286636049224,0.27921827818385353,-0.22068089482727551,0.3270723459123881,0.4061313879608078,-0.3609002377625756,0.24306494977254325,0.2957504260412274,0.43923013884920986,-0.3516994987940507,0.4098984819984108,-0.12551624749572307,0.05811625220203889,-0.3453840955740718,0.14708872738620982,0.4894519085676169,0.4191332956208669,0.30211736826381264,-0.3626280211329615,0.2364308679147581,-0.12504687433594172,-0.3335502864583999,-0.23510276494623267,-0.36791202375235155,-0.181084032904749,-0.30725078350993507,0.18753875162579112,-0.19384641168542077,-0.3594740887120982,0.21514608954053724,0.19162827927223813,0.5723340250792965,0.5202763988237004,-0.04738514075632736,-0.5652477853782011,-0.26722921043858977,0.1300806239357373,-0.19384025067583394,-0.18831338950134766,0.689797877212713,-0.027751711841649797,0.3161251597935969,0.17927930330100755,0.4552585617596929,-0.09811061719644308
0.4637048724763927,-0.38424723957020007,0.5363363510845531,-0.0964746988281181,-0.5276538611784523,0.6837368647272466,-0.34036600277165485,0.31078645203430333,-0.3033601901577241,0.42456042191241294,0.5977761113199781,0.2335630885204147,0.36051073332827444,-0.11686920049779226,0.3097629505986736,0.17368898809450298,-0.10769940201524633,-0.6407117721048904,0.0773387486697396,0.5102165615228186,0.9827924426448745,-0.3836961410110154,0.40390815250926215,0.16006701949972724,-0.026497920957388312,0.3913019839257515,-0.041644941521802765,-0.3648112933568195,-0.3266947672099742,0.3492478886609078,0.4006801007629019,0.292570054299488,0.8239377683542736,0.27317061797197867,0.21831875488340274,-0.18369620198850417,-0.24936103485106423,-0.3022512954289877,-0.28760683244314084,-0.26043577640112425,0.12481772712137205,-0.4576033166933791,-0.46347023706534146,-0.024031966826707434,-0.8195009311137025,0.3639889313369745,-0.057632969481679945,0.24172567703253478,0.626252905801018,0.16804921731416825,0.08735598613970268,-0.044551620696291025,-0.06885207848088239,0.016053117445127052,0.04113789966812765,0.08798775346242056,-0.881492161404758,0.13058102864699364,-0.00026507098993620816,-0.1137271792222377,-0.24644062475753414,-0.4349255489533681,-0.6819184151133281,0.23922710510821835,-0.26561390761036047,-0.23432225297073536,0.07886791041675986,-0.43973012313451193,0.1999054445316291,0.26046348545465686,-0.3972712303198265,-0.2509229059809636
0.5245165993828877,0.17770765602932298,-0.5770974653331706,0.4050891460169925,-0.3150891622555614,-0.14172802190228856,-0.3426116640563814,0.6329444517114076,0.3127485035147613,0.5530535675115095,-0.1683163320258102,0.39965986315222396,0.11601320379101776,-0.12167198241883792,0.024139053611896208,0.22044219333687537,0.035918875994707826,-0.042559698050297155,0.4654133848187051,0.32156160016176794,0.6427086971737267,0.47044952324873207,0.7184769128496247,0.3216107246914352,-0.07061271802837843,-0.5173543055723719,0.25684397203942483,0.003785507786465778,0.001408370012435897,0.027970705087505026,-0.7154346018741281,-0.3386117271731346,0.14948381796291585,0.060593924986913496,0.7830903396893634,-0.6696206348624817,0.09528665235660912,-0.6583139015505506,0.09774765139224921,0.036536693753669004,0.35854344501889973,-0.3856672436044872,-0.804416545338351,0.17696304904404203,0.11852794759874061,-0.11444335615962661,-0.5615984039770846,0.0808200120328883,1.0120831599032483,0.24782117461886183,0.9247528133898559,-0.01218823073202462,0.19150918529210686,0.6303598998811747,-0.009218347260859445,0.3258885232693068,-0.0827316738740814,0.15900378524932565,0.03968009150437796,-0.9280196259788703,0.546252864194469,0.11878785467892422,-0.42547690399813604,-0.5328361473621188,0.4029404972322881,0.2486968540013252,-0.04419485777041344,0.3998141591136216,-0.11013885342503174,-0.17901516813186322,-1.3332694067281472,-0.1764208492669992
0.37514062256291336,0.23253460417945843,0.14693775326155,0.11076183469955907,0.3238282408258752,-0.30436295956771064,0.9127321667036905,-0.03664297613638763,0.5198563555400085,0.15140018007437567,0.0958759770738913,-0.153739134540709,-0.26616821204294316,0.6361000764847355,-0.17490349651731532,0.6842818385048411,-0.04261139074887468,0.783795923615766,0.07335994671820299,-0.0811609555287265,-0.7556256464274367,0.19577263022641891,-0.3027268988924901,-0.05427828764708149,0.33094983338834794,0.3061563729293124,-0.199534553706619,-0.027225622696348668,-0.42349707793996144,-0.04100423737777549,-0.5318283207018435,0.9978827375526321,0.02287940333042169,-0.039828322030231254,0.02872948553196017,0.20831727427177563,1.4773299476105104,0.3314751609748572,0.1483661720874631,0.3517679868388109,-0.8668454080624398,0.10589644823159954,0.5251202033452502,-0.13307278271019365,-0.08853588385081336,-1.136534301702033,0.02402700540627134,0.008583222933054625,-0.2621901429552194,0.01584101224975079,0.37483792675577193,0.32210300968700245,0.20745101995964257,0.07122228659671212,0.6669115934539177,-0.13814829116913852,0.49374792537169554,-0.06986822375563978,0.2131191774134477,0.5718735590475574,-0.216815219788864,0.4967727652928668,0.24850720097378576,0.08160413865947402,-0.23494885188548292,0.20972387656329658,-0.39751268834194764,0.28467198434499597,-0.38433846346983747,-0.1753106964664037,0.6081571167052716,-0.0046634138133177265
0.1592909062838033,0.5166670764785727,0.13361046827181564,0.09874694782985718,0.03419952946817338,0.5521635370910796,-0.5233014177784795,0.49214080612814826,0.0317507437972944,-0.34703663527186895,-0.345170775880109,0.10859368693758754,0.3522377233611733,0.4421036101410268,0.11935892197621722,-0.14997822025040713,0.2576411158823815,0.04179126685159072,0.04560368690175953,-0.6538850833401122,0.17817125078855067,-1.3348545280788775,0.12454587387300595,-0.09524635089387709,0.0949425432305372,0.1201304579380644,-0.008906723492469217,0.2593079598038221,0.14649967040598516,0.031693133436818746,-0.2570357943081028,0.7401607884783867,0.13660945594169477,0.3998180638420776,0.09861643028421639,0.10290753717232491,-0.22851797378762476,-0.14563144230982158,0.076234489131055,0.30095352941191,-0.30477943730035556,0.5312102632793294,0.02225067797370111,0.16085167692585314,0.11012764787253208,-0.4401385710784032,0.038711764879173716,-0.37657684271990666,-0.16854786618784331,0.038185631230942145,0.21033201500052404,0.19420714268059827,-0.580861541064336,0.4079275661364217,0.1362331068508309,-0.4807725663151677,0.11550709108214287,0.8180200595084599,0.2512466277191167,0.11629223543054486,0.03714977678717366,-0.790132660059098,0.6092698114187226,0.6456994935326457,-0.14289341976274983,0.5936625795426098,0.27243537430159503,0.4796178356915492,-0.13085815003135468,0.14500164203786203,0.5854278770382051,-0.23732575063222902
0.2607095941506447,0.22445044486703006,-0.3213321220008993,-0.31177863335028433,-0.1788442950167029,-0.24017593143110957,-0.14897974745499015,-0.3636912507174073,-0.41556247903512294,0.04820529654454223,0.2923599660847264,0.019821594335391456,0.09569681920275223,0.23853731812453147,0.5631911255187805,0.5157360381479988,-0.14007427021617766,0.0678139441858606,0.07449539196297326,-0.2553754747168441,0.07527589410545531,-0.09442192253103177,-0.08072359695762714,-0.18251662053439982,-0.08526939968423321,0.18351618635394673,-0.0634426964117056,0.2756999996602745,-0.40345668065009677,-0.4705929174413287,0.1118233336688581,0.6284056200553629,0.14981789776676116,-0.4416890510476126,0.2999537265805278,0.24723344366525302,0.44840735006286936,0.3501947358777835,-0.0741605352241708,0.05231623540835809,-0.6764851440291699,0.005585087712062046,0.2220050736049933,-0.743634756641211,-0.45096992126396995,-0.662478871588422,0.4037618932469709,-0.08134109450740042,0.26223700336074024,0.29412057489268467,0.4306376528909686,0.21409283848046665,0.12391511181179729,-0.46376867382473114,0.8482745213414916,-0.3548318088632604,-0.09870057537495386,-0.2832084285793024,0.27717543319045673,0.14372097866934366,-0.28681051077604736,0.21421804909815004,-0.1967002516873145,0.07977728616649842,-0.02094646752291313,-0.1833784701244544,-0.34182335121847907,-0.1797654373816016,-0.38083674168843257,0.5197255506861825,-0.016830864625947937,0.7284265284291289
0.4605239856548241,-0.5021767003079644,0.478980428433984,-0.9902295786828494,0.17269154173109405,0.8540127608682798,-0.007266354808452672,0.6374565362107423,0.02046696113277231,0.3776777108629269,0.29624301480563525,-0.17209184845331651,0.13983337027296128,0.12076881192650311,-0.15928517946900883,-0.46551611535739507,-0.10361551922575997,0.059818104814251524,0.09403662898989242,-0.4222098155565169,0.008263144917007791,-0.523401615154722,0.5457776765467528,-0.041493329433718085,0.6843968496306715,0.6149547080525326,-0.17824840824056845,-0.13360701851230908,-0.5704337420688408,-0.11031602448667958,0.8549056546304004,-0.22270919956950905,0.6956513886351379,0.852692453298233,-0.16576557169889009,0.21840815490723614,-0.33688495558604814,-0.6366829692728992,-0.1831173775441082,0.46223577547675176,-0.2417484843034085,0.7741622217579307,0.018437415929403983,0.8967315036851158,-0.43526149148808113,0.18997028636994295,0.19585503509800384,0.13394798863916604,0.26241828938577305,-0.013793383906903623,-0.2199267167214968,-0.044070181016303084,0.47762087695406763,1.247195978883695,-0.23482593258051762,0.5302996029008098,-0.6189482685698594,0.2146840520498242,1.018138550109789,1.0476210726697592,-0.13313195755830975,-0.9863644904497457,-0.3658918800863499,0.9437248212940051,-0.046653939019688805,-0.2824196550793709,0.3153299718228996,-0.2767410828656475,0.8991440801845099,-0.6498086864149927,0.5783719713479005,-0.6133649725694401
0.22260526764962543,0.23973166166869944,0.14864388479545462,0.13091978380429262,-0.6075963525146657,-0.15011215710763431,-0.7094748272783794,0.8070297333761027,-0.1354267911597865,0.030600344564162794,-0.11629031791747581,-0.2354028098353683,0.44078777596800944,0.2587452961934627,-0.24858002485076272,0.45696312230336766,0.59044532657993,-0.7784606531232197,-0.47377374374049797,0.22561833722963284,0.646243691824745,-0.4512297380361401,0.4264633351591651,0.5940136136558267,-0.3803031560890798,-0.7200222387007337,0.8580329574750554,0.12443491042011999,-0.36174978762942334,0.02709333057002443,-0.4014096815613596,-0.16958489486209938,0.16853326555856396,0.6398771888493523,-0.6848137013580302,-0.990246298318294,-0.1987969135944795,-0.5905203295920745,0.302832827909165,-0.6159154362512215,0.5185798961823116,-0.3298360168905168,-0.3943712451371608,-0.1818388108306991,-0.2182252808731992,0.08055274615801479,-0.26781785623062293,-0.447955871784621,0.5725143640269729,-0.3005237231602282,0.1994757012454531,0.2477207787984062,-0.6672307362850496,-0.08784457734911193,-0.6649669873411292,-0.061564132873000804,-0.3538312345559353,0.3592966101969406,-0.2710965640476876,-0.4573795437412168,1.17014101996569,-0.6533957334469631,-0.37826119837053535,0.12558838307995354,-0.1346156950437193,0.4248809974272243,-0.2102551535092767,-0.1576596741443714,0.026080177248130214,-0.04714505529509332,-0.09145309426639248,-0.6550738127167125
-0.12493884249940629,0.6622188825162443,-0.2773228029759792,0.7240792311739132,1.0948060091097886,0.03664722397931971,-0.42111868848383566,0.060910266412695,-0.31403831568302226,-0.05703929606425128,-0.465246490828714,0.20307868923362593,0.4898951300538244,0.3845296873087669,0.23993445105353192,-0.07321782054564104,-0.02236635866825171,-0.28300983817401937,0.2870173656264066,-0.4318016249558423,0.6104764793661684,0.18295271898377463,-0.013285044996454972,-0.3226909228644845,-0.27164051881370577,-0.4084206867170637,-0.7571903560711923,0.4557277674486432,0.1356527847735139,-0.25189610108890803,-0.5391547721134474,-0.2154102314796366,-0.02963466254434537,-0.6822845929123356,0.3529688104709089,0.6379303096382777,-0.02782548021112049,0.32914113411338397,-0.2823699364042552,0.5561185023140556,-0.4386395779261635,-0.44209181806312486,-0.08724052168293116,-0.4855229040105566,-0.5646647676988157,-0.09232712069617198,0.1350282558215953,0.06400693071834823,-0.06554400429101871,-0.046335113959763745,0.29854189776578005,0.4549470314090061,0.6809767236085809,-0.06395530055263156,0.49053374520986576,0.07087639367200226,0.2706250707966219,0.5325401335230738,-0.468724775400088,0.21911386562701063,-0.5544106339001852,-0.06014863635130008,-0.06521199464768392,-0.8548591584881888,0.6191863168151318,0.6576551857156147,-0.08581301050320284,0.3669337478388679,-0.31592462759398954,0.6245921024273805,0.1506173727879185,-0.09495248529065078
0.1588342618326501,0.3417227704326159,-0.296550738201841,0.385581147847057,-0.9171524869449441,-0.8163060376216581,0.5173222302535969,-0.7149588890782808,-0.7241664824459682,0.020923621303118853,0.0051397853746536545,0.3509493167429209,-0.3787233581568056,-0.3971166568960745,0.261991931345152,-0.06411511890342748,-0.6563648916204282,-0.3641750130100964,-0.1407532235703279,-0.32623147965488936,0.012506748367517539,0.4438121050748105,-0.12490947474826264,0.3331078674115951,-0.3708499777991562,-0.008545740370151989,-0.446265977475306,-0.4413250791851917,-0.05240064969921186,0.26846330696191933,0.0027251255712460887,-0.14645925183396316,0.2088722936985912,-0.2130612844189863,-0.022877214062246846,-0.05795093012009783,0.25667428602165326,0.5383399341271651,-0.3342436739373174,-0.4433943947047356,0.038376472725799124,0.33998515972915494,-0.5110059636317666,-0.05521253720066399,-0.5328826522303055,0.3150984498366927,0.38648782116381053,0.011066144443280133,0.7824561622384266,0.5548496817346258,0.02978875007448808,0.2561084998885702,0.34341911867438624,-0.7387396626201121,-0.18399641130487276,0.15096969665049362,-0.3882035915084189,-0.4480658077692876,-0.1474961135034612,0.053038191014243376,-0.7285008144748243,0.7415942262546238,0.3920208124834499,-0.1302580222875636,0.42659807015707896,-0.0643385702896644,-0.4032854352040905,-0.6373276933476361,-0.594568383805542,-0.2876661054792972,-0.2804083933531271,0.3767888928632961
-0.43803664870495745,-0.6930528933103529,0.05396494598452659,-0.7021115623330567,0.03195647223431298,-0.20111151223858326,0.4088403302445611,-0.7110226921320754,-0.8102297588754132,0.7501306856230355,0.32258517955319005,0.3750065102308279,-0.3172235656628963,-0.1820139722790417,0.3086825266114991,1.0376592533954179,0.9229921659084195,-0.16133459883664752,0.1535149672909277,0.190018023590867,-0.2328695939036628,0.6960310995868578,0.26086357400967874,0.20896519233725303,-0.3043668178475786,0.3096922334111502,0.5439170534689535,0.25238982036542323,-0.17932898689270915,-0.6871453924135273,0.26742667469312154,0.08414146625783289,0.3708847405250183,0.23010164333317337,0.660699224650436,0.32469887826109006,0.5552747585631062,-0.6665055655621821,0.03269945089255421,0.19444689525780784,-0.3636170266682195,-0.2699576488187114,0.06729893275925065,-0.4373439370949689,-0.7546788621708341,-0.020390964095799487,0.4306193631101972,0.07393789996806749,0.19208668221639616,-0.3017646438320598,-0.13953148296706636,-0.024626476751274457,1.1842597008337346,-0.3666143470691174,0.7877061545364357,-0.09556169668126233,-0.5026017005661364,0.05290689413046369,0.70171325604448,0.4852393746152966,-0.7727571663218173,0.628554454300285,-0.9365262818461885,0.5546833888432829,0.1878128949059374,-0.6516788974344788,0.0529816407845285,-0.4939266984930234,0.22042002661790452,-0.15640805161176263,0.031541444792030346,0.7481627774870993
0.7792870430642944,-0.3678258660770225,0.17162655286571418,-0.19747250829590882,0.04189449100846906,-0.059128591633135386,-0.18492798209856584,0.03257843894531608,0.10305741207272101,-0.3437480884284557,-0.010381548487234438,-0.2737710084258231,-0.061863443604867195,-0.16421295941169803,0.07283530491956441,-0.3498139183975977,-0.5894300549402581,0.20416988852261717,-0.11601822227472026,-0.05494327300641289,0.023897868659633757,0.06448996397646382,0.08435798132726498,0.369527965711169,-0.339175867617736,0.1463703054609456,0.10671420170855032,0.050377601319718364,0.11251431258890805,-0.12474228298423282,0.16481682782639578,0.43049479559149023,0.7304439861816231,0.1209248886455422,-0.49911471003858027,0.2258655248749451,0.6383463422226444,-0.5072437033498031,-0.1450779267204721,0.39583970732583657,0.31337754385427236,0.7948899627427888,-0.06297457351366693,0.011969053745822423,-0.42013413693698776,-0.3062072785920481,0.2081749697100762,0.2886098162914222,0.028382448455478583,0.298682806742492,-0.21456451043673694,0.5509953592272817,0.3354526769245917,0.46862430483801354,0.25219336370032475,0.3710494419995534,-0.24689155582082203,0.08241451134069977,0.44388216824621374,0.572312615946412,-0.6783304749228344,-0.49194959940793026,0.4564757753384868,0.2777938523193934,-0.0774567084385567,-0.09165282136657286,-0.5293408102126848,0.44455841171868127,0.5158427818135661,-0.7925051179320046,0.46839705936432213,0.2653287300897799
0.41255048725090265,1.1378296277111706,0.18802291852629555,1.2906793147437345,1.158851217421407,0.15006994791669215,0.08443937099764577,0.7067865709038165,0.9164237062009757,-0.5608248637922988,-0.2544129054675937,-0.5413223643263445,0.6673427784128847,-0.010959160796573974,0.3071276575823805,0.11047929701130528,-0.28606945931423583,1.1571661149224273,-0.1735604982066085,-0.37585455585413147,0.08913040178593525,0.3073625708722975,-0.09677126694423505,0.8857741625471446,0.2663727344353821,-0.3754760052552007,-0.6810722289553091,0.47976576534623006,-0.05216000929306413,-0.06715331564240455,-0.14290232069662284,0.3976447349151618,0.6638329290775266,0.30118331989644503,-0.5371761996471192,1.0156675072920884,0.3528382507935595,0.13244821828104783,-0.04025189614142533,0.6876318637802743,-0.6319602689044644,0.7264641773081865,0.3270559600110337,-0.15814695212597607,0.00979387601953318,-1.2893879151312262,0.4608346157955402,0.2716611241257652,0.22477769613558887,0.6662875096321252,-0.24573422443989867,0.446990781976371,0.6937020770034149,-0.16145789975866023,0.17645479061442046,-0.4060341943636183,-0.5044233173822017,0.3744009336943618,0.6282972974130143,0.2163673114154892,-0.18872845886491194,-0.2063674000032487,0.7275559002282729,-0.13600812713707178,0.43958330690092834,0.5980665912466191,-0.5468483651486952,0.7813398853230031,0.39310231855135847,-0.20554273681643898,1.6737820004435122,-0.27024128983681717
-0.5952200596296692,0.3353603429811731,-0.0017599346636640336,-0.29198121412539213,0.6541610691683969,0.3187547582684969,0.41795156930988836,-0.9808258837793917,-0.3308930976952903,0.04390685556114789,0.09125933727203238,-0.2935567135754547,-0.13951514800348588,0.403085013634536,-0.3603926625267878,-0.6600530041419076,-0.44888956398090785,0.10406759202392285,-0.2565859025111751,0.11238462275261453,-0.5687495686047714,0.036939774253422986,0.16416843212273705,-0.8610651883528415,-0.04699159074720386,-0.2574120254075194,0.31200428058602153,0.050083551198876794,0.06556934095684754,0.6966656542098965,0.17985077467010271,-0.04693879240215033,-0.8849144838089061,0.023027674935074866,0.14044946512427767,-0.19549767058605103,-0.10618430625406375,0.10428224862155569,0.019749719283735454,-0.6324239921638682,0.6061153419028906,0.6140475050880444,0.3383524280998143,0.5277285241115455,0.19849075703330235,0.29584737213598095,-0.28586854922095806,0.861516772140688,0.04743009808582118,0.10200136508379201,-0.5937048239700754,-0.5634711597115352,-0.8976052708439757,0.6000551963779179,-0.32043275641154145,-0.439063876758314,0.03308682948827986,0.56596804443701,-0.03252673961127706,-0.6422872673127457,-0.41753215402150257,-0.14927838844903277,0.5901923394705741,0.09493826760470893,0.8093311194522927,-0.3774168313731849,0.11163977050408111,0.3019193262125546,0.4587289386819862,-0.25134091317155755,0.09019782613584387,0.36912904845874445
-0.3697415386346288,-0.46721857774016357,0.49835453441455824,-0.43551387106635536,-0.6273358077034391,0.6022419311422968,0.06616449647569833,-0.6273858171801974,-0.8905438142919478,-0.007685693891167863,0.6787937461731093,0.29954434119545253,-0.8481605677035933,0.2574089557630622,-0.18375346299964598,0.20992340824684347,0.8852034653921413,0.2918875309745509,0.18535211876194202,0.3379389355147077,0.34031684564248826,-0.3943035143675049,-0.014387371134326274,-0.33799447744889227,0.06602744562250133,0.7985755538541678,0.8588598509825462,-0.13412296551117223,0.3647235435952311,-0.08860105534012776,-0.06309604828294746,0.9434454249022245,-0.5857661210522148,0.3671006751603732,0.3547722584437654,-0.3742751922913827,-0.3942132027528269,-0.20495947376646664,-0.04433429751149047,-0.4746111887578606,0.22255221539188166,0.4292917594414817,0.4226807823665913,-0.01653986416658324,0.08590230734153208,0.1312581577479984,0.5849424266815442,-0.3524491433628828,0.05997886772998427,0.21235325255867235,0.01773687987813015,-0.8006288798407675,-0.6317891034227004,0.2778417820131369,0.6263291765965819,-0.14112813166432767,-0.0033299640491092192,0.5022963504872044,-0.06023645140307265,-0.07903379054102559,-0.6986767713100809,0.03591477371868776,-0.4324414510456878,0.5190393004247505,-0.282339406431968,-0.588386456151989,0.6600586084218009,-0.2478521232878386,0.15550505416067203,0.6421256155694823,0.23645800393872565,0.2889515894187904
0.4866757425401605,-0.6921762360152289,-0.07058729374226666,-0.24135180010090276,0.283509995343271,0.4435142960512136,-0.34442536973329896,0.5475270263942279,-0.13014290539171333,0.6780152053491052,0.6492159680523119,0.18685159759845105,0.12285471460887615,0.13959014460366118,-0.5933037546807721,0.38514658330684853,0.29044943674139245,-0.2839996321025487,0.5162250013229484,0.02545103425230458,0.2497745203338179,-0.05569183313657739,0.3783320102870059,0.4900473418954437,0.16322660159954291,0.14446966736254355,0.8417506846504371,-0.32437241994080224,0.13797510822376252,0.06173221354992616,-0.0007816474785481418,-0.31719210670259235,0.22316753233663078,0.2811589634044428,-0.2553555745408957,-1.3159225861543826,0.1023691492311173,-0.6618213016677745,0.38590968444539897,-0.29011607864924416,0.8576589102692495,-0.606014360408066,-0.4758707188897178,-0.036471319234439865,-0.5640567325899492,0.21852336005963344,-0.5578244387379175,0.06390048095688225,0.25322935415092773,-0.13254729654372144,0.12301863548166785,0.11964442623214672,0.03309298757680099,0.057576579319676545,0.22610206192460186,0.27619078523815954,-0.0849130883361117,0.40298578273455576,0.2086777700849343,-0.27355958427657284,0.09288792012193058,-0.2180271188658428,-0.38674082508696284,0.022773236742626816,-0.2947064361144973,-0.058090278870776696,-0.018411397522485235,0.5771734725827342,0.14847060206301194,-0.6182821012952948,-0.09245541923614063,0.07718039070710335
-0.2646368166174718,-0.12191425976282161,0.3715210476629361,0.10916677208484195,-0.2622074975615919,-0.19353984861623907,-0.7724856195857304,0.7660885815291981,0.09447569854604479,0.04573237422173628,-0.16378952411896255,0.14144090013124658,0.3963571668535417,-0.8102129664079561,0.5478793406041285,0.2724307324700988,0.2406901557514082,-0.06061314029045476,-0.08249891317814013,0.20363402993635243,0.5382512900441082,-0.6632877036314597,0.879208560239327,0.968542474752325,0.011002815120697725,0.12947527304538706,0.19155719415002762,-0.030403966390169564,0.1965775666495685,-0.5118892067494122,0.7428864906994388,0.3938403105375765,0.7763861009878705,0.7868855356082674,0.38581828546736335,0.3506586370041593,-0.6769905892332838,-0.18017715215758087,-0.02221778145803373,0.35489254040533164,0.14779072568041982,-0.1472225362897496,-0.4231434705741234,-0.09304663564175011,-0.042060147792741275,0.09462485756564562,0.8776303347908462,-0.06069268251426683,0.9215420198006075,-0.12226234968883577,0.2631519930453692,0.19753824571656448,-0.07615457868277743,0.5500205717903073,-0.27157030524735926,0.2777349901157327,-0.8090243797839555,-0.4127104728540825,0.6838732819148128,-0.4007362484579893,0.02119410614583783,-0.1892656123230749,0.06747866594407446,0.8758016888749404,0.8311883143880394,-0.14577468877309732,-0.2836966242927366,-0.22301710476995956,0.3571605581925393,-0.5546704357324741,0.2213448547186181,-0.7580164930191989
-0.6003150322188533,0.9211985326410373,0.14127197886301537,-0.20152950220476015,-0.4760698371044775,-0.16055860530741484,-0.4067997344068085,-0.18822349585089362,0.33915194106574675,-0.24938128642211924,-0.1265972595195626,0.15148877955698958,0.5846581663148749,-0.46558152592609187,0.16235493207542484,-0.469222518625149,0.4027564963939359,0.21641843850577275,-0.28830693516361644,-0.16467157668855414,-0.15263876609781568,0.12186637090224024,0.0429877560294278,-0.13462425595899874,-0.5195872938591057,-1.2011588052503828,-0.8375758916245899,0.18121719210857387,0.13917145964564673,0.03759058330384837,0.046000494849605396,-0.1522748071971329,-0.06150596196621588,0.07379232907991662,0.3560990951923826,0.839980234752975,-0.2762768462812177,1.057701624864973,0.21876378678344083,0.40140922428092407,-0.3075934720337959,-0.7435891327191122,-0.012147756777239154,0.9784784271890691,0.925219704111586,0.5843043044848323,0.3032483814039415,-1.1843578622832835,0.6755159059193919,-0.07037230223212984,-0.1709274491763051,-0.2334182789589537,-0.1295783428577942,0.7594819334846417,-0.6542354427872328,0.040544038457806235,0.7754871966237395,0.3284633805191518,0.2211122137756055,-0.5522087688153156,-0.3519554143626028,-0.0035312119717578563,0.21552068394040694,-0.09028555057215204,0.7386495552856491,0.28960057481206203,0.2987143648507795,-0.4467847623547169,0.24971145581553475,0.30242899649814775,-0.25855027202524905,-0.4810967539858847
0.4106104580239843,-0.8219750237739278,-0.03608036512684681,0.06279479817419928,-0.09951193202286687,0.4714729937859764,-0.9936623261456307,0.13343672041163637,-0.39353396114221223,0.8528060655507387,0.3574082731925891,0.47848592160241393,-0.03010217754215801,0.16805156266917434,0.4620683850846415,0.442447441676479,0.4882135535698131,-0.2996738858933847,0.08741062852162303,0.5505059739213016,0.987537484170559,-0.3068493152547507,1.039448641035546,0.26258551695493504,0.11297699942259752,0.4828719284349758,0.6317975995131981,0.01332784310704499,0.0005950080378572514,-0.662178829129446,0.2701568936938708,-0.07817617876361381,0.5611455387799079,0.36323851367575505,0.8575198100271578,-0.7753091677763675,-0.8096910267126313,-0.2622256939059309,-0.2683315514167434,0.08560781610135924,0.3832057722094531,-0.2651924514088942,-0.8037121115427719,-0.7710048892498172,-0.5016016193377614,-0.07884655712482831,0.043890021598397916,-0.009026495890100754,0.6949373693390064,-0.36819549484425546,0.23183930270519792,0.18417335565447576,-0.08981250276701748,0.3238950975473585,-0.05065395957306695,0.32572469032872786,-0.2857205032713302,-0.10480699963773706,0.6988069687890471,-0.7063086683932113,0.3611553747965731,-0.3470228024538749,-0.5486246928023768,0.4000426276013633,0.11506476922949861,-0.39010302396466245,0.2025322547026313,-0.041841849099145914,-0.11176322735215061,-0.07929155461000696,-0.26865944478495524,-0.37951433884031777
-0.1833264875374102,-0.4357882500865184,-0.2321368282584695,0.5215154905505415,-0.8832571047605647,-0.38878923852801905,-0.5494337685609545,0.21800622029924446,-0.13854706123961222,0.43218372880760253,-0.02709705932491192,0.8637021915026544,0.5013017894199641,-0.20042426170444316,0.7777298572324305,0.7248228753179777,0.6166119259995757,0.1713941158934978,-0.32826865007263184,-0.06234482655369609,0.4221959179370958,-0.029216303166300226,0.5576127574215808,0.44408350214230935,0.0385325499158108,0.6149639979606171,0.6238364738714907,0.4462699175459846,-0.029833235979938085,-0.6181065781762244,0.3151655919205945,0.5255568378727734,0.48503146971873756,0.003116864206943786,0.8687464355419126,-0.6534367411836324,0.2698349252879132,-0.1420363490598019,-0.04191118175103608,-0.3415875584001049,-0.04097910251634555,-0.525720762974901,-0.13154264378696837,-0.8965901742256707,-0.2808302432196347,-0.4302929677078777,0.2814388675427646,0.15125616550132875,0.9170586788640556,0.09062177987507873,0.24339638318311058,0.4659813707292026,0.20011623831900271,-0.0535169407872293,0.4930365467140366,0.2715271507096834,-0.4470946975618876,-0.06414744282557543,0.41675367360049365,-0.8965744722886966,-0.6607816125496623,0.2988703455067238,0.2993115853962,0.6188493323347912,0.2834771347039565,0.021184073897826734,-0.14392875984680764,-0.12077708897969847,-0.4141226116557346,0.21186229051411565,-0.3810057356817044,-0.2193453254155803
-0.3430994653858175,0.6221183309049254,0.4155434170729569,-0.010765510473707197,0.3904221524995209,0.25356971576612425,0.3288704581437126,-0.506958633995025,0.00972923330840732,-0.3144391065771623,0.22282787790965444,0.06383256177121072,-0.21412532962328723,0.4643655836136202,0.021187746708752876,0.026132334741908913,0.0591342347498235,0.1297856770678809,-0.11705977193167341,-0.3172354019865318,-0.5427203970445494,-0.06948596183812457,-0.29148815245759374,-0.504207098911459,-0.39780688002551073,-0.0656931149045653,-0.7227921618804275,0.4270688013544,0.15882599616843335,0.5134301343989013,-0.29188247484970375,0.3525984123829299,-0.5514554287280088,-0.19981648672727548,0.2249106574997063,0.2998699890994924,0.3601390302652928,0.7778257513552391,0.17243389327630776,-0.11641998076415466,-0.3711586259298829,0.48084584451954004,0.1442004885014705,0.06958448933245508,0.7787558688142797,-0.42208101890908156,-0.25312858265976435,-0.23574629941644715,-0.7504344378158684,-0.12167725090206491,0.009973587577867765,-0.038735499842575655,0.12426799803196525,-0.15441399077729734,0.6244627386030475,0.24798021428865089,0.9565086515964122,-0.21044759508987423,-0.42245756747532015,0.0767941563282872,-0.5625404825879488,0.15714563168269854,0.0762369661924054,-0.2642237893395119,-0.6255725779014525,-0.2649581163387658,0.24334445757775613,0.06555092773638667,-0.3404693450920724,0.7393989988066476,0.11176085006355972,0.3444814494170686
0.3570689139675297,0.1458308876026356,0.14648971701777416,0.349456413135647,-0.09916164892749012,-0.431374060960604,-0.05544130337209267,0.46208826542804315,-0.32109267267877867,0.0988753325504994,-0.4041734529163925,0.062308581132707964,0.3114755844375949,-0.14032735710713468,0.18073598122351542,0.6506742415777506,-0.25512737585478246,-0.058216858423321,0.05812914085273019,0.09141303157147031,0.42227804764560994,-0.1205768480043559,-0.30141869202454447,0.40038225465837457,0.3842694831898612,0.11276942468744373,0.10366343230047037,-0.08885223835338674,-0.7754718362335868,-0.1623023301080967,-0.03230291265959622,0.16036332500901515,0.40846953884926523,0.10130702017748282,-0.5189314156056025,-0.20473028459874704,0.3750180319633374,-0.5896363631597863,-0.12995145053368515,-0.3907666519302854,-0.3465541152369758,0.17379357892346484,0.1846910262058827,-0.9704416224367902,-0.7520785368640065,-0.5073760528856399,0.009193920004996296,-0.06420202797571035,-0.05230510175904961,0.48256502154097464,0.022727914074517182,0.38826490124237495,0.6235817492075608,-0.6721389729540713,0.29542532990443326,0.04495592513637093,-1.0715623913155263,0.11639371434126013,0.37975100253750227,0.29912953597608155,0.05393208572977998,0.026136264205344227,-0.43959597557578795,0.32918467647862587,-0.5776875579665842,0.5642132771247137,-0.43229958508894595,0.10041918879432897,-0.3690810708284375,-0.2614949337547343,0.1329835044239276,0.001165679307730133
-0.5741495383262505,-0.0014158195249246066,0.5803467861606589,-0.43099069419900565,-0.6335635521232185,-0.3647030465708755,0.517403167705266,-0.3189687407976603,-0.08106193733077201,0.3695293119227972,0.3352318490800851,0.33131638948915215,-0.5673114818797519,-0.03758788332591919,-0.48494286260137726,-0.21081445326988743,0.2702505720338464,0.44769246809999985,0.8189933925507946,0.16668695246842416,-0.8720144749798265,-0.7800693717294912,-0.18663735878894014,0.07352214349957434,0.5965213503920859,0.03138685958793128,-0.2592350075135185,-0.2739133074925756,-0.22673716010830866,0.1585668238656682,0.610162833491247,0.5842354569504613,-0.8138747393407934,0.3954622603672561,0.3011644272507417,0.11629843653188165,0.6690099105034608,0.6913444939339349,0.9936021231526919,-0.187740058009722,-0.4146914205007715,0.26591370173526785,0.33890775753053687,0.3837042264396245,0.5660337011125983,0.004069962289594918,0.18545186468229904,-1.0281014739514196,0.11076173254130492,-0.29109202811682017,-0.029838731609410304,-0.08633649910044483,-0.509949524925505,0.5484311675598713,-0.7161137037654771,-0.3281070857837336,0.28462127757008243,0.046697574875492226,0.37547163290404745,0.15282827024922588,0.06143427039931125,0.3008838727749358,-0.19531487533720096,0.9612060950804365,-0.7663503118050476,0.2544705426434712,0.7756933994346089,-0.7714227462807763,0.052094688213274856,-0.7453681845715757,0.2016316735306176,-0.29622997909811816
0.2185614442066387,-0.9941546320485687,0.07899096583178113,-0.08039425144781392,-0.15244440918236327,0.3846525394406136,0.020697386773343797,-0.5013230155699576,-0.998561540382477,1.115163917442166,0.7007903311246518,0.7013819195384214,-1.083688824448753,1.0829562200251532,-0.17185146155109218,0.3368139822153477,0.7919988861970301,-0.23556746854971738,0.7626208718441029,-0.020348513265902857,0.4073859641165636,-0.1899170363701193,0.20621333848081597,0.2338911909112973,0.35645221547894357,0.478307217263645,0.3262712782024226,-0.10453290424140059,0.13828778123135793,-0.09148677798643336,-0.5565924253571305,1.1043892340243446,0.02147791715677208,0.12215913525940122,0.4439415624113845,-0.6864796053534076,0.4312544058800059,-0.07019505014740397,-0.4199273047263947,-0.14674560159112643,-0.21220319749979008,-0.4293080724648592,-0.38841147221252703,-0.06049095235531301,0.18138869667899982,-0.04506241660622391,0.8607881213654068,-0.11632599590525945,0.5790669041291543,-0.02710984160299445,0.1363075328982978,-0.1515394020797768,0.16372696278650134,0.05905184751813306,0.8210068905401952,-0.3593093995849332,0.18223643164976155,-0.1990372293827117,1.0527753772593795,0.35342975408296284,-0.2705409270682877,0.5487596141544204,-0.6790863023841985,-0.10024285145852452,-0.19849283842294335,-0.9043401507745543,0.5260555697269547,-0.18620447122729014,-0.19133956994039555,0.4198136773286251,-0.2969525832005825,0.04338924768350688
-0.05699622228819675,-0.029367474175483983,0.4032131589576075,0.047810637173932156,-0.055328547283877885,-0.06716182756199468,-0.29428957178376636,0.17908090310350525,0.597891712593574,-0.3693506348791697,-0.32176239690106356,0.4230290177794824,0.24655478187858682,-0.31898535509321385,0.08913475506624483,-0.442504179862929,0.13811072206090785,-0.12288796773931478,-0.29220793910857706,-0.6700341600690543,-0.3498974053561991,-0.1090752976691949,-0.00685568976369679,0.04390836222044211,-0.4591276658304842,-0.023100393943958675,-0.3165907103220934,0.051527126441174353,0.0567635335555731,-0.24728581156364574,-0.04350790887022436,-0.5051548618320807,0.0008650114476238058,0.40549437086392226,0.20952236939253666,0.6563744338637602,-0.0625586796037709,0.6468537841738703,0.05381012251611633,0.4734311374964215,-0.14552924204600276,-0.20029648289119598,-0.17116491873999684,0.3671226851696526,0.7256146841435142,0.3131815130446662,0.34662664502965707,-0.7207184701676342,0.5716355464940577,0.20285413032212482,0.2112506795649005,0.3863913164603179,-0.10667544529116083,0.7075657066559691,-0.4608363839827659,0.5134467958275741,0.23262465083842873,-0.5059011654961351,0.29744238603231726,-0.22373402657316974,0.3207792623460579,-0.3123991020488465,0.5602007586583784,0.4230320774620224,0.29666163697615133,-0.024405403634135056,0.11435371895872616,-0.2512941681776446,0.3524002873534915,0.2674718576553814,-0.2094472827356395,-0.4224893519199301
0.6484266654667692,-0.2415171468518739,-0.17414341872560107,-1.1228175369746427,0.3349948289098451,0.43649120757945475,0.9141451042486755,0.052694076197234145,0.3771074010586781,0.20423887716429273,-0.012594912910168598,-0.33871467282140316,0.2869320913386564,0.09020372757706957,-0.9053706045721488,-0.07559366925885626,0.07944849599445318,0.29537270075973293,0.4219398148212201,-0.15175909153362052,-0.4264820320250096,0.7562372258498401,-0.8429503256180174,-0.04469536862297884,0.41688313928114523,-0.35276378248568335,-0.32813205988589794,-0.43362062034763343,-0.19673172660806149,-0.05975617279379752,-0.2708747761554499,0.3250096738333996,-0.2799998812304871,-0.4902480416956752,-0.30319390240724575,-0.14271950766226116,0.23733328617744767,-0.08178983700297164,0.2900137800816516,-0.14869965850154654,-0.5959390582758421,0.028607053345679288,0.432387860974936,0.14473867738220925,-0.5037213236449687,-0.148081311855318,-0.8431869014107191,-0.276359594862713,-0.8795047341943947,-0.3285784030375873,0.08835890876536653,-0.04871548525246393,0.9334171863557976,-0.3363769995708295,-0.056588453138538365,-0.027171693763067287,-0.38525263942903454,0.38303231678231786,-0.49176555830404284,1.2334040473560208,0.19081716931029752,0.30522619561822173,-0.23743732711616047,-0.01939909311678626,-0.5927218241268422,0.4918666032524849,0.4932991044975186,0.09260317445594317,0.49792689175571664,-0.06886684176677786,0.27100537125394303,0.5329967439137648
0.9077848177075094,-0.9612394073665116,0.40163532391768636,0.16577321421723218,-0.44381114762196877,0.2527213340345069,-0.4092030632531587,0.5091382038017013,-0.3921267202102075,0.45667816288225016,0.43659631989285647,0.35559985235129715,-0.37645589866586376,0.17914564619027834,-0.0063556200809013,0.8878717486429807,0.640882874179516,-0.7160327701789562,0.10470990301470451,-0.2239604295360653,0.7323300445545419,-0.23115515734198974,-0.02816491765133777,0.402766953816209,0.3464418009892189,0.05638237725871278,0.9191845454995984,-0.29756364004004465,-0.14855786782399735,-0.1385603723315966,-0.4569132778142675,-0.4055629766677186,0.29314947094646776,-0.21166503117628638,-0.06447073400657477,-0.7469905231143109,-0.2095130049799533,-0.4796779518884899,-0.4267455708421476,-0.36773892441208317,0.478841218737666,-0.6831439075517559,-0.6807711686815333,-0.7609512014737959,-0.35745175398746004,0.15782580189725234,-0.11560899022510596,0.030037004101686422,0.057840375413805274,-0.2926725341209885,0.12009460437871963,-0.046067410382390636,-0.10955830719059628,-0.6340937353488614,0.1814547984835585,-0.004448550169508975,-0.20906682228041062,-0.111805133042548,-0.08101578081505363,0.36488409130272065,0.41364754457948805,-0.09730815359515683,-1.1168060760027823,-0.4870075698374837,-0.9172326698782928,-0.09844047495107364,0.5400202277366217,-0.2507947667971658,-0.5463944591563695,0.32670561770062556,-0.5912860730697844,-0.04904260165907148
0.22428088163613438,0.012727643853710419,-0.7348543499841637,0.05093163420329949,0.11417321714864995,-0.7029938643396504,-0.0736990245619469,0.043925860556172806,0.4032817649406542,-0.5695589756114923,-0.05018072719330539,0.4031868466656836,0.24363960033477078,0.3766435120081348,0.7567943608835979,0.24543240673504851,-0.09164491988616111,0.6397456798206782,0.12923655251754682,-0.1681182879819702,-0.497748755807119,-0.2778043473290896,0.577903767247535,-0.1006934840856714,-0.4376163923394936,-0.3817102375323726,0.5667133927686431,0.34553625619312245,-0.9416116952273871,0.2928639735429595,-0.2240017985915192,0.6628738639847109,-0.8037985727077561,-0.23975404315080598,0.42160334593324233,-0.7231797320405068,-0.09229262773798069,-0.21691280142087876,-0.17336241635012434,-0.17298874168551143,-0.5124351618971961,0.9030064973567417,0.1917232454304298,-0.6948975701102968,-0.22094023647061414,-1.1147487146976987,0.031844795742230286,0.3873859368648387,0.07398983433799085,0.2746825370379677,0.445765554712283,-0.141468431107509,-0.0829813592804828,-0.3146774369919125,-0.23831757216610833,0.1538174165411469,-0.6813629208746491,0.3379908771853779,0.21200198663942973,-0.6970090307282968,-0.355259175224614,-0.24909898028355706,0.17518910955367714,0.13472736272279087,-0.05862667732495625,0.19355790395103092,-0.027960865664412592,0.05774009441262419,-0.2931511998739407,-0.1225546837410895,-0.02617639541473064,0.38164574022894787
-0.33415359836225195,0.4204303864621999,-0.3774931092061555,-0.2965544673735459,0.38706492809196774,-0.2535188923401887,-0.24135098662334736,0.13090092270227402,0.21748937452514533,-0.5012070850101287,-0.3545519739944848,0.5816977022608933,0.637708538312079,0.28605737049938584,0.26544422803874973,-0.6147446191953129,0.2585603460791298,-0.20582615452699857,0.18174005587195802,-0.7356316714556391,-0.5180555960430411,0.3767238400443183,0.10500720813470432,0.07058048331454249,-0.24470826729200343,-0.36484202475771066,-0.49432696067106635,0.30489656223553463,0.5009477864134483,-0.4837769429003743,0.1389379235861766,-0.008727976361448161,0.08989713315208886,-0.20847188410418654,-0.13922295623547146,0.8245602278914756,-0.122267070834645,0.6026402629725446,0.2294990202372539,0.6707734003561512,-0.2846360545196138,-0.14336071206981865,-0.5861741604994167,0.022049932249911895,0.2795695545854574,0.018760698121311082,0.27903419810888486,-0.2502229088477545,0.4252283338528068,-0.19677766774847313,-0.2868928868739069,0.21798270412956136,0.7120998476687345,-0.009042435766758937,-0.19742680326549483,0.500006180971099,0.3649843476543023,-0.2998827886007431,0.4306890060661238,-0.01263875112717862,0.005258078196065805,0.4940431601755186,0.935180175209916,0.17244797794332106,0.506386375070642,0.4028596689032646,-0.20106951535005788,0.48093001679926806,0.1774856103457878,0.19926435205909612,0.40212345046987746,0.06167579564810175
-0.5418184751654332,-0.17406188992431143,-0.574522873796432,-0.3283212806990571,0.30658275663076046,0.3808177184302132,-0.3325639432119804,0.1597781789986565,0.3086284517150664,-0.35192980334055757,-0.14605587278881518,-0.24391157343069764,0.5511530208401559,0.49060348247344615,-0.023700845284871777,0.01738519364074797,0.13600340647507078,0.006258433115505848,0.4558001059772973,-0.546533071927993,0.12821674143972908,0.22568735499769302,0.2910676673568789,-0.4455260479122788,-0.47446480328520707,-0.6732374409329202,0.07753408190671869,0.7349683499564338,0.207335678621827,0.379042449705623,-0.058364215349573735,-0.2140446838035602,-0.7232813576965033,-0.6996559326864665,0.14556034277233482,-0.4829224822819082,-1.0217257352567812,-0.06718761168687834,0.19515920797355424,-0.2524591396617915,-0.029899315520807546,0.252375021774366,0.3416957808188974,-0.35760483294958834,-0.6927566153847713,-0.002328698723239053,-0.7920179523595957,0.26207776066309835,-0.4254740777994749,0.04184357452519253,-0.18609427705337872,-0.013868287743694545,-0.0967159538996765,-0.45268311815446116,-0.08190247023499646,0.4020212750927047,0.019721397911239835,0.8986289550764885,-0.22202342152490398,-0.2694211287856191,0.604701396058714,-0.007967306363879269,-0.037394217562554614,-0.06644155985728549,-0.04968846413354629,0.6299659961027723,0.4992626024125283,0.842741206976062,-0.15414858301657652,0.16207209256375005,-0.04285258680352276,0.3166874148846494
0.28098603865967536,0.6635639044758415,0.45542905588151555,1.3498435157612734,-0.11277412232652,0.7895862579002397,-0.6348405665481839,0.8527614854881653,0.3656184058734846,-0.3192476243320881,-0.6779643184763136,-0.7023478391128462,-0.14397505185611806,0.3028812580568443,-0.5429132387483794,0.8472027504447233,-0.9476259619341725,-0.5335182759039432,-0.10485489007507763,-0.22529529270377632,1.062656587445349,-0.7030470074668569,0.06866113601615739,0.4087833974616772,0.6110630189819591,0.04482597071108938,-0.3575324643350729,-0.4059305456843836,-0.037367991528137676,1.0527006129025016,-1.441375997301781,0.2247707685415542,0.2596925279044441,-0.014491377317663168,-0.5002502389431737,-0.3287765604932854,-0.15624543962874124,-0.6203746375608631,-0.9315519911530018,-0.044063011252511566,0.10228423846859071,-0.14373349319255901,0.14778425458627037,-0.4610076688524718,-0.3388927617776374,0.08041976013645961,0.07980064126721076,-0.3040609657286883,-0.09037312073904727,-0.01549244123892861,0.5834859493249663,0.6174375704339147,-0.5978845341957062,-0.7690483998790686,0.3761801288389306,-0.7594047978451107,0.22967147616701625,-0.00483145043737479,-0.7113586947645747,-0.2513082541612571,0.8583916047586501,-0.5229699104990251,0.08869063618532715,-0.9338871793740441,0.10156453358086445,0.5670532311267056,-0.6206722569488938,0.5417247027560463,-0.7586972366699779,0.31825101280109597,-0.24664842949095644,-0.37789442424270386
0.4596189031417964,0.3227549301382877,-0.11949294067467156,0.8005314047579687,0.9057260665759588,0.28714261407256175,0.2517471731540619,0.23201700836714204,-0.21081677933873588,-0.00463034002929751,-0.1707112821857387,-0.41119195359539157,0.10649032461948033,0.9909663446055363,-0.2908326709148987,0.3084217327915519,-0.23541014166899682,-0.26628124715011264,-0.10280710691775799,-0.3938639224515413,0.5074315678709851,0.4806017588743426,-0.33418195210327134,0.1149812946940058,0.6910646527837401,0.15501009359471676,-0.1269940304676549,0.2608782930528401,0.14798102821311201,0.1948926362840331,-0.7528257314191259,-0.40832334532869347,-0.12198552018252645,-0.5666466701959725,-0.16963168052897684,-0.9210507842757447,-0.03511477567816622,-0.4082416091041147,-0.4551355032541189,-0.11501891780450903,-0.13062041420347895,0.15238305633824262,-0.3303263898891932,-0.24262082419365985,-1.1499669459849629,-0.6395861097470482,-0.3812359540953147,0.40660083817860654,-0.497153924669378,0.22097144609342978,0.20718798129515928,0.5254015006653369,0.4712827281744518,-0.7007417785359318,0.42271651203062294,-0.16564749461289358,-0.18237695284124084,0.40759009378126954,-0.39430961070406045,-0.051733305577708964,0.08978757286129241,0.4452210094314529,0.22859256444777348,-0.4260010304209587,0.08340473516337406,0.21247002927880793,-0.0695842694114752,0.6630872546611805,-0.535958421065612,0.18509295463253903,0.5477370961660135,0.20672513280412724
0.3542309329592486,-0.3337339734261025,0.621130780688521,-0.8595103267561092,-0.7334718856192642,0.9785764770445013,-0.24079372508895402,-0.21495449035192316,-0.27743391151734864,0.24659450222924273,0.24687554089412816,0.7443561707951838,0.4891639212507013,-0.4563588338070601,-0.29602593683210926,-0.22043874838272895,-0.09549567447112618,0.3088400321300132,-0.14145111154955275,-0.08591922304076627,-0.05367238626491638,-0.410357543612653,-0.14360385831013114,-1.3706975694521137,-0.5108731482283823,0.1253642774963536,-0.3144316764457506,-0.1524232770411998,-0.5011644743624448,-0.46303270644587435,-0.18828117438467123,0.11788675440219376,0.4613716164437945,0.01684992599301596,0.3740215668472756,0.06758030106295648,-0.2318551369544538,-0.5321795185506141,-0.4529304293829261,0.5755176060710571,-0.46062337262474184,-0.11333351499901646,0.9887745622437228,0.5402247608885679,0.15453199535220227,0.45673439234121105,0.19632111544460976,-0.9303947619919227,0.1315165807501134,-0.28509676103512327,0.42444497202364573,-0.45368554011613893,0.4747207402348595,0.565083289564167,0.13329005684929118,0.6327360245723396,-0.25805348061733563,0.7949730386742364,0.2520914439988535,1.006351546557258,-0.4130446397885094,-0.8064279684878192,-0.972047562563659,0.7795667762578476,-0.15351459544535886,-0.04910508913124427,0.8232439387537809,-1.1527826461759743,0.5218964527071881,0.4068482353792503,-0.553526005016534,0.20654891250516103
-0.4992427479688174,-0.23703736557611355,0.37312764467797993,-0.7723755107158293,0.4364555413655593,0.7751819362780821,0.47001868491519533,-0.3836628314426926,-0.18364394016272567,0.18557991997845244,-0.12203634295258416,-0.1414431883378609,0.10284938796018255,0.8294992947725256,0.2534578757427288,0.16771779754546964,-0.02295640380243254,0.1748227361204866,-0.8637932537046524,-0.6999173288960469,-0.15145984851772185,-0.4098524741324945,0.19184275305310525,-1.0259028847681801,-0.23685819054188742,0.9603464741602175,0.6044414667527589,0.34467448098656567,-0.7222425779339169,0.08751136664686827,-0.017681421742957715,0.8367278431954575,-0.011331021430667613,0.26429719594834533,0.3156598209415389,-0.22908799498494242,0.1635378016519374,0.2997074144263952,-0.17602068212370173,-0.544989320246006,-0.1211945217854993,0.646440014026392,0.25458508775196625,0.19441978292133757,0.24437648502305395,-0.21773015191690268,-0.372569314467751,0.4250761326018565,-0.10332047036663573,0.10774550365751766,-0.21163781102555107,0.1881600463125875,-0.32905172421814133,0.1163034013494985,0.6541633723407931,-0.21652377734268444,-0.1961402965425326,0.5395654262497875,0.4908384953609197,0.5716803691726696,0.0005226770225038073,-0.5175841276974219,-0.22894169618028545,0.7804907164840433,0.061799320901172336,-0.4056896913076349,0.1496195796240235,-0.1477387877104266,-0.38444990384622285,0.25942567745485406,0.048810616637247284,0.3815650826503381
0.158584129766895,-0.3237514682761825,0.32640671805916543,-0.3997282937443389,-0.7727236302487677,0.3910975662338695,-0.30392740263821716,0.06318055819884884,0.053648048446764594,0.18146082366523986,0.6462565793020348,0.6633742649121327,-0.3184690910529096,0.07260391691936906,-0.3242405183862343,0.46947738801017874,1.1872030012121928,0.12884703996202634,0.3162292504587382,0.017367297556456437,-0.5180659840826435,-0.32259091381416616,0.03267368866972752,0.2511064903618615,0.011776033059363495,-0.19979309799273626,0.12607779747035958,0.3762629391070993,0.1842766109392944,-0.3972943305840816,0.07840181190613249,-0.138274360670771,-0.14951703835754465,0.059905363620493264,0.42897596256655923,0.0861213075313719,-0.07337684207011276,-0.07921631065324346,0.7926548859236678,0.2753539909972905,-0.27173591148140824,-0.7524674116417526,-0.13516529244767947,0.28546214921283913,0.24566958963709448,0.30509272077102456,-0.29010046316874905,-0.19936945711012644,-0.19450181880849032,-0.6569114096680474,-0.18058048831469659,-0.7394201404387758,0.05433303662524692,0.5897713862264742,0.03740654010910313,0.15706780281337254,0.7469066037442659,0.24545301261537256,-0.20327894349919987,-0.1749479527212545,0.262322361768021,0.10497923442165381,-0.5223345827091912,0.697237619674202,-0.7542428180154744,0.02232039820353059,0.8678807844572324,-0.6775110507015603,-0.33997745055395145,-0.06107733926625698,-0.4216165828252693,-0.4323245907268409
0.06623906049930355,0.3535301927990011,0.6037313081561391,0.3427646418662049,-0.1582742265991536,-0.31954906920283066,0.24241777119720012,-0.35678827507598293,-0.45675854693952117,-0.4740479237101328,0.30251106018979473,0.22682301162986607,0.6355521284794169,0.21906267739551893,0.014243458837546635,-0.5151727554320173,-0.06003341932995927,0.48497904326145913,-0.19606653978259297,0.08460844178038043,-0.1944337615305661,-0.5737447261658776,-0.6463506966517633,-0.6895175422994192,-0.4734502029589641,0.046553985294608684,-0.5812839274660277,-0.16246878714776664,-0.5438902607406363,-0.1536561821629074,-0.3744417745912479,0.6438372462486038,-0.33997875844782616,-0.04730654757504559,-0.05800225513322397,0.2502697573800968,-0.16754132323447393,0.24384287750554234,-0.2869202446304505,0.2917442500949971,0.2222785778634767,-0.06762132629154556,0.5107012805817053,-0.26357001679505726,0.21164648457687635,0.00975784147566325,0.335812075498267,-0.4143607324150698,0.052161446400238246,0.19980644468130088,0.9886347212454527,-0.0832017885496443,0.16752120210173624,0.7206934917936911,0.37550311772823847,0.5264942967236249,0.3293581059147799,0.4311084893761666,-1.0866173390125433,-0.0144464836815491,-0.4752968550831081,0.06277773998304609,0.2646185114775302,0.21485788397006633,-0.567909081431674,0.4990370084139651,-0.04716245133447422,0.017976235020704317,0.12177887617051904,0.7588406187437671,0.06669629423258894,-0.3240826715615209
-0.2195418670874035,0.07772657601304937,-0.20171938903075007,0.2487101155914416,0.6762803102908229,0.03811604648871057,-0.09555707994424245,-0.8350809539211546,-0.5529942155461314,-0.042019153138237925,0.0916213791088352,0.6352850203767818,-0.4321581991002923,-0.09205855347245298,-0.1244608183282297,-0.7919427014107983,-0.4877735013879088,0.5067154275800807,0.06222027925051636,0.17966246179022535,0.017212591949109825,0.17121098779189606,0.8147206979583983,-0.45296311735058736,-0.2396222418955716,-0.06351940619715378,-0.047110284400717656,-0.2935419896878848,-0.04514616256684778,0.2631690850141955,0.4899577401286949,0.009643645464142656,-0.5922794577949229,0.2758250506975913,0.6175529019546845,0.23537809988216538,-0.08693242092955306,0.3900739011317358,-0.2746709054193647,-0.11050104391690437,0.1262718898703332,0.7983307593868519,-0.2768787105661803,-0.11269032857198286,-0.35670359196698165,0.35653829808706566,0.6408786801097152,0.9075290372921486,0.17342154296662018,0.07898662099123754,0.14037557612705515,-0.33771961140892254,-0.12594878033323612,0.35042090566772116,0.060958653920273866,-0.1756473294629753,-0.3156181206499725,0.40205494740285774,0.15508981409509454,-0.3961282729792353,-0.5013919326090294,0.3567822745171296,0.49254799133457655,0.11682745248629257,0.7255297835514519,-0.11539461939769229,0.44797956516478826,0.10855307917614924,0.4973251385535418,-0.10968179762353421,0.2931757922747031,0.6574843066248369
-0.019512343189796316,0.2647218413624153,-0.13503995111157893,-0.20960857069839262,0.33117346755968935,-0.5656657218941039,-0.023132840905746552,-0.18239020334878403,0.6644129995047819,-0.0843301842657529,-0.13927687204097908,0.30197442321333584,0.45882795411399246,-0.1486268454847933,0.42707512791825875,-0.23909965196395705,0.28259977760221705,0.2759562461770533,0.3066612147531893,-0.6093303234648363,-0.6411597508989799,-0.04556374919199731,0.6495935387988537,0.2256060837155958,-0.5865864082686383,-0.9546266768168613,-0.6121348110535048,-0.0699400907825645,-0.3757374408479782,-0.574694883666292,0.5755180018955659,-0.6596728206075236,-0.1886418359011144,-0.26246773024384823,0.24859696271404078,0.9541490478398894,-0.003814139147195072,0.6660081579579039,0.2657172460145101,0.8881139063239419,-0.4962486150606432,-0.11435416869871108,-0.027407559978363052,0.023238903192556636,0.1954805734970562,-0.23438292100290575,0.10642849028923235,-0.5560531650167988,-0.150745566275261,-0.2617861631930176,-0.3131471272618101,0.002482323024187055,0.6654952461246069,0.7210007611779937,-0.6429770872225471,0.3912712500701274,-0.3386860994044303,0.3095123857416905,0.22072882850437606,0.6441789127008309,-0.34750442041654245,-0.28785304325207034,-0.3029825608066643,0.42750959108246184,-0.009231636680745793,0.25263142899939484,0.45675799631152036,-0.0545039152066009,0.5280239411965292,-0.6909553366534095,0.29584223057065473,-0.12108366244160805
0.3458921393283812,-0.8992616559828823,0.13360102655078473,-0.2944370169679459,0.6413270650395763,0.7559519662482678,0.10314372249798023,0.2548391911661192,0.11614896305301482,0.42983317087948686,0.8526244743474143,0.29785806242528856,0.23115480373056796,0.07977965610685747,-0.09971500353765274,-0.10902605221835455,1.0979639218746438,-0.2562535327432175,0.45831739061541393,-0.03868211289820073,-0.5361728334017729,0.3564772843098833,0.061493170531069,0.41084212661702385,-0.20563567145727873,-0.10213842565360219,0.21771273851220868,0.007562436992605202,0.5644771604985225,-1.0398865164923645,0.21579559014357627,-0.4788371342977373,0.4331611422990426,0.18839190160788954,-0.28079471086962493,0.09815467200865467,-0.03968304185167767,-0.6325956060999194,-0.002583458436393003,1.0799340805541606,0.799907080948919,-0.279663438121247,-0.2833858508541775,0.7494615119486044,0.2177328712377813,0.04018639215621213,0.688253671914743,0.19276037724163778,0.24697251432399223,0.032004370549794665,-0.5289380779930273,0.23540694196202425,0.6983658103729791,0.778024730164844,0.21878336161166115,0.48785362904701457,0.10320997630348533,0.2956409577827671,0.6719634056037121,0.7885431917551798,-0.19626644008188743,-0.1818936941925097,0.35366746614612143,0.46265496711662474,0.48615565716678333,-0.2552465472474355,-0.042983976537825555,0.41904084856606827,1.1727860847241764,-0.5538472979758945,0.19833036697376918,-0.0750602086887146
0.189062861364551,-0.2912117801762238,-0.9873143810499285,0.2666789212206401,-0.062032859518318606,-0.4605913663782427,-0.13864069528105996,0.0634079036768511,0.022841381650551513,-0.08170102834335977,0.06444976814369005,0.4301152226077517,-0.30769295990405165,0.02512923453345117,0.11416822052431919,0.282474884514012,0.8712502841670255,0.08041133040231382,0.7613440867286095,-0.6781243784539337,-0.2973510768110914,-0.21977591036185956,0.4981743155743095,0.5366148407718885,-0.06112284617509962,-0.5745564792137464,0.6478917952778683,0.25820008685919066,0.29822101068721735,-0.1025724939274748,-0.25849898164358215,-0.08241667199044102,-0.6985256935488198,0.1378201324646036,0.2938359320816916,-0.6418949168067382,0.2410161999384001,-0.05808340439707583,0.48570396949019345,-0.4331276642425247,0.13236726571545476,-0.5607264283377483,-0.7241249264549545,-0.3796082473153221,0.5681049696909338,0.0840607101074321,-0.09043267858292021,-0.29485189994712574,0.16208432679709414,-0.18569941120799136,-0.24958049209129546,-0.24124710954477768,-0.3061041654946054,0.313343485185759,-0.4666335991716544,0.45524971250635854,0.20135736914652558,0.008901482849212033,0.06665710236101056,-0.2984955336599135,0.605325523672769,0.3217396526871835,0.5008456061595593,-0.05071847360496893,-0.1977756877940931,0.4035460933554809,0.3282115469356398,0.503789454667346,0.11055027653890681,-0.3873772355625719,-0.6777031542394538,0.01862772487858463
0.7681556778703952,-0.4170258626078512,0.14629705022288295,0.28932337832916377,-0.5074502417846426,0.2540680880361998,-0.48856176251360434,0.7226060152232753,0.31738621114172094,0.5643741737281155,-0.0930005614901598,0.2755895560241443,0.7718050728163743,0.6525393004966361,-0.16170422369531565,0.7163165275774347,0.46851091026439173,-0.16591805098588366,0.5803306494797293,-0.791394216431152,0.6877914209967277,-0.29582910712384913,-0.275097276654232,0.5556999281046392,0.26531303128504274,-0.4757135202105766,-0.28524006991190387,-0.5853639210336348,-0.007124437551850087,-0.7670415908270062,-1.028216440454393,0.08959728495208404,0.4368795173556559,-0.012721137507622158,-0.7613699620208257,-0.2391752435772152,0.36043796031003467,-0.4836487767886945,-0.16425888887138743,0.8039777174735605,-0.004338441596809938,-0.5895508879979846,0.15182512671900275,-0.2256513228084875,-0.27920604741578825,-0.49127201263664905,0.35537137211709785,-0.939074526390229,-0.18243939240095014,-0.5898171132357608,0.050307087357368566,0.5228587752307217,0.7306787175849244,-0.2536531696497902,0.3139614458896894,0.18613929045165198,0.13775414040901499,-0.018535421059548977,0.17118692107007052,0.9376841670498551,0.6438251663879151,-0.49248323546800327,-1.1039441479361793,-0.24774255118801147,-0.8789887101106634,0.8484508909979074,0.2079704880288251,0.6022159405323859,-0.3843599697343528,-0.14973057122154543,0.3489089093148315,-0.8192826134270422
-0.33852210975148256,-0.5911890186748443,0.2504025821243904,0.5656645774260404,-0.24199743809329435,-0.5152451319763495,-0.2731719988687422,-0.1878781584429624,-0.38161488882043304,0.4232256459624605,0.6186212227510899,0.26382186584266526,-0.26114032274222293,0.22881563226663937,0.6370709509168113,0.5032426331010204,0.007829702639734025,-0.007864807467655775,-0.37383558786544596,0.3903721437148927,0.03163128886375932,-0.29005717764607086,-0.035312626581096525,0.01670910222900146,-0.0753307078537595,0.7215877604904775,0.26046805507014975,0.14785200983735117,0.06130233950883079,-0.24046373200946872,0.04285232322419532,0.8160436111493976,0.10319083545039151,0.05042461977664659,0.3955503415626173,0.07998200303627226,0.06088216213282795,-0.009413000391123758,-0.26914431328573374,0.1796083243096072,0.3125774000000422,-0.5710701971258104,0.13587883707813786,-0.3760799017639091,0.18730118137178198,-0.053352206491517236,1.0202184675625523,0.05201983683839353,0.45446532676290124,0.046126356013716056,0.10127922670190606,-0.31333584540097387,-0.19918929150799047,0.3197577632229478,0.09625337314299509,0.4161356294481755,-0.0006614808687715883,-0.45847209934314886,-0.05670652225920153,-0.63027533435683,-0.3940359035763049,0.314831967736327,-0.06134604700245871,0.09618036961621382,0.07315157217584208,-0.5814888092641767,-0.3817317056170123,-0.27801247460509065,-0.17563868688419834,0.4566056702825239,0.24896800359798982,-0.48330879737579524
-0.3403212512106256,1.0663869917979685,0.03239795229296347,0.26594770000378987,0.13032721264900565,-0.2042453949895285,-0.08017821334594295,0.06231037355408355,0.1787353441411583,-1.2185090085492785,-0.4732678267650021,-0.43679608537222153,0.4904608901198899,0.18968797479365856,0.6032535938563354,-0.0010396453079069745,0.4761443069685067,0.3333786555539697,-0.6612265646309579,-0.6616118980162125,-0.271982556189374,-0.3073626772833199,-0.03594008016259612,-0.11880487677688813,-1.1341251182833636,-0.39837020787437555,0.16277243989677603,1.0205937108348906,-0.4947761242795162,0.313569335221728,-0.1054218438366857,0.3979291883299206,-0.664228212131768,-0.05108175818953753,-0.17615777819715095,0.6312788825797553,0.10088599497417329,-0.24280475528405765,0.35417801790769493,0.06283774614770658,-0.2942162529195386,0.556899019100182,0.28651299974068284,-0.5886436909854017,0.5554568151600418,-0.4000124360180971,-0.1643699829781919,0.20611584153334284,-0.20244208380962797,0.7795017071672552,0.10447202167940725,0.17053086365066042,0.2772138164088862,-0.1007408049079985,0.7232303420907055,0.05758440181172987,0.11554123716323017,0.8647021864587631,-0.5466727240819361,0.1665273645926174,0.33540481832114727,-0.017635684154678533,0.2119170543572385,0.031940465215226976,0.1691324446196217,0.45775750682840066,-0.353019442704598,0.7464026799958993,-0.2691743688695669,0.43756816504025,0.5209229468802714,-0.025180638463846286
-0.23806547640646725,0.06018786982817831,-0.06973865531026187,0.6797163536311573,0.8987559787847376,-0.4227503383913291,-0.19841396037593995,-0.33914723568789673,-0.06944836768031769,0.3270147409937962,0.25083121917633205,0.21153623601509372,0.0045728260545904184,0.7678689501663262,0.5845415581273341,-0.13148485811644012,-0.10630325358071109,0.5400870224287077,0.050064522727156946,-0.07150673899908018,0.5923244099189279,0.339492804705426,0.36772435718958985,0.21219954764640608,-0.16794073286097308,-0.05271403505179006,0.4216965920004173,0.41561702374676407,0.020143414415379434,-0.6232414411959536,-0.5285054321873447,0.24245106655301304,-0.013770643804448007,-0.48736248844752655,0.8520736276047957,-0.20275963372888586,0.3481154368988542,0.22418316634327032,-0.6049038898196077,0.16156797895051386,-0.1480717533999623,0.06576114587999715,-0.01583417315015914,-1.1956448895146476,-0.3464441480025665,-1.2074708125224318,0.31375554024082564,0.4013266433578579,-0.47012557444228426,0.3678532823998347,0.21089181906466226,0.5128368595487074,0.2551346161630514,-0.3358556289939385,0.7067669625693381,0.1859948112531713,0.04532021160738962,0.06212610512866837,0.10821068846639614,0.2907397807194429,-0.4187556387173572,0.24292798976617813,0.13116832977817444,-0.790340526619833,-0.24760457621321244,-0.19031818848925605,-0.06680315149816246,0.5961436227425849,-0.4056407997016265,0.6569490734601925,-0.04127067123184082,0.32628506821576253
0.08459099792973528,-0.5382668748998879,0.5092357355445327,0.20755931225633384,0.9461189110281149,0.7131415925439133,-0.6390257358039302,0.19104156693430474,-0.29630395513450747,0.2543474678243656,0.3324595631970001,0.042559693170874414,-0.19761736025001164,-0.09159315568653095,-0.09898296254314555,0.42625920251277905,0.7761796438595882,-0.518039304942492,0.4846415671992883,0.49468147562021597,0.4537640802473615,0.1750339687976237,0.49166335317239945,0.32488872126764273,0.678345015778134,0.22504903081940517,0.419115215757318,0.07215713525899464,0.4444294668124507,0.25064254467166613,0.7667827176645187,-0.3391521798854834,0.11561923249443519,-0.03657281830167359,0.10842407719516306,-0.16030421847675136,-0.7993929105359101,0.023078281410132805,0.7072534018485205,-0.18805936838197135,0.4365945479466836,-0.45213891585151134,-0.7132698760897699,0.11786123748286098,-0.2562492913463348,0.24046615673445046,-0.45289056133459893,0.47362801269553856,-0.2241924961806673,-1.0079056781972724,-0.42301552074919774,-0.37894609438804633,0.042748761651077744,-0.15144580738060648,-0.20737123858766973,-0.13686844408487936,-0.2278737686300595,0.02334008724993981,-0.061792105658149514,-0.3816328050600235,0.5451649928132495,0.29488835501813565,-0.5316259077266723,0.39331066077686744,0.09622574195621576,-0.2633745360982687,0.45353610788360116,-0.034404306878658135,-0.023363427385346323,-0.21367450345791564,0.16368244047088198,-0.3156215052342748
-0.2874334153215483,0.04059132800421892,-0.04894849065844727,-0.10282517530791792,-0.39331494100484127,-0.10526441945363976,-0.5535172265696892,-0.47082173650288783,-0.6965084539316512,0.3185566391762634,0.25595061850089296,0.5581704693405344,-0.1898854067704622,0.30217117830386747,0.27844481705645446,-0.10219485998358402,0.21112630711757174,0.2121272083008444,0.13827438436704415,0.19383162186431882,0.5250307344454276,0.0050006894141231,0.6306859474324422,-0.023098961590506614,-0.30132740656903234,0.2574697286867182,0.14568023025758906,0.28565459715352143,0.008748493666894045,0.03294930855379956,0.27042575014524783,0.410331736054214,0.28423780620143163,-0.07457381153356803,1.0887259493843624,0.4373207818777428,-0.5715492752297866,0.48068594339582715,-0.08016516792398379,-0.07362104447708395,-0.31512334737128767,-0.06030935519369395,-0.06641765936526034,-0.13576281527562892,0.3435427098740274,-0.36866158318478764,0.542922248680727,-0.016984001268132196,0.45694734481976995,0.07140670646041496,0.16174102518754774,-0.6126680678408865,-0.1734583673426875,-0.0093686748569212,0.6540838917252093,-0.22687789100401018,-0.20518811048829758,0.02832393834302373,0.1580421154542677,-0.3020698624020395,-1.2459954594852423,0.0546610693839815,0.08715991033739756,-0.300777910843512,0.27301227722426435,-0.7347378148945192,0.5045987657747005,-0.34413840966687964,-0.2469523823594701,0.4792828142730068,-0.5771505100205371,0.20006214088838942
0.07846641357692447,-0.39719958520016,0.906035178080227,0.2739159507225863,-0.3212925755050562,0.36331498719905425,0.12171172451248369,-0.196282231054668,-0.5887776606167323,0.3228467591452431,0.2108095759379507,0.4396784218726596,-0.12939345403083266,0.24688409872456327,0.1159110833563872,0.25624334957584954,-0.08682223115102802,0.7307365358477937,-0.5170489266230645,0.028869260848866873,0.6613774685152468,-0.1541039709562685,-0.49923316405760854,0.03671833306463664,0.09339800667551568,1.1126145303498365,0.3375942081132597,-0.414722711708883,0.2834546762722895,-0.8375317747255053,-0.39917058990509946,0.7722036134232886,0.6075751064660888,0.25321858220629684,0.7029562703991349,0.403577062720939,0.5930174974276673,-0.18851553363770537,-1.0220486178764538,0.14310524060086655,-0.24391540934388137,0.18241085130500276,0.40373325860596265,-0.6686150922419133,-0.5051198242983639,-0.19933421385599492,0.9153731332084665,0.5173589019767105,0.28618294868393224,0.20963345097775427,0.8472646695095646,0.05432671481316716,0.33955452148584403,-0.22217878932882962,1.0433940968562248,0.2500599539332697,0.0024965246722023753,-0.5479450727559764,-0.11621124002376657,-0.16661178969414145,-0.29740892256200163,0.5340892658333681,-0.44915478834130507,-0.10722411153027837,-0.36990049166113875,-0.36854324933608656,0.31624178177403023,-0.6953199138731417,-0.49491930492189534,0.9363323824771823,0.4650429814217237,-0.3366673041399299
0.04249185279473877,-0.03764851104381897,0.4616819304008133,0.0662082268625041,-0.55817154369103,0.19672131129490597,-0.5678887163776928,0.32953881332747254,-0.10257965631128205,0.40951063332145626,0.43936658672688067,-0.07544103816855181,0.0017977438548934565,0.08910108742545521,0.08098920941653039,0.02779859659811002,0.0505985273928617,0.5150624572113519,-0.273721574802518,-0.2896737117434051,0.06157052508207537,-0.4242216263206632,0.29277653584915736,0.414726393970352,0.06933402197025602,0.03645239766513468,0.07546492330378021,0.10339097443222725,-0.6870740008299584,-0.15047468789783783,-0.08474878297948736,0.48932508941950864,0.004539875739297161,0.5729205592800041,0.6802789158605433,-0.39630565002595447,-0.4653075446789628,-0.003569377753869917,0.009221226955529717,-0.3310280037892586,0.21955602732988047,-0.05789177327277366,0.13828847532840702,-0.1161044504293436,0.23057540622356582,-0.0739278603775538,0.3142422594834134,-0.4721492553342329,0.5132157234069228,-0.05504704947156839,-0.046233114778579165,-0.1642254378314133,-0.22014970412880033,0.42430088474503547,-0.41854136891507665,0.5814513252194006,-0.5908857163070321,0.2332987017674534,0.5200068448826846,0.09824397364909494,0.8570711844434536,-0.4126805394405242,-0.6073351073803465,0.6439166578547424,-0.06436596431257173,-0.33554185016776444,0.3339941770070901,-0.1725561857506688,0.31436926762005407,-0.04639030241095356,0.11635869548290471,-0.4894634169260833
0.8038481776765215,-0.2796041557106538,0.3133925410888146,0.4737463789416677,-0.13051086736226786,0.026919332577389713,-0.5207451880875883,0.8175331171212485,0.08454825678948609,-0.12648564762404815,-0.1432510167270938,-0.29957431255861805,0.868954556716559,-0.6665073647453371,0.2626207198192529,0.5910337907983643,0.022472403958980522,-0.26521637459935676,-0.4736978834126392,0.25041227278118544,0.9550430430193829,-0.47850743437613397,-0.2296263689160973,0.5581341926615668,0.047052388733999466,0.3824265706793844,0.43214090315901277,-0.0852912895115456,-0.4261126247121107,-0.3075348052357585,-0.35046874880472345,0.1517496356722081,0.7950958909684763,0.28653952098760754,-0.9266480298504188,-0.611237872425358,-0.025389034702153642,-1.25748830092389,-0.46862650564168623,-0.3165713148411038,0.42491102972730427,-0.17830945271866858,-0.09521946623030803,-0.4838086965333211,-0.4036214040582497,-0.3971834211826744,-0.19731693165553935,0.060110036812857065,-0.07370737663077083,0.13784731887315188,0.08978046423468668,0.24761023624192,0.3624998113846009,-0.2074120797067936,0.012742062349043475,0.327572121360868,-1.1804197608406624,-0.24396893488726715,-0.2097792781019656,-0.07093935309724236,0.6898049541649508,-0.4899067434070525,-0.488482734530741,0.04321992035239504,-0.5793325955087139,0.2688349266514245,-0.8243448026854402,0.5612853735946846,0.11862831887167359,-0.03161079923773075,0.3200676322316142,-0.7242386584023393
0.27944243423504106,-0.7363016427691863,0.5286327530393591,0.7942997893801778,-0.002138111850306051,0.3181768665953908,-0.04584902305158901,-0.4472871268049605,-0.011940753738948914,0.23510625510973718,0.6801200661313037,0.706560675462062,-0.44001332507380997,0.38702565806919836,-0.2415544532827113,-0.1389463814878612,-0.2717342838728056,0.46328438619502676,0.28644045292677206,0.606963259084059,0.5111613938089264,-0.4096650087695302,0.3938238708178855,-0.399774009262552,0.25648030289197515,0.6876895456274265,0.3017509948913485,-0.5820120921919906,0.6825454010083126,0.007035386273809948,-0.283835449817882,0.7363326404702367,0.12090742416342026,0.17326234606256613,0.10846024626199789,-0.28241376744142527,-0.050326912314189,0.07147351812721858,-0.9112126796811053,0.4267853488013073,0.4816809753463156,0.5150625505391164,0.3818235624094211,-0.36969200706262173,0.013868360285051212,-0.3016061782542668,1.0795881017257165,0.7488794489278536,0.16090127803147006,-0.19138053627400983,0.7300381346413182,0.10340220982825823,-0.3700443466782729,-0.11630149677557781,0.8320485883933059,0.1156355131845992,0.21132654117165542,-0.053862310945270934,-0.23184488183333316,-0.30657906867999674,-0.7000691201936384,-0.2846131161930945,-0.16792851155469246,0.13603929337749646,-0.11929599464752746,-0.14891561331315903,0.0667486277826951,0.27238918656136696,0.12905126454676158,0.27896757273415934,0.12441005910831489,0.3884369875954238
0.5953842855123781,0.02560901516302799,0.1249670816908286,-0.03485850348163332,-0.4674553495375791,0.251883499171009,0.11191616328553596,-0.45106476146319346,-0.661586825028346,0.25610996515068896,0.05717100513669597,0.09634713781698548,0.3554008523457887,-0.03253029920314909,-0.061777175026640034,-0.579592784696029,-0.2968326921096745,0.18077035865861318,-0.1052060091317458,0.3456577168291981,0.27725933347625914,0.47036833881634577,-0.5078897489622103,0.01889245027059249,0.08981740096891062,0.14834520945773189,-0.4619182880403765,-0.003981024329523026,-0.2332425476054721,-0.7889549431423112,-0.0009062917345827289,0.3776321164654076,0.3706115582058184,0.28633176490460327,0.16736473744711744,0.5006824386973484,-0.11037020113928024,-0.0718610499832583,-0.5838741919894896,0.33747963035951895,-0.1342965565420761,0.2316675209753277,0.11941392233121986,0.04717950585935057,-0.3422983841070383,-0.26428757081906257,0.48537332742226036,0.23661526976579483,0.721243283195392,0.2892181573774513,0.5697292049676668,-0.031012226764304162,0.7360284046062154,0.1979343626473145,0.12854712178316358,0.4636467976204361,-0.09216405008161915,-0.17802425603887095,0.7034844230500197,0.026139937434109375,-0.48245122078350017,0.3504478982581158,-0.07976365601108841,0.22401657163289793,-0.04601619423482936,-0.23272783672463443,0.07307255615888648,-0.7506282659936924,-0.05599845092515935,0.48688709556999843,0.003505881892208253,0.12696569191132584
-1.3071206495059315,0.6941675548446504,-0.3844351063877771,0.012820293559553442,0.5423044833273634,-0.5720208603638002,-0.6535933893557472,-0.18339110444938742,-0.7925790677975653,-1.0123159159171677,-0.29214698256134025,-0.1263468446489234,0.3032723154112933,0.17688570497301873,0.8410490507381183,-0.5008903308391823,1.2033083536442681,-0.2497293219396549,0.0680027227069518,-0.3869081768694456,-0.014855318516775169,0.03221327627169262,0.36670277021768033,-0.05565586122515298,-0.6301208603849761,-1.0488612411253235,0.24765961795833344,1.2087778685516408,0.6350818098579769,0.03166513671988961,0.2813935941056286,-0.43646499676409756,-0.7897350140237374,-0.3386719206007597,0.29502353433992745,0.37707432291031595,-0.8230007994730466,0.5363780347746734,0.8175880785386023,-0.15856800450735287,0.20830404848003603,-0.41099515998126707,0.16235598835123502,-0.42667336180877324,0.4327868823949075,0.45197619707200126,0.2367530529909639,-0.588955837574875,0.0958094290101469,-0.0681629134860082,-0.9113220842311345,-0.3263413326862203,-0.5247406449806618,-0.055488830395013705,-0.5429709821344518,-0.013594865323442297,0.1899902334362277,0.5581314634928698,-0.2971111540653102,-0.6249106833231616,-0.787038014556135,0.10160904587170849,0.6416719890932606,0.13240290504006055,0.8233374027851903,-0.2087174432358028,-0.02256360137674099,0.7537021806062645,-0.07509462096768207,0.5147539249153388,0.16803510481624354,0.0678505701583275
-0.5384861236508574,-0.11252382399498947,-0.07688043600286117,-0.3223081828086307,0.25099402151816597,-0.13116182661462467,0.7042227850665517,-0.6332062524927313,-0.10379481340472896,0.10149575888846256,-0.01685416622489964,0.03436353358552314,-0.6128626637689293,0.19593018505600926,0.24096231216508202,0.09661902058166513,-0.3730801845696315,0.238444339945715,-0.27814332564957184,-0.43919038081071865,-0.7325185532992649,0.21648894917646927,0.21290651952171769,-0.2104733898937006,-0.40742451997401297,0.4167263189286397,-0.3999541084055303,-0.04812729553932669,0.2446024203189689,0.10509425207200204,0.23050115028695464,0.2790855763343771,-0.2389702729581857,0.011174121359852395,0.525922371428047,0.5173519509009936,0.027746187022391237,0.7173594703205739,-0.1094344145301937,0.07264993788727593,-0.25891909676373986,0.43429906654915035,-0.27216439705857853,0.06664629834241101,0.3714370270258679,0.05266100422211552,0.305211154275338,0.17210781404911898,0.10091882096806362,0.2652337547962893,-0.49034789088348163,0.11770671007285158,-0.3288590230539794,-0.32274181336266644,0.06101983732432057,-0.16485999151047348,0.6615778997494357,-0.640508872186594,0.20066717247949314,-0.08434475972507942,-0.15324419751111223,0.46460477873828787,1.0565342576535366,0.11605744348871148,1.0425996984699646,-0.685775483030127,-0.4306019793997583,0.1969158592398823,-0.2959150372834821,0.0933418635647014,-0.004082967328816385,0.3243903850864364
-0.4537769708285221,0.5584487304471871,-0.25172288781269614,0.15387408014992005,0.4775903869953342,0.6700424511766372,-0.8656998771631609,0.2733745514869019,-0.42068536011946733,-0.6294854090871547,-0.4424818020320664,-0.2544628198361464,0.41439220388694054,-0.12302627887033048,-0.0323461142007226,-0.32365934977622524,0.43547529538089497,0.10967426961846642,-0.046980485888380524,0.5287803829085155,0.7247566767802767,-0.028533276502591468,0.4195111394759695,-0.5109456964311206,-0.2119261047957443,-0.7802169310518641,0.2937372765740211,0.6341994316067429,0.16153796213355634,0.284684522133489,0.24946295147037656,-0.7344439080903592,-0.3886008693511387,-0.3866092518449412,0.09577640432797987,-0.1681183197298688,-1.6853286903962421,0.014624752362401638,0.567107221222997,-0.2239312077180657,0.6864240500717775,-0.22490889712055387,0.13605860776524825,0.2351786892141821,0.40426395167448637,0.5872908317353994,-0.7219352048183744,-0.20704904513324365,-0.22444943151726374,-0.07700265081630824,-0.6099100774520514,-0.6585717499412003,-0.3104105970181516,0.1961322282352131,-0.3161118391218153,-0.27851699660019197,0.07616233087584519,0.7786839359675906,-0.6364277614393798,-0.5940300483621431,0.07758218032111203,-0.2115346923849835,0.46561864371818795,-0.08098377750870946,0.47050985799863265,0.4332599600748057,0.5635223429503183,0.4225687122584562,0.008060040352396741,0.7349716848519225,-0.17866005479226427,-0.06884638511493714
0.2523086316210232,0.24331172170818127,0.5460921354743544,0.710467897951947,-0.03859828233282276,0.31163488297571246,-0.206011705173444,0.5440612384109176,-0.36683986931453105,-0.5135270075643985,-0.4734347553900039,0.4797146463380186,-0.012781287074820619,-0.22885821026564596,-0.003326134295307345,0.7886158162990785,0.6653272100033683,-0.4204880309942384,-0.15646166303294506,0.14389447677744804,0.620328569798618,-0.21514792702257704,-0.5053567177287955,0.44618929084756603,0.2923947025135977,0.294873286731373,-0.11326342580299271,0.03169854140501175,0.5715140232908821,0.06596568262978177,-0.2275969277922662,-0.08287506249424861,0.41857462828164216,-0.5060348142634855,-0.07289621705559615,0.5298046081842318,-0.40275293895795244,-0.4794876632318533,0.15191254157919248,0.07752164737469111,0.23258035135392632,-0.14400021938116098,-0.11961718660598614,-0.49927331417307347,-0.3175853011360697,0.3881575848674448,0.0736674542587143,0.38779509219897645,-0.36288032665543696,-0.13810492815055547,-0.4907538402613926,-0.26772674492359044,0.28615833536628155,-0.5692208404873749,0.35890377924657496,0.036069501696840804,0.11825189068260676,0.10505272882905056,-0.5083503917975543,-0.30774919818864255,-0.04436506848914512,0.32310478858910974,0.1666518785166104,-0.2751345178500319,-0.4624094535051414,0.28804857922231203,0.3402873107741677,0.23366928974607226,-0.38137983101505735,0.47404432639574556,0.04078718466683678,-0.10558164046948296
0.5334356034516251,0.27521107541090334,-0.22963259313297255,0.36072483140532535,0.4541181820720224,0.24929244322769611,-0.6787394371950314,0.5712993106624038,0.6063344285963075,0.41860132017784263,-0.06902513161859666,-0.2930667226455653,0.11427016111342067,0.035292195601255974,-0.31276517507388046,-0.007729554333150425,-0.16846077773185203,0.5234092391387678,0.3619661621485572,0.639877427906603,0.5191560342979707,0.3444039255272782,0.5005364351335102,-0.13715793063223927,0.5512790981788525,-0.5825077149412453,0.344362121287769,0.021106331507666377,-0.30939046279081595,0.2971003859016844,-0.03569420742539306,-0.6854923105506132,0.08751474566138522,-0.197902309824617,0.8896885359319937,-0.5862303920353302,-0.34469660162621407,-0.28167469854209265,0.15172501225979615,-0.024880406461031082,-0.24143031141947974,-0.3720540182813203,0.7569177053623724,-0.09069218763378287,0.2768995867552748,-0.23868119098950127,-0.7897399158730767,-0.46599414553641655,0.05041818053230058,-0.020998207800701215,0.056969277267870946,-0.1822632275372579,-0.10506628707333766,0.33566112187703506,-0.46124618324544175,0.2904309454244989,-0.06509652670832955,0.4523313750112246,0.1007353471014894,-0.26008452441828717,0.2036072991548795,-0.5131539189546366,-0.6097721842239805,-0.2758837056265161,0.08293776651535988,0.06079566397287497,0.646238356449148,0.4144231279370615,0.038935968514671036,0.16991964530488016,-0.7714089331064993,-0.19796792027834906
-0.3471751024437515,0.16813791402805178,-0.09945503943467546,-0.12309829793922104,0.21374334525359817,-0.2568269101407092,-0.125456613322256,0.5494883920732669,-0.17085882983657316,0.09243380716410636,-0.3471817737704237,0.2038006302585222,0.2986841928930659,0.568697515705925,0.10145018478312746,0.4839968429997122,1.0233477851276638,-0.9004626970212841,0.05738396608118594,-0.3123349967329146,-0.12280903677309882,0.041308649744990746,-0.49623107309375597,-0.22004233217681252,-0.1883963667281124,0.006511101723070949,0.24982829596959377,1.0205170529258285,0.7451220165186863,-0.09614827965652105,-1.2731101909334883,0.4153659386372881,-0.38211394735306653,-0.09747233897009648,-0.0915032506432542,-0.3675549336449248,0.5334648113886622,-1.1607522403971564,0.3559185767783697,0.0941307909831822,-0.2266460858221655,-0.22598445133363423,0.05307112265483494,-0.4549188362963961,-0.6461325042144047,-0.07357065266397673,-0.4428093277472511,-0.03372802493652281,0.19914995657685555,0.3674600270012005,0.1662857616220582,0.4627855977619645,0.6201321104531421,0.044089136778811974,0.9215333529562184,0.3873863488337143,0.8957210643739725,0.8678555460022455,-0.4945322673135743,0.3122206193976344,-0.1361348747016366,0.2965082808594736,0.1938385648030667,0.32135302023023593,-0.11991705877618909,0.6656434668740329,-0.5006320800849743,0.5225335751890012,-0.28143638138363125,0.3614031385844857,-0.08156179678568193,0.2913382418054096
0.043613206034020656,0.3020310153871254,0.7372086040645293,0.18745025940080054,-0.2928710056631214,-0.06253771495327197,0.5365921262224433,-0.8276574055447022,-1.1206485331589207,0.2302802162368794,0.03240377812855476,0.36953324957261485,-0.45539321081672335,0.5288545842962814,-0.3257337328641674,-0.3116719417779511,0.885197199467668,0.08430495982331913,0.4774427548825817,-0.49989558538781875,-0.14970267580954202,-0.05734260796196635,-0.8510101784918536,-0.7518901444635522,-0.15628194834245743,-0.07322177253847706,-0.2216223929604426,-0.05326837529060434,0.11756329630323946,-0.26381879882248876,-0.4269865006182518,-0.3276647852366985,-0.2691571412230496,-0.06435273723229691,0.1523352905374001,0.6062328855291952,0.8989823500374848,-0.45738864272401447,-0.03060857877540192,0.4461803346740958,-0.20083445835660266,-0.29273452974800324,0.5529583768629242,0.13886784194942942,0.3162491039872541,0.2542694699500238,0.5141627788050795,-0.6253622464131402,-0.007839922671933076,0.08342321299100523,-0.21343393377408984,-0.17368476939491176,0.6092032235840232,0.6199277391265248,0.3532266204592673,0.5069422987999,0.7533870034830663,0.39688854278959423,-0.09272495964407042,1.01063762486145,-1.494828881628259,0.9538216045092475,-0.7921344364134288,-0.3978282729695519,-0.5729630137499934,-0.2766463242968092,0.4831379985133998,-0.24926151923029902,0.12727131732824862,0.23447701831569953,0.0594702893286382,-0.055405044622758526
0.053906533417684546,-0.4675194853612187,0.052526379552760356,0.5268904260664529,0.4437031056056184,0.06325896727196118,0.05801370868004913,-0.02909226994676805,9.457819401242104E-05,-0.015993848088292045,-0.09764680366982836,0.19226960410572266,-0.3119422819761469,0.46457573354312454,5.0325796928820695E-05,0.36003995042262205,-0.07065988308910057,-0.18755429543411448,0.07829035265796999,0.6135055092795547,0.5544971360007762,0.40388409685530485,0.37149118712964013,0.36702759905607435,0.15561953558490116,0.24348751160851867,0.6042990911365868,-0.7299798283005758,0.38788155255214185,0.3831658860914097,0.4417998768696112,-0.5848289675567592,0.06681969522661527,-0.3144435053487511,0.16311977052322746,-0.1537328690399736,-0.03302818335045164,0.5024090285414657,-0.1642967517176846,-0.1768357664717231,0.7024327104944986,-0.33091436873931424,-0.9628433225698065,-0.054705967483589704,-0.5749176067652066,0.10316336220198301,-0.11419125484784046,0.6625133761923809,-0.28874140526591546,-0.38381449005297724,0.06415140631217083,0.297859022545078,-0.010540926228285896,-1.013479758334113,0.3804264059451474,-0.17446971492230082,0.0667922587600448,-0.5474998441621398,-0.1593657483759577,-0.3557376170567613,0.2883198552624329,0.4650787702998329,0.2116843655324433,-0.6630263222070754,0.008146857989462854,-0.6342017456135225,0.11724390429440797,0.6331300238327523,-0.4131415824883997,0.33621552550589207,-0.5255400223256531,0.36249249188596894
-0.06466371754482131,-0.7260514932313171,-0.41250157944790206,-0.41687737122974217,-1.0058279416874496,-0.03039704637319688,0.01680847553524751,0.27514626292919786,-0.04947145371100168,0.8203937428365286,0.07081340058833302,0.6920191250586926,0.25767076899092767,0.46998456601193567,-0.06670373536483655,0.7834745409725973,0.6950475080462033,-1.0073548325726311,0.35650252430254165,-0.49460143382312216,-0.19110815954028548,-0.022465816300560156,-0.20793432865012393,0.4121015034687523,0.23870029384538613,0.11316433340841997,-0.25069541655919536,0.11596754788007423,0.08939453476328652,-0.15250221966759459,-0.5322472684116959,0.2738678894832938,-0.08552804901028897,0.02136817459630006,-0.08228905992118458,-0.12398793047765044,0.30073078999070224,-0.2097694716323409,0.07830720629529263,0.2314814729564183,-0.3627301133841578,-1.4292521679798706,-0.6538356580814527,-0.19650368228967882,0.3667090107931022,0.46966460620113043,0.5207434924513619,-0.7464938687666104,0.7933526137263722,-0.22278193461872525,0.09651011691744661,-0.04408207779782505,0.42508471380714413,-0.022522714824386673,0.3301044412666063,0.28080349771943003,0.6871573534645541,-0.4958603068728107,0.0746808823698174,-0.011605414591060398,-0.10505182613805102,0.34682000259742934,-0.6235457461930933,-0.4574875368774558,-0.15357122798945483,0.1262715228498697,-0.14212786685978443,-0.2030567487216808,-0.19566931816507824,0.27639066240341587,-0.5103424349826281,-0.27056637193919186
0.2860397910567001,-0.5125406958658615,0.22367872845111472,0.18213431026662094,0.4345296246647103,0.0192659760980993,0.444177521472348,-0.32923029684532235,-0.29141519177452146,0.9847343545135759,-0.23218850852254605,0.5090413364273066,-0.944360539623201,0.11078599118128787,-0.28587015138130806,0.36505404698864635,-0.4883008019878157,0.10485871048693611,0.2026997174042668,0.5325296875240683,0.04514136024272489,-0.14805095452945516,0.562055398138928,0.14169994423323665,0.5662159024018507,0.38101913964520867,0.26360652838176696,-0.9254705610373656,0.24730453690278084,-0.023107026444323164,0.11029985478530861,0.02082960000137655,0.824406314466578,0.28418868332031194,0.8169457294899344,-0.18531302713006467,0.04789429714750748,0.4119726654296222,-0.660564074398495,0.013467245677235853,0.43238082984125065,0.10410464474690433,-0.13658283285294456,0.30347798541222076,-0.02492841184851547,-0.4038789627863992,0.32428224149252355,0.20676481469790414,0.21101072250419972,-0.480359470709473,-0.17218982360210577,0.07542374716763224,-0.06333889282237072,-0.04198309630717188,-0.3707176987390489,-0.38816941403879884,-0.4380007837504798,-0.7004007044452369,0.7637280670813023,-0.45769903631983044,-0.22195779188587844,0.021664639657727032,0.005485342374555659,-0.07965917309823589,0.2140278040759288,-0.7723984811488896,0.05574428095513493,-0.27410276956245816,0.022599980757182867,-0.6572026723476838,-0.2665507901020561,-0.17705330080461107
0.3252389466925564,-0.6968303376151678,-0.19621359349121,-0.17966677236810608,-0.6209210998087393,-0.0505912057167868,0.32348692122709555,-0.1398365249501759,-0.3304662457600616,0.09302973254909952,1.0886693276462736,0.45400569606217067,0.9161588212375066,0.30608065516770894,0.4000452667793882,-0.517799879048762,0.3350831009229714,0.38224941137716095,-0.048498839959941635,-0.16218214287859,-0.2772874100666677,0.6095664925329096,-0.2711467972223243,0.7853992987705803,-0.608523196562446,0.1201045035318849,0.3310231415432197,-0.32428880794782466,-0.5209945183576016,-1.1745838551895122,0.5304446362168334,0.10325188686587669,-0.07172636286837226,0.6754871575451049,0.2185292228111674,0.261758549315975,0.601394446340372,-0.15904505838391902,-0.524472001007406,0.38072894787006717,0.23960264380636467,-0.49242253799238983,-0.7565871785671638,-0.20169851006237022,-0.13971143572455405,-0.7816019361099481,0.6373652134715635,0.1637982417907808,0.8739189036214116,0.4842433347708452,1.029450776290204,0.21874490623863396,1.1375150522000361,0.9144144147764686,0.540912598970236,1.2095480778752634,-0.40669914988794675,-0.41395817227622234,0.5883992575415835,-0.014957890627623625,-0.7968190778416516,0.6584172406023765,0.15516569945074632,0.4119514539533774,-0.1405877016287217,-0.6248300534453275,0.0673945237531135,-0.4359118453039092,0.6784853786082028,0.10035113082905496,0.4765943726063208,-0.0021835680442715212
0.15109413367246,0.6374750232288651,-0.3334408815782159,0.35066563127079897,0.7090718154698031,0.02411812454740115,-0.6101197591351728,0.5501941757293926,0.729180958148516,-0.42547508603836,-0.7884949266852235,-0.2984084757189055,0.9430835922346181,0.33134681896216966,0.0065293534884995515,0.4550866414673231,0.08139109593153687,0.023214505911326504,-0.08129985578117725,-0.7201613086029927,0.2494010868685212,-0.11170758921382304,0.5921241829207775,-0.20130484811007435,-0.12123576041905519,-0.8928749806577339,-0.21547376862581147,0.07962720796243185,0.20217585037901692,0.13267747491179455,-0.8142687580327003,0.23478011933377285,0.013091364718736485,0.05189629391900555,-0.4519134427710918,0.09967961102430528,-0.20852756790913488,-0.18786194221959177,-0.15563312736259324,0.5872560458703809,-0.21646890391062987,-0.23207463726686356,0.17999774540447216,-0.053894500609646595,0.08706580774790444,-0.6193821451423369,-0.0982403732609909,-0.2540399899039265,0.1068916260271576,0.14331572813994672,0.13704614637866627,0.30517843513340853,0.22158135715878993,-0.07598253884886265,0.28542988501065186,0.06440163571237449,0.07635524315771053,0.9570476064727524,-0.3776610343224395,-0.11598569468558458,0.014881931130775785,-0.7356195157274091,0.44824444373974126,-0.21379246699625887,0.32212618950434196,0.9026321328245275,-0.3677207455597309,0.7947639562112591,0.17042949731766519,-0.08803781597904406,0.6801245644030518,-0.3963840208072841
-0.010008603861340974,-0.16285333746900474,-0.032515400811684546,-0.380464761498684,0.13376938442931482,0.9523111675471558,-0.1976191970067388,-0.1574306250708443,-0.5106950677873583,-0.43122561753508026,0.028659673547762908,0.02660813800135406,0.14751477193842508,0.3284867403724654,-0.4719265242527128,0.2690594968827835,0.9072866178956864,-0.26042566130591754,0.23849451962984947,-0.02718456193235735,0.12726691955522196,-0.2998407837214097,-0.5161265527778416,-0.019311650687542703,0.2052909409486047,-0.0810407668651841,-0.10822371140877214,-0.0335240269465381,0.16632823709586575,0.029348746291823682,0.20641471464261374,-0.058863303034138934,-0.4147979246477959,0.3186089086731792,-0.36496714858738777,0.497252556406763,-0.130457829943975,-0.3972828856842018,0.28933401816202436,0.05454968321496586,0.1699770731105116,-0.27683161271889545,-0.23307626274470059,0.1812458487362854,-0.3847546760349775,0.5925138247096111,0.24120088743101123,-0.17403770717924602,-0.39035648354151803,-0.3487850663877143,-0.27750623587075496,-0.75934632697349,0.11124019780383551,-0.1486464928032146,0.2571677953557128,-0.22915501698820628,0.12428164923865731,1.066151515012882,-0.38616202841873437,0.3664067959085874,-0.24607840289036734,0.14053973636447548,0.2354905235356377,0.39905107307238114,-0.23249377018636974,0.36030358550208297,0.6505578756840795,0.012024300081263806,0.21358691296190171,0.6265146320680257,0.49078526143725865,0.22182920442686482
0.22498699162115757,0.00265918300667162,0.12547701750657694,0.6668024351559193,0.37391080760496476,0.25438756101078774,-0.28036678078092286,0.19635719645468716,0.48776914578099817,0.4368203664148549,-0.24149949271578758,0.07486719933917839,-0.6201896364671021,0.23629940663327742,0.0024359020490458943,-0.0027683188366069336,-0.6149118864962353,0.2211196595757923,0.10154828794799843,0.050183348600651885,0.19352666457214776,-0.5474216960057952,0.689781422462938,0.23430103032662775,0.540941702398365,-0.44160258590515,-0.5933781602123017,-0.5141441599062504,0.026535307918418096,-0.3147356069204312,0.09222050556189483,-0.06571669901263996,0.506682291796786,0.08540028158694778,0.2979086938979601,0.07252605843447228,0.05597577744194236,0.650511581940044,-0.22332420387332882,0.5191419940780286,-0.16770285712040656,-0.027583019938826295,0.04495581843372301,0.3687799561171959,-0.10417935141116669,-0.560227457568915,0.4493399888042716,-0.564801238322709,0.07052946726098179,-0.3439090541874886,-0.15055925196757705,0.5942354110389274,-0.40051633627367056,0.453570141203081,-0.49053008118433555,-0.6774515329929394,-0.43245420313666044,-0.4564645302749771,0.6721479850355153,0.6177611940269802,0.7255828976337122,-0.5339666159016566,-0.2075775041128807,0.4311644417037199,0.35775358403723023,0.056166460969552,0.19540688691588673,0.19824568769945733,0.3296842201191851,-0.48103789544370923,0.6229750776664172,-0.8510299775066315
0.9381825014870885,0.3414524175221703,0.8935967290038546,1.0717507078053863,0.33014912904004556,0.47016449335790667,-0.31095376472438996,0.44309007435022535,0.37122278607463166,-0.029001986960077712,-0.3429741406670252,0.5026408006357017,0.2973760981673172,0.03128981211060027,-0.37490442618997555,0.5978095620186653,0.3308649777968395,0.6865817024163259,0.023783273262858586,-0.3539389725648386,-0.2140785015604859,-0.42297970134824325,-0.17673707086505103,0.23416606699603185,0.6905554078125802,-0.5033637542018385,-0.317070022026605,-0.5132424570468009,0.09241706924064617,-0.013842758462238612,-0.7442207260629885,-0.47079076926742247,0.21172701448307668,-0.025046472056237716,-0.4751355342102293,0.1662259214221494,0.4091932019819795,-0.02418921020685723,-0.14184344687662934,0.6760437073177427,-0.16542481370516196,-0.21682996102934807,0.030614173303291636,0.2326876823528145,0.23421750906833114,-0.2932173177461476,0.5175104149264556,-0.2897127942261288,-0.14691187420537202,-0.3722062453247504,0.3639637723190455,-0.14424137236465207,0.5736609802008973,0.13924377043929073,0.12390908643213996,0.08603651951295962,0.4536162360672745,0.26272839293201966,-0.2235017182425043,0.8722561360169031,0.3230137423946491,-0.06415504383314881,-0.21218007553495025,-0.3490952743492482,-0.4878770885385464,0.9607430028098114,0.49129808420041476,0.015115674278095704,-0.08361762173085019,0.0609705714526976,0.6907486736688906,-0.4790426161272966
-0.07660760503923199,-0.48120561260725037,-0.05552319674475792,-0.31115566266119465,0.35441417205905873,-0.03227500380255091,-0.10071938929466523,-0.41225403657973847,-0.6469632031607853,0.5201180242133828,0.5646324589523564,0.5635363839198825,0.09840341030283624,0.48501562146580607,0.5875667609982023,-0.8688233392766439,0.1456939317218175,0.27913922296175037,0.01796181448899112,0.8225750683683434,0.2218991744738346,0.9226749796522972,0.4808846627456563,0.01966895755460223,-0.45737050537606805,0.1497673384387284,0.23552049428657937,0.37202369780894307,0.5052752532425167,-0.7811147481513004,0.5474503865638354,0.41161673954561967,-0.09452915486274499,0.04563583584537977,0.9534005739799557,0.6255061354923976,0.23879328435997313,0.3286080110441882,-0.6522914118323357,0.04377211725381069,-0.12029148562615467,-0.1894636184483221,-0.6223892879136458,-0.3966325036822625,-0.07094977483205163,-0.45890577767293816,0.38320844664060194,0.8089475645493067,0.864002050941346,0.3862779230916922,0.6153098525868529,0.12108249720831298,0.48103307130275746,0.3994101160813717,0.7606958474495548,0.4666882757251245,-0.14009431066452596,-0.212267799015326,0.4150922843442766,-0.2902442594518453,-0.7231709045476749,0.6220289072438777,0.7357507800289637,0.00196794393036425,0.9477964276490238,-0.7538948736167533,-0.0844566101195354,0.07474302190348565,0.782839691064502,0.18035437901287765,0.33276236159755945,0.03396280933689594
-0.5300219576751954,0.35289295755638067,-0.7513469078080809,-0.4249378184576573,-0.17248655067944071,-0.28242137714409304,0.09268983414713294,-0.5271430241927704,0.037692161686954925,-0.6849218925671926,-0.05681582147449066,-0.5412541979423612,0.09047532432545623,0.2487356663507821,-0.27414404911028517,-0.49210762055122437,-0.004292879623889683,0.12558543024214647,-0.3286135603979546,-0.2982991667463839,-0.1357852031986684,-0.07345353940738357,-0.02827017910970174,-0.5869364504742828,-0.9577567402032019,-0.04741426933620898,0.2217123433292751,0.613369397726942,0.14189311579807273,0.34083308787875555,-0.3595123175110988,0.19809007339978968,-1.0646104603796953,-0.08579119969319715,-0.1613915013743599,0.07536169563342285,0.16357210984015644,-0.5171937525430942,-0.056062448650794544,-0.44979282083985045,-0.3437463756352207,0.26363877427143334,0.37695218938517455,0.21433982328553322,0.42488642317077113,-0.159912182637726,-0.3340099416953237,0.16652978855359568,-0.3262314363258221,0.14193132980705325,-0.400530807415417,-0.29393739513464956,-0.6227891345697517,0.23605720097968133,0.3674343834196674,0.4017511584722534,0.2333509635461599,0.5929850451032777,-0.41571051219364147,-0.5028215494829165,-0.07422845687288164,-0.15777635356827993,0.3408523770645117,-0.029415730200035847,0.01468350655341006,0.12181229369758885,-0.526826246297185,0.3336954830105705,-0.17345083476445053,0.06703095676195782,0.1626245051110174,0.14685648364893553
-0.40523589420740425,0.7060018580483081,0.5224495923785565,-0.07589464566026491,0.36317593025868994,0.0030971393171954848,-0.24782412371428747,0.26735388343215255,-0.3058373242960812,0.4265634254912303,-1.0350120678747243,-0.29398936795905034,-0.3766249596657601,-0.00875993004266509,0.3280104433326683,0.2886324416704701,-0.409123270819458,-0.34206261599903315,-0.5808481985670534,-0.1818150113079749,0.1641721593076169,0.30971948276653677,0.20929762025212087,0.2297050197932243,0.10028860522054452,-0.11807807103565494,-0.26347685212533967,0.3927821375418109,-0.1532655256754629,0.5742666736677825,-0.6813735844416231,0.7935968064969336,0.23947587054561584,0.25141166019032807,0.643044874355414,0.047239315744942965,0.08385565326299482,0.4545830441938966,-0.022661930181230194,-0.25762436397253063,-0.5434914096481255,0.03552269295771102,-0.23537085720490197,-0.14759125796562922,-0.22469411797624148,-0.5193668687830588,-0.16236086743306682,-0.3065118588987416,0.5482819817225651,0.10675634829645167,0.17571393164919213,0.5532771018767423,0.15083913393415374,-0.08688258407863832,-0.2497937135512536,-0.30123171564079904,-0.09462672251041335,-0.029372654496966098,0.39289671537671356,0.5695898809012379,0.6013456572083526,0.18524672257068645,0.2610721575270664,0.24702951941579102,0.28285632349023654,-0.18485459709123794,0.03373657388300235,0.005187470091260808,-0.09495333074947043,0.21699483979156162,0.024598206122377567,-0.11593311714077302
0.15358856127228523,-0.028299821055825854,0.7706295962212868,0.18042868186594246,-0.5462377049788888,0.4298183727836253,-0.276833549432222,-0.3118547854926804,-0.9104036313286521,0.06025234357468991,0.05980718607504666,0.3979682218825826,-0.08662256527367879,0.2007140965014832,0.07412875024573934,0.4876152079281169,0.2823185954446915,-0.34365802119904837,-0.5202852932372074,0.5485222792456953,0.8444333073036848,-0.21407789577664296,-0.4751239217548954,-0.08709032947970129,-0.11574051776055207,0.6635476468925156,0.08911354800163918,-0.14194887920475502,0.4121097260951253,0.025221508135876976,-0.5124506882052138,0.20507134946124608,0.3092366515290821,0.20336355983875803,0.4065224435184728,-0.0952207610394705,-0.13600452826502288,-0.4358111604797841,-0.4223510124189006,0.004832443663696374,0.6705858498302543,-0.18692878350957515,-0.5636961387034156,0.06518958941472675,-0.6645353798496401,0.42323733443825273,0.4241274539280756,0.2942076942324876,0.1780419727805221,-0.20593119086570585,0.4150081166055945,-0.08002633992682336,0.20705099149084488,-0.3842345702246549,0.3590470821898555,0.273553327736268,0.302265090918504,0.10059666844518543,-0.24872505380590226,-0.6650945167425053,-0.11032838002470692,0.555001248729241,-0.42757265005243883,0.0946905873497135,-0.2827677651606505,-0.36313123692083615,0.20418725370110033,-0.32057770795069246,-0.007334075311099227,0.6707632414890407,-0.1528027815603447,-0.14436559154864623
0.39152919499916466,-0.040160491930754834,0.18231766158045068,0.6372608332317967,-0.34776035088011514,-0.22276210697407392,-0.09093696574609016,-0.10108610329821927,-0.8234645578459959,0.39579829769162794,0.32720978666254186,0.4804849383483312,0.019176553615842598,0.36807393837805225,0.5564354277457527,0.3881754138068279,1.1503812095228476,0.25931164510485993,0.38782351948867283,-0.34226358464556916,0.18592713080580592,0.03995666259355507,-0.3024721586076306,0.3759718879061364,-0.17226838347806608,-0.2634453056582487,0.768643811182984,0.4524001345716608,-0.33116200347468483,-0.0672297273075647,-0.3513698437116812,-0.26857150790723444,-0.2973151977564626,-0.2004181081826569,0.3443085968334057,0.025623233816481704,0.5486299841456688,-0.19064913855392246,0.19743655409146008,-0.20528112543967492,0.0017596836989558502,-0.36354842138762,-0.3276703974850984,-0.7168649634129793,0.761727674709542,-0.14100213551543048,0.28397754487519783,-0.2083297438272438,0.6591141684857181,0.5762701652724742,-0.0003456326148309583,-0.3925474031769426,0.3669955506696313,0.3595569949480005,0.18630298792016053,0.38672603392816884,0.14931550524813136,-0.07866192733748212,0.042318611462708454,0.1450496670816794,-0.6058915728528534,0.3382847190680789,-0.015107467338436738,-0.6067457960976856,-0.44094240566251275,-0.5005740412194981,0.4495237466824606,0.09614419817995312,-0.2715324442984934,0.5365053504532256,-0.6218113389540971,0.0750322449182354
0.717200851521075,-0.3927346475581794,-0.12542805699846435,0.41113497814962796,-0.19361774110102953,0.7129200662376204,-0.6503375043421393,-0.06361873655334647,-0.08461162449060687,0.37976065633615386,0.2545369600621231,1.0580264121849956,0.25533052658121247,0.4168203744922365,-0.0629801156064919,0.3088219046535607,0.41806480671320995,0.09923663276871414,0.496563875275383,-0.04784987085876364,0.3509587274285105,-0.06843704501111796,0.666594956185655,0.22821765881773348,0.3803540274474515,-0.2343043304449379,-0.14938278332506483,0.04416392468542588,0.3160685427464255,-0.562424812131893,-0.21611064434591085,-0.5057261624760401,0.2654261794249885,-0.07328830649598234,0.15404563337212004,-0.016253173063547774,-0.3519300564270635,-0.1035629812504125,-0.05586560341722471,0.6930344815211253,0.13690638306761468,-0.40751570200011494,-0.510138335770338,0.06104212662723284,-0.2204801148460393,0.20618737142740198,0.7507807086249957,-0.23822719076374077,0.373986611153778,-0.17282740280143327,0.8193405806922651,-0.2805864106610255,0.4620436010833655,0.013682062316803113,0.7391825374952513,0.23039005258811293,0.02229402652036425,0.6744054208614841,0.05432724074287343,0.11717983506760486,-0.7384919139977286,-0.2764090126249194,-0.10130613552443997,-0.3045745052102512,0.19348404667465263,0.0923508220636704,0.5925713874617027,0.10754972901601655,0.0024390214295058007,0.3589822183121283,-0.1925905333737,0.15155333187734057
-0.3089992558964741,-0.38922088209812483,0.6234045356994468,-0.8356773212217969,-0.27189516173200023,0.24195150366058651,0.5282528426881964,-0.3065003107908144,0.12181843646462581,0.20071870912692047,0.7170961585509986,-0.3698060313750493,-0.4462377953552932,-0.0977640900754493,-0.36573728740251793,-0.31833816199627607,0.008583828146608748,0.604526103380147,0.2511152962471586,0.17346781619642876,-0.03231974173418606,-0.818673637338357,-0.15015653716025248,-0.3975360999857116,0.47167468583384864,0.9847742587180817,0.08463905921079924,-0.015469093187270572,-0.25014877435031485,0.10251941066382875,0.6703332379674638,1.0018640511661805,-0.20934026367237216,0.5619795097426356,-0.26356332916948694,-0.2959978798371092,0.039188054448363124,0.28087848964956497,0.38823813418463854,-0.19117717095559641,-0.5278327399492448,0.8289849076835113,0.565821008997652,0.22910555192808285,0.330875824257954,-0.5367427764213887,0.24535089993084305,0.03048466981983118,-0.4833279450079156,0.17895555446199485,-0.08762290890003199,-0.3021153559207093,-0.9132639676200146,0.15187783386048453,0.11720265007930518,-0.4455300011485386,-0.7680670470952151,0.0493433545202619,0.7906620818554957,0.4464905143078149,-0.35527613237065775,-0.5050249111828086,-0.3450067313690554,1.2426418029532027,-0.5454506916394873,-0.03449547904406534,0.4829144793675779,-0.6113735305358514,0.07892433550088161,-0.4536224207165972,0.7198299669794604,-0.1810826270299048
-0.4433601694809054,0.29051239704696574,0.2014269301964769,-0.16986704938263902,-0.15869227139363642,-0.13569031613988283,-0.9827381990195988,0.09505731445337447,-0.5788466090889586,0.09826666039485167,-0.3064509012071428,-0.022975794685809646,-0.02774694370160583,0.2723659462913206,0.7639031958628221,0.3033189962022326,0.6221876972787971,-0.5275675223823207,-0.37725822944090043,-0.19808036346691635,0.49500992354451656,-0.4106692111943719,0.6498718211612823,0.4396798029783845,-0.1416275441781658,-0.23529479390689123,0.5227125714200529,0.2799777637217437,0.09037562860786752,-0.49329368181194727,-0.19237341099814786,0.01929223979320644,0.38296165488770256,0.41436505385865813,0.6542936871270093,0.26609656108968593,-0.5126199488852153,0.08438638214039162,-0.005040571530712513,-0.21510459169731208,-0.32223583412849405,-0.37765822874042254,-0.4034058360441782,0.15012782885221257,-0.2779036659216866,-0.16502502487640772,-0.03795003872939653,-0.4127249796655727,0.8024138682321448,-0.2409920940063529,-0.25055858110345625,0.1490101592865739,-0.17937333010345857,0.2512612703628759,-0.508584876530859,-0.04716020999989715,-0.2021047490230323,0.30871194221828335,0.7114572979845725,-0.19734544854624564,0.37580537910438827,-0.16298362890382986,-0.1826243405301283,0.23619609745143255,0.582286112823616,-0.36150840457985384,0.11342839251135191,-0.5793882677442945,0.025667521627668256,-0.1005140658569414,-0.356177586052873,-0.43655411756663176
-0.08259686644380929,-0.5294443758576278,-0.4587439482841145,-0.4838437466907761,0.6359314124783498,0.1574424484736406,0.0645060616068792,-0.2014247518807899,0.5433757796047918,0.4633799710241006,0.18631586311036227,0.3517816564840135,0.264911064320662,0.07222030645606595,0.40950021095465877,-0.14078149660929487,-0.4139653233635408,-0.3332355954690004,0.045094881500785465,0.0038745635556740013,-0.280273973219014,1.4441457137866645,0.6921442802086006,-0.32739336665134344,-0.11577813962854344,0.029786752811966945,-0.13677869552209412,0.6197822119027808,0.6749506807033437,-0.5817908054556968,-0.12196471879087845,0.31843962528405384,-0.05462996306308096,-0.8464918029874933,0.6950570036920323,0.19749256801851173,-0.06764876809357198,0.1837235054698558,-0.5543765960219531,0.8350364765307984,-0.3989297353639039,-0.27240626016161057,-0.25961545352690607,-0.3679553285448463,-0.4720873675620845,-0.44753053895683376,0.03574876802134476,0.7956631381847484,-0.09146325634617274,-0.08055754422179834,-0.008584048880956279,0.5443185220446136,1.2532757660332323,-0.1047859855564512,0.5199296919921415,0.29680023244123593,-0.2869105042190628,0.24093450857293705,0.2813688734812926,0.5203814072243642,-0.38813459157281816,0.2481163805790806,0.23461411811084706,0.003447956358936034,0.6741298167610168,0.28371769142600817,0.026310707827733273,0.0852485460248745,0.07310783007017607,-0.030709725600695025,0.15628610865031647,0.6348684371126895
0.2335804591247744,0.5316437192834271,-0.6567559894218811,0.9142253165417241,0.46312853731497117,-0.6132367633502028,0.33073091270437766,0.03530828526341321,0.6372952922283981,-0.38524748631761296,-0.3529881375580813,0.26466472629971294,0.49254263444892465,0.09935318679204413,0.037688729806458224,-0.24721788594120703,-0.49473863287638714,0.3364197049763324,0.20150602107337373,-0.48275895497801513,0.25733008150342335,1.1449833086425831,-0.042141401999496175,0.2070673177013513,-0.13769254466238526,-0.5171042381575137,-0.5550580195200905,-0.17958440715147234,1.0485777864947348,-0.6780827308671535,-0.5487779284408122,-0.4519525366525917,0.20981948767620945,-0.7942462405363108,0.03102671924524623,0.16007391360800655,-0.39314231766748614,-0.14209106016644218,-1.14328149770767,0.545970886111974,0.1465766170643284,-0.18890486689244748,-0.19874625212047486,-0.32983950026044406,-0.444971710697254,-0.6390723546726076,0.8242908059856071,0.7163261012531437,-0.1633219718900809,0.34346486916612273,0.533462727746926,0.9024135573614952,0.547222118119155,-0.9881788577669958,0.6677602789165192,0.1462363603759672,0.046426966471662334,0.24430998188442468,-0.37297034940030455,-0.262426802861839,-0.7909748792324109,0.6927002195678584,0.7089100575249262,-1.0993457181426023,0.9398388654214487,0.35209227165955376,-1.1344441467926603,0.9413303525424723,-0.08650746712194457,0.04780340840749277,0.25493772634019746,0.23038379775689977
0.31317255496819907,0.5670722462915041,0.35205823363665006,0.867209502962055,-0.1514038855840233,-0.2224978127566974,-0.0956709206917708,0.28002487403146403,0.229330859555036,-0.6876183311208038,-0.19681936993221524,0.38531858912783945,0.588247057149342,-0.5668608468294787,0.12156930935064982,0.7260022081925849,-0.36031418808588983,0.26052369754481675,-0.17898748904893286,0.3421184889275488,0.3840682626422717,-0.34718057332189955,0.10541083513159015,0.8237971119523069,0.06498879787143584,-0.2968376163156328,-0.0005421782502115794,-0.266256924580318,-0.8746997552209629,0.6085331934655546,-0.029855977905348476,0.14595354084401083,-0.18989050305673266,0.5093521482883921,-0.4532168355825271,0.7765947331330354,-0.07174334175362954,0.385539710149901,-0.023307513150924792,0.10217044563054004,0.13502827834511164,-0.3521329659162514,0.09655509365978328,-0.49415606088683495,-0.10598150365425349,0.09300715801647148,0.5399406591042166,-0.02354871904648677,0.15667642011124638,0.015389420403747094,0.4946780780096643,-0.5492471635282343,0.006316624901776451,-0.26778944575657043,0.19446287184937985,-0.79220860308339,-0.30291148375844834,-0.2768418319193977,-0.3862139014552957,-0.6117780423004743,-0.2437246446028835,-0.17393287862978174,0.15131004964461067,-0.6731324290328289,-0.3857330132231814,0.2750471540654328,0.29682496633412275,-0.28093667990508725,0.007680656062125313,0.383836163462263,0.09808404707394903,-0.09853380132065935
0.11188856437789026,-0.3623646044466243,-0.747431923991852,-0.30550765306478717,0.3057824098063606,-0.09861930637416957,0.2267934017784013,0.14919061217710752,-0.25949942685553906,-0.15421750078774948,0.43894798306551974,0.21515150483077855,-0.11322656002146057,0.40057132756011177,-0.22111958427319217,0.529256680113108,1.0904004353373216,-0.026229936348773953,0.4857201910785033,-0.8251709023946461,-0.2861014708492091,0.470495944935284,0.3789055709039008,0.47174893865763035,-0.08345522342404228,-0.5021529550257575,0.9715630348190587,-0.047881119104264916,-0.2087207967760783,0.23633480553807407,-0.059783934604584824,-1.026655093337322,-0.9728768014262423,0.016221570615853574,0.13606059362784126,-0.02195929948511277,0.16571292925268094,-0.45817825288376735,0.3334445728017104,-0.27472920471418266,0.03658024390450974,-0.7103618143863534,-0.17778511860263269,-0.011895581940824221,0.5477459338296234,0.20177531613261243,0.05033955443524268,-0.5971955948580295,0.5551631863765223,0.12909427883723623,-0.1963660415944251,-0.2855382487516055,0.004435665474778743,-0.10292052503690662,0.04857788298670229,-0.09500709068273716,0.0471274546399781,-0.18034031166923645,0.3453681128988036,-0.2791875494360186,0.09361843146602059,0.15463744032093135,0.12881584062978196,-0.8283880469275589,-0.34105922206020495,-0.3405568674923173,0.753964355576754,0.23997673596430338,0.0648896343212491,-0.032231038901253416,-0.8484531663508443,0.5559876960741664
0.04529479478086116,0.5856543805885777,0.6337508457035466,-0.13319521746528826,0.41845130600511576,0.7278776894223243,-0.41307582331618853,0.17143219171824559,0.05143010082477387,0.1549168015570511,0.09274878948953628,0.6497363219122976,0.31489976797172103,0.13699509230643206,-0.5563756907870355,0.6756154197078361,0.8168982098141812,0.5779697394587912,0.6174038705295617,-0.49346884660393064,0.3025832055475999,0.08323740888329649,0.43277696893844675,0.2507929406757801,0.662758619407666,-0.3419595011290958,-0.18060271926462454,-0.5332398641357227,0.0017795341609959027,-0.13973260689554165,0.265398702500003,-0.297732326274331,0.39181955822211084,0.3539900317230129,0.07378322760230782,1.08763583874913,0.146693551379394,0.3240178103170407,0.6060401245654312,0.5706750676969141,-0.2815549714597907,-1.069409374689934,-0.00038765303247371123,0.4920968345700429,0.29625092938953757,0.23379082972951057,0.07774857090056009,-0.5466577918076954,-0.012966709216721944,-0.7951252085869821,-0.2511725184580784,-0.49521221810186605,0.5368765579700416,0.12315863499516806,0.2156623078355597,-0.5764322919641186,0.23478029622074187,0.39191660097209324,0.6841554400039377,-0.010469461200849932,0.4652794472792486,0.26238156929998885,-1.0436215292930755,-0.2305517205662091,0.12184712621778021,-0.21867489915917385,0.8296907973615307,0.23081157217271375,0.23468484464363915,0.24301583067775118,0.3476710564614713,-0.30478047717143225
0.38671880768482747,-0.2952716676041556,-0.9106768926279437,-0.2910663962118796,-0.4719709150411104,-0.4552456823856735,0.43786550240671773,0.32886866182209884,-0.19497052972133916,0.12326234431611001,1.2128289927596472,-0.10624672622446997,-0.63508904610103,0.2569691971164093,-0.06760744719618188,0.20461063731541482,1.0457095378367824,0.5845385718717835,1.087986783086134,0.22570776845508067,0.026001616327101428,0.6676556908733854,0.22368290050495196,0.7372634688813576,-0.005507266909600254,-0.34249704142657017,1.1671169806361372,0.7082585899449286,-0.3087572116816169,-0.3021895651958022,0.39841161589507923,-0.024469378302086755,-0.8611909841770294,0.12966832074861362,-0.02940164888453941,-0.6340756076670508,0.48982553317769045,-0.6805956553462478,0.41267525903692526,-0.7765816305626283,-0.1762985648511199,-0.29463759051755534,-0.20706543756350546,-0.9658930495617779,0.8244018581803529,-0.8348638923310532,-0.0840935277846548,0.34190198983271397,0.47423270448342386,0.6123924847676038,-0.19678328485266264,-0.33437310553233607,-0.20454287999211024,0.04616778724526812,0.17735735222244917,0.07274367103293691,-0.28633583779014404,-0.3053190852566393,0.8758309759624406,-0.24377224314192036,-0.003998545969679865,0.2507036957916685,-0.37538902650678346,-0.9084162026932422,-0.5975624513751236,-0.9389756667802089,0.16576314061858427,0.7207533616772915,-0.11054814679309123,0.27458055604544784,-0.4560225878617941,0.6554956980922777
0.5001911259463542,-0.15854901892142453,-0.06514642386462147,0.05784632000926152,-0.9451845670311125,-0.2971361523121873,-0.08235262931017102,0.43358635531097256,-0.08788368146159198,0.3617466695774455,-0.2560632359046793,0.4232577045390167,-0.10846081324318646,-0.06346106373813674,0.15381876171182118,1.1590889974532468,0.41228919410666165,-0.7924830413150922,-0.023898082240564056,-0.353988284186701,0.26692956803624274,0.23128904392942518,-0.18927993134535,0.6107133526323234,0.33680346535275063,-0.18271485683845606,-0.41282004823811147,0.024612386110937103,0.10766579397451073,0.021100109618630847,-0.8032856157767782,-0.5077531835967245,0.2862628953590761,-0.19253481277428444,-0.2793124511244472,-0.3305644748633972,0.36988050770827124,-0.1387905590578135,0.18352568611602574,-0.2705231880699044,-0.2434781619853951,-0.9483012636101643,-0.5692606725626808,-0.08665270636453357,-0.5943599843593242,0.4029050432874574,0.1725262438454944,-0.6927650134616405,0.22580100864508293,-0.24231168090286415,0.3607838760275756,-0.009711853558962922,0.810058610883195,-0.6118711884343169,0.033754168464829155,0.3235331367726567,0.06702174584391662,-0.3436476601681153,-0.08686273672147676,0.22116928811255318,0.4036251204203736,0.46246303887841306,-0.4474702411907238,-0.008004101412030422,-0.3594070642838973,0.5412655949848898,0.3274144303220504,-0.09537144502867781,-0.6868669061709598,0.08619985215588355,-0.9020964743629328,0.28350541685538855
-0.24703008036932098,-0.7099316863712739,0.18458928783511713,-0.17686106413840816,0.1842430652529848,0.40296020015469824,-0.42881057652772775,-0.30512472087087755,-0.23259039637208573,0.751406040096756,0.26567621116200013,0.7831370851424193,-0.6993867097103919,0.5105276816438383,-0.05118840325249467,0.24500526040219123,0.024544574172411505,0.0880021076117689,0.36634088758453753,0.6718990758136798,0.41625682965221517,-0.7071070173543399,0.9116131340490121,0.17178285248510247,0.3664497642050157,0.07169370329695063,-0.01819277389768556,-0.22342681009354645,0.6417266051104805,-0.32394052234443343,0.15974989747948798,-0.2579796583027547,0.09193591332421468,0.44859319462092245,-0.038007112225899316,-0.19032360465680886,-0.28376452971414506,0.3520033590316538,-0.4008600411686056,0.2750883436394561,0.4774331682036356,-0.080312088787438,-0.8388873243546957,0.4137018649937536,-0.2548927632380958,-0.09264136907665466,0.8874958752816248,0.13371953207749357,0.062264703926488175,-0.5694347029081431,-0.22760600383280327,-0.17988635082670149,-0.37849162210618753,-0.1181822382891061,-0.031516452341855836,-0.506675113480265,0.15478109339942558,-0.2522733611142799,0.9170114097468858,-0.24487003723643214,-0.17025878555366836,-0.17087787985744335,-0.15808791092643049,0.5721009734730611,0.4786969936356098,-0.3101799880802644,0.19951471731702292,-0.3206720290684995,0.20251771090469828,-0.5726138645359896,-0.007478095582923552,-0.3422166098703844
0.17387341673604256,-0.3193604558421354,0.24391966950807395,-0.1598026513485687,0.10867218622226582,0.2782818334456,-0.09510498560573143,-0.004225142281742224,0.4933947790114701,0.3675638386657324,-0.05570811996870845,0.32679999995557496,-0.5911669092143014,-0.23110266848990593,0.0424755259250436,0.3870341101384847,0.2261284694400774,0.5447050504698346,0.03636970656574759,0.0551974506248038,-0.5325730740613005,-0.2457354218916651,0.23739233005477092,-0.12209758735982544,0.5133536249988138,0.48405983986463746,0.3238030788390972,-0.13033929841150876,0.1386881346811086,-0.18988448768625427,0.3710041011201401,0.41426886325355605,0.22395032046004448,0.5871308441374798,-0.06330509939224248,-0.24543514946701478,0.2540662043366958,0.25681973354937365,0.19968797760404483,0.2050904788683855,-0.25368444633676007,0.2226216533799277,0.19853435226848196,0.17407915013815656,-0.031187890484671153,-0.02001949834882287,0.3252062096721452,0.0370095191866393,-0.29625660530331366,-0.502903169577033,-0.19310299667452688,0.08057928039753123,0.0022763939420955928,0.30992095460754665,-0.05992986568789743,-0.34551924299885695,-0.04190317425037248,0.015499484263782807,0.7694419906277989,0.09432171522429371,-0.00042952002219294103,0.05143162412105154,-0.042727360175794024,0.9348377199560571,-0.19403350884117626,0.026832068295341186,0.12105151103242717,-0.08926585882811822,0.18253480342164097,-0.4336427864057713,0.6839354247384225,-0.3528157954349462
-0.5941907627088301,0.7501635896506091,0.49427713561006636,0.25254906640758384,-0.4832707016605743,-0.4024082321921018,-0.06761712729543352,-0.3055684241723624,-0.6118236771646933,-0.3088026793406363,-0.08216217971090443,0.2541090409940069,-0.20058900435836102,-0.0432741677056729,0.13321540796160836,-0.47761853098529733,0.052851092137661426,-0.04775888747975907,-0.47695728424923023,0.2419890324823577,0.016058925903952078,-0.2623928882977539,-0.2974220921418647,0.11478684779505909,-0.15491520335563333,0.16251011772440016,-0.007738147747035429,0.5334046411055715,0.1442078543436004,0.22825519348067566,-0.14367610532080433,0.35292828986489877,-0.5371799118793745,0.6678677110305395,0.07495473607147103,0.6704623411092134,0.32767680802890375,0.48018366809849994,-0.0261523422152189,-0.32322082999609286,0.2221555429644255,-0.33501983928243256,-0.1218878473060054,0.18437422628141936,0.6243267892603278,-0.39480728468568893,0.494222413083253,-0.3993726766624927,0.253492120154942,0.19588622949679857,0.18948117784064109,-0.11385896644850416,-0.04602481745636886,0.29899402511931866,0.1561960709217169,0.16693017475926453,0.593935701970968,0.041254506849785384,-0.2570336994016962,-0.5382791992325939,-0.3950367776269176,0.5130562466749853,1.0435831094815147,0.002736932077548514,0.25758126644873236,-0.35706457208555664,-0.29088052076698706,0.14992295248493107,-0.1310299037459705,0.5382877367672695,0.11439718477668023,-0.21878661791471204
-0.29175752289361645,0.5553402329115241,-0.03742488856696954,-0.25347875847641677,0.5259273122472443,0.3782767578490002,-0.28795847594946655,0.290823085733879,-0.18618084714359615,0.2794273920205567,-0.5108661562331693,-0.034882361166527875,0.505761645107738,0.3482352937845717,0.25525899553917253,-0.2083380484503394,0.008143087145419581,0.1205759032087228,-0.2694311221954771,-0.40951662944610207,0.329548973534553,0.4074605811086522,0.10742305852802048,-0.351872947386027,0.012602450887611251,-0.752660043186941,-0.17949580482041358,0.3360982379529291,0.004298040668899522,0.1692789354382235,-0.4602467801658152,-0.15533753037137188,0.14221533497511588,-0.6156288260910064,0.7780341308227425,0.24126556402348914,-0.9268893119934568,0.061785725927742646,-0.17397965623036288,0.01880730521852476,-0.41716930402588814,-0.09060876021592763,0.25798769480945427,0.15408596497799124,-0.07486146106706441,0.3598813169545924,-0.3383549463751464,-0.2311345378928856,0.14918106741337708,-0.21302621061069732,0.5053492390039788,0.008041624291709987,0.04285796051416467,0.08056536922976508,-0.04071097748086707,-0.10028144400600252,0.23771953553577,0.5287994095264692,-0.45995696975012734,0.02063752168732959,-0.13882628226909183,0.009484919028514286,-0.1889812640944165,-0.3125346932681392,0.27007621000605375,0.5232434556647801,0.9020720232907792,-0.0149243222376586,0.17191635961178153,0.8434755400207936,-0.16486114422214984,-0.16965943370865727
0.251825387700336,-0.336276151164783,0.0933548424998967,-0.04258923609371018,0.18964225439277826,0.37442903829757557,0.15471652215595014,-0.6784862510660019,-0.11423784314472835,0.6307183716953196,0.16933947391912368,0.3440288523034636,-0.17387838091064337,-0.21074885581263847,-0.0673350026622495,0.02062699700971511,-0.5179105262733108,0.11232485716945775,-0.23218714163401272,0.4231771752666025,-0.224334911122919,-0.16485588300121984,0.16677734937728697,-0.15688848862222773,0.328953322939793,0.8606517924299035,0.18957778178212936,-0.3685574630158194,0.22561049435419292,-0.5380735649639017,-0.05239666693445603,0.6045208458900774,0.3444499435112494,0.72396834672611,0.24423343094422947,-0.13873689686183294,0.2614862253646076,-0.4237077883150428,-0.9495289888819738,0.1969623944243166,0.10505327512547201,0.1425208052712895,-0.6123962949861743,0.17311885931333276,-0.5036084640837348,-0.351024087571292,0.8669064179576219,0.5257547830605598,0.1095048533261142,-0.1680231456071857,0.06716716545602452,0.37165715548221534,0.13509592473930276,0.45948883516080935,0.8859391312866868,-0.3216434683337246,-0.5476955692829757,-0.3524235097799626,0.6481882080867161,-0.10329001463137538,-0.38123364519980596,0.11199664616160501,0.28730535797838025,0.23641185691809796,0.859671482193366,-0.46929277892031573,-0.5503547541269753,-0.6320659078778619,0.36126143006316624,-0.5464522852592144,0.4648068490915473,-0.09462444034041145
0.6130445518787149,-0.6038295701531798,0.33198310618984517,0.3007318448583562,0.06139011564659496,-0.041635901065295786,-0.44460422107556774,-0.08951056667177965,-0.8852046369160834,0.5312256590452116,0.1522674623378403,1.1706965740555797,-0.30144328132469816,0.13011027322866173,0.5329122924616407,0.7306404692559355,1.0050501118968385,-0.07067180285784308,0.5182658938865649,0.20669585287867054,0.8740845878788097,-0.4583531578360047,0.2558676334810925,0.8502152752977584,0.4038235479239523,0.635922660072566,-0.007970276102546178,-0.25026671744706175,0.1060708767728599,-0.8366499243032678,0.2692467351533463,0.27767680118701055,0.38578339701690445,0.3564741959836741,0.9723260298972246,0.04342519973589965,-0.2568502709058484,-0.21107676441877407,0.017580367665852772,0.42538848243421706,0.012161668087211837,-0.6226524666276996,-0.9341494988884794,-0.865768171988783,-0.3877060972801412,-0.35401394194957925,0.6857469605349121,-0.3658837051027781,0.629164706758833,-0.27327431367980876,0.39975588099006265,-0.12525001611150693,0.8905154413165466,-0.054362460469751225,0.495923542373728,0.019744287881866877,-0.3626850805614967,-0.5097235090193518,0.6504256452306892,-0.14600346096780673,-0.31179451925862134,0.7700445776856597,-0.42211239779273163,0.28585702295483684,-0.28026547985810824,-0.34937102830964406,0.6370028506009441,-0.19304059400919552,-0.3585042293751838,0.05649482473871839,0.2183054657249765,-0.138328783820991
0.717634749422989,-0.27061887085263736,0.21829670695837375,0.21340686984059515,-1.0430526370495738,-0.8290788565541156,-0.8644901039395071,0.5250340031171146,-0.10031050051121103,0.0016538694210048372,-0.0905971127196182,1.1046818997911803,0.5498382084251656,-0.7786689141089302,0.9919155683711325,0.5611830615748451,0.24677961184450362,0.04410738122163055,-0.4648660846569394,-0.365787293932715,0.4840855246331851,-0.8362197592768189,-0.18240277053617782,1.0142932562234128,-0.34432860560909445,0.4973194645582513,-0.183485239475542,-0.17883249808667667,-1.2551521722323822,-0.4307945059638687,0.23130555913728676,0.9850583030368397,0.5443470687334332,0.3933827264589296,0.6075423909030901,0.16529032099757782,0.3061669031829105,-0.20478231541333167,-0.23422600268270932,0.42809247463489825,-0.17888915224922133,-0.28457992591119735,-0.705358299891951,-1.1580074320567546,-0.1931496670297264,-0.26357429498810536,0.7820108298084845,-0.32655044404915384,0.8978368697625592,0.3480638942395466,1.032737851978165,0.16981566239203535,1.117779493388745,-0.1392793297147763,0.30372955554234127,0.48686138329156864,-0.7363502908004778,-0.2832852556779676,0.3716468733242777,-0.029379349113275954,0.03665987903691378,-0.137946315566494,-0.2770651433334365,0.17793503846108216,-0.4965360856740748,0.5401989622117257,-0.3196117788751668,-0.7389603522723597,-0.3267647229530903,0.0049612593492222405,-0.11670500212763485,-0.7172124870066108
0.3636084381325393,0.08728598746334781,0.22789255832663877,0.7930905233480499,-0.32825619178683463,-0.14858997657468517,-0.262072949842022,0.8671199739315026,0.19705404240457897,-0.1628956451269515,0.010940958738778804,0.40364476424997686,0.6014033272493945,0.38711051578347117,-0.4205925964279589,0.4669424640220812,0.3362569435325344,-0.13958790184193284,-0.01908207690343469,-0.052669928548552646,0.6454569941420367,-0.37095593093907697,-0.13678167554960682,0.2815759272418948,-0.10965627508603112,-0.25183507923122234,0.4745145926732844,-0.5442295378138392,-0.11659468683469248,-0.019959974323345207,-0.6793537929356436,-0.23359610781023749,0.1496074181688016,0.31752397862903015,-0.7793878660347908,-0.36586348420564757,0.32360627121071756,-0.8513014585823734,-0.4965353055581532,0.5130964421232868,0.9054910844186597,-0.6089535368258864,-0.2779694945412445,-0.552831568184818,-0.19564419295703342,0.3257994806165987,0.11497161383861332,0.15690262944929015,-0.02455007392229485,0.23299134168486202,0.5351622559789458,0.16630007267827016,-0.33050435332530437,0.18612514746693096,0.4158951313537007,0.4839518596059026,0.49060537456278974,0.14854942389918235,-0.692218257202692,-0.4738849680460279,-0.25337198868899996,-0.18686155247019426,0.31422991688773944,-0.702130643972952,-0.3352915896983081,0.5079390714967578,-0.5517552813315959,0.6717866927255638,-0.050650388337048005,0.3287891073059373,0.19858142493005704,-0.42608026479799294
0.4705159098255724,0.02537468482176251,-0.20415539863996568,0.3360379645508797,0.25181178898684076,-0.09265390435124189,0.03285171413792291,-0.04747852902270255,-0.6733446274013721,0.11699559554081433,0.18698657129268412,0.3094268865431792,-0.2433211596740511,0.6641445735803502,0.15217866748811065,0.784772093724764,0.16688948023056313,-0.06003778032358649,0.45083240520466566,0.04411646608849774,0.3993542774284904,0.5073560016011518,0.34579045421152965,0.40003352281137267,-0.21934618357196956,-0.12819042077802115,0.30641463524582435,0.27000028765626327,0.1238675782488823,0.11765939400250999,-0.9033557908639164,0.2547334957313036,0.01028984501324227,-0.39363406617507185,0.6467567508516556,-0.32846851047265513,0.42790123846752715,-0.6121613388421069,-0.37565785884285385,-0.3294034377036624,-0.18654883566616096,-0.020618160503629464,-0.515954074044413,-0.5542471663309502,-0.4727877813120975,-0.3744790302257817,0.11197185237903379,0.6928281551965283,0.10988209552452746,0.31490203411977,0.26146103531553455,0.2755646758993652,0.5901830452725438,-0.4454204335969599,0.6410330898601627,-0.30748415379697996,0.15239861161064108,0.09967769401869497,-0.016540092777056193,-0.15575707222420762,0.01804123109173375,0.637618472879162,0.01946770294239333,-1.100748626818311,0.11231511468446556,-0.42493821430511497,-0.2502673156032968,0.3270524325063827,-0.6115334828262323,0.3200789736005538,-0.40581460057323254,0.7404246060437321
-0.125686231061912,0.5365966572294276,0.26556262627032307,0.1509786754366039,0.2750081478807694,0.020815615052525487,-0.4817208115101578,0.3363449922929177,-0.07747352352145692,-0.11033518292646569,-0.5244358567280825,-0.43013321671413596,0.03647029008863002,-1.0774004799977632,-0.004941346494273301,-0.028413248448822086,-0.11122900800801509,-0.10358202334561468,-0.6117876500228345,0.5348123769543112,0.2644421332766575,-0.035070026867057694,0.5882366247382271,0.3262822788113095,-0.4464680486199288,-0.3147033074431062,0.493869766437262,0.3342737436931034,-0.030498454521206902,0.3240470051851704,0.6240868619139724,0.020467046773291944,0.2683201482198307,0.258643367187727,0.015345007427453868,0.19710131972404388,-0.4873906743320575,-0.31587042607992616,0.1992825376933118,-0.3724484027537976,0.22180536637349016,0.21172158100970911,-0.16327880993995417,0.2653908251057954,0.32520134116980864,0.1373731978754743,-0.466114872538601,0.3529266921449916,0.3659244337694641,0.08615193382066802,-0.7981730891176135,-0.18924526414437573,-0.3495523019440429,0.5618994656676611,-0.4179799640950937,0.2545059852370417,-0.48307165333915003,0.006319676661308354,0.13930707830676853,-0.8768141616406633,0.48551802413267725,-0.10734971585016305,0.14472037268009044,0.13628744287048358,0.8646782802252427,-0.19478001668560968,-0.42542292374705404,0.40639894102253415,0.26504546254851,-0.19042799016921028,-0.011351994426576565,-0.16195481898686692
0.02271667180253878,-0.2741150710830387,-0.06627179424912212,-0.8462510660480768,0.05646244389231639,0.04385523011401467,0.79328068196486,-0.6086700471618376,-0.876957651614125,0.28351174562488607,0.3230925631039977,0.010620442823121983,0.23668998033527053,0.42412299343321286,0.2751043112480312,0.617668619933741,0.42860785793284434,-0.13213524442613933,0.13030315096590872,-0.2656766689479712,-0.884431308831754,0.7694660724950396,-0.7519888732796789,-0.5767694709070196,-0.14221063985137064,0.3572786374411995,-0.1770549140003568,0.4347198476224076,0.1531129679094816,-0.2557438768969198,-0.18484588169255362,-0.01250042847370447,-0.3667223010810515,-0.15073160636267077,0.2032490880182319,0.16707114444361884,0.6813068286292793,-0.06357896498290726,0.011731234056054803,0.21668877326055658,-0.26282427675687714,0.45769696744314065,0.4582115867181175,-0.21378868150978064,-1.0762754049387455,-0.32442388408042283,0.25496702121786635,0.34884133221443236,-0.01948472976750739,0.04479534194809114,0.009656648394487453,0.09270469698143612,1.5669320342860378,-0.2824524001839246,0.5568349859656224,-0.27402816109590633,0.034857551276519544,0.5246186299436459,0.20172352714345357,0.851147664889192,-1.1090838724732135,0.9342778522325522,0.3311549947948799,0.6550361935817025,-0.14061335651737722,0.0291906394074497,0.3488096424842197,-0.4680473004179192,-0.11448718114342661,-0.06702640949543147,0.6005561288228577,1.036784156406017
0.4473158711907005,-0.02521278565164769,0.43465809848268827,0.8721564844131438,0.42877161332526303,-0.18102273386669984,-0.05736359703929483,0.44722826067390153,0.17656194181689822,0.1185831147776452,-0.16923452747327716,-0.403221401382551,0.20577075650822454,-0.6841851063859551,-0.0806318057538797,0.318624289673932,-0.03086350606610624,-0.14256194469815234,-0.06966355756741348,0.6684369204581446,0.28807499792332386,-0.1241987774500924,0.27364434854369263,0.23972667627601135,0.3717538936547708,-0.2058463753862567,0.44354753905540817,-0.6263207003271397,0.009021997405974857,-0.07246117251660887,-0.20832613115400808,-0.7301319976341197,0.36542881908623004,0.3750460631892938,-0.30203288212585666,-0.38437683357070423,-0.39710701898709455,-0.48220463227254623,-0.2442962682920957,0.32298375434410426,0.9440468289968378,0.11601506546981205,-0.45020279770281274,0.036277195433006525,-0.48258460519991003,0.31935625270917417,0.2512401083225673,0.31984152431860574,-0.20415972550687858,-0.05273398977840773,-0.47293116228928117,0.007989988420271259,-0.10561959003622157,-0.10447416362731908,-0.5925344132277707,0.11339765987685509,-0.8191365637505726,0.20886703343260643,0.08968168886823603,0.06885631736119253,0.699768788345794,-0.06441927336010576,-0.1716095182138636,-0.05542984776073252,0.1407486184504253,0.36656625713765095,-0.05159092042370518,0.05668205589573684,0.18641107395844633,-0.7804508189086352,0.46540852849961994,-0.5366609429613439
0.11524555983268543,0.30587378978221874,0.0046203025762057036,0.19034020211573663,-0.22012358899086337,-0.22507712779599057,0.20602709501078106,-0.6154099882705575,-0.2263270991211912,0.10526747008897704,0.19507189082337312,0.47224802719889736,0.653620062576759,-0.8123692175473111,0.32373231484602993,-0.9291523292651935,-0.5964458695791365,0.6573806405673767,0.04664154870920419,0.2637030500249577,0.3853967177484204,-0.07524833967045418,-0.03001457397877877,0.07918085226754482,-0.7077785196716542,-0.45542513826661346,-0.1937164485907854,-0.20181391696308237,-0.9179202576135169,0.4139166267915356,1.2305089436019685,0.5950726794478939,-0.014380706256773321,0.12566344122348447,0.18215844312595122,0.21502747874642528,-0.13580302030460567,0.4380606908814576,-0.2846422844545376,-0.3587891837976144,0.011939423817056947,0.4770801940656977,-0.11076926894646118,0.05511986401074879,0.17780085331286524,0.18902016072411199,0.06833957181266148,-0.30165832128034015,0.653576235438411,0.30999591566047197,0.7132372500543115,-0.5138758441568562,-0.013725000831105035,0.3620989949942899,-0.17264945082134942,0.49770206684075247,-0.7322878601938463,-0.364303286526832,-0.3416622441100313,-0.6385020517413414,-1.139394945312857,0.2559137385247292,-0.37577597349551495,0.036214650769447805,0.015141375775983824,0.21756960648713425,0.34265015204192983,-0.6128848228657474,0.1676910311877752,0.1597322481085141,-0.2912986599417929,-0.30233150365284817
0.5687570955038546,0.28399417691185935,-0.12077780910322386,0.6272233989931225,0.8511171694582769,0.04974343045750111,-0.260378127889807,0.3759320827973229,-0.3042235578457627,-0.05163827366155694,-0.7645364706777689,0.34452639393190676,0.4589675163562562,-0.037987531513839747,0.5706972949058244,-0.05624787644950241,-0.2647236183397804,-0.21176127668395536,-0.5746958781832757,-0.06284080783046245,0.8472111429843521,0.8939701798917677,-0.08493520071716745,0.49109417073204287,-0.38947281204234513,-0.5243406359013497,-0.11963710129213262,-0.08920603313401138,0.27665359179910676,-0.37098848960099257,-0.6394867418584038,-1.0613434171727978,0.6411251906145877,-0.4539865126683079,0.23397084727437176,0.4439328245336503,-0.6552903245025946,-0.41458419721538786,-0.6435652186425682,0.3512267518439149,0.4454310837873705,-0.38457335559320366,-0.4800334001756731,-0.3139927076712101,-0.4258962375263458,0.3419874724190079,0.18435142397717436,0.533568008236229,0.10825147923456223,-0.11840219760950584,-0.015196238318230382,0.46233223849303773,0.7578839391836955,-0.5230171867140606,0.351763571978347,0.009080827658323055,-0.0679728571268017,-0.09391800413826376,-0.8978525199198871,-0.5515749485459577,0.23221549350888243,0.32699154455315355,-0.0723578115572878,-1.3321304966017078,0.9256655457901248,0.2738003337078083,-0.28566462462706976,0.35791144069902336,0.1931445655497682,0.49837738711553425,-0.24832801437184962,-0.09356910641211612
0.1503896112287332,0.5910688588976754,-0.3461160633430358,0.41668972643517527,0.2891450112775928,-0.0808620727828223,0.05155973832489589,0.41858680985996405,0.7376421687448096,-0.2778594254441951,-0.35902146341949803,-0.45903182453633434,0.05157325467128238,-0.24056687811252228,0.07082676284603544,0.2197754367713377,0.05382359420394486,0.9762519515481294,0.05412220479286047,0.5777297164253467,0.1569015113506225,0.40517181000933505,0.8230931831909121,0.10777109244385759,0.376360345366461,-0.232697049599013,0.7213646196376167,0.3634738161053856,-0.7188501887542065,0.3637159358801117,0.14352332438313598,0.03225715974873438,-0.33385099246593875,-0.20826476053637874,0.4196213860373644,-0.26637496523670334,-0.04840365552728757,-0.3142381168001234,0.3160505163730278,-0.30984501894230637,-0.32371130454579106,0.09767411670422423,0.6038490815660128,-0.23368467725208691,0.8542495168803139,-0.8891510892456014,-0.5720599390877851,0.07446478954474971,0.23581850729911646,0.5180146915997723,0.23845670943742742,-0.08190197529891348,-0.4754545360813108,0.41898952717424726,-0.21448857465748375,-0.4186207914345822,-0.019941279364357092,0.2334127447655212,0.5228541494201613,-0.06723344384582407,0.4320295731148449,-0.5041902917925172,0.2588102272343752,-0.7155678951594953,0.3005785085865074,-0.3169483664735717,-0.17902934243719193,0.5518828420420978,-0.24520353346095486,0.13649882359845514,-0.7020282110669185,0.24127382894809865
-0.6808361896872931,0.34306440435502866,0.15703856059233953,0.18370378139765442,0.9183039197319453,0.48493390915314144,-0.6217154370174167,-0.1385563202343705,-0.07868098437479926,-0.3362981746317258,-0.2621107409021121,-0.0749651517334949,0.2554546795069605,-0.24616268285170478,0.38768197232385776,-0.8304847271849096,0.15288773192276642,0.20856221317426818,-0.22099313623524397,0.5934249093301631,0.43219795333210487,0.25965717820255496,0.7016201572694047,-0.19515064832308507,-0.18182900918410508,0.17836715158928826,0.29612240302030673,0.8100559270667086,0.4399991669590258,0.3577574073515719,0.5040542208090472,0.025667226623034466,0.06307954198171598,0.04660638021984687,0.4717010853812059,0.04695991656212937,-0.4599812316072989,0.11535973258363191,-0.060307048385074405,-0.4782339865581069,0.4709920884170105,0.30539777031784515,-0.06415252329935557,-0.052119392772768024,-0.14295329232360865,-0.2922885010917155,-0.4280831039631109,0.8011717644467506,0.28172047360417984,0.004112153272217942,0.10416259659096078,0.16588495281279642,-0.18394412735053273,0.22125263701215162,0.24413880511822061,0.5343983288707265,-0.06260384918783408,0.44785392611166563,0.08151642953429757,-0.4307285876856252,0.4194551295633894,0.2589345103735611,0.9486322601407173,0.4336685229112855,0.7658063345832109,-0.322813111417706,-0.08436919576575354,0.2396622102185416,0.14720599274511248,0.5418055651615861,0.13762565747803507,0.13894239579360212
0.4987020503460134,-0.5958916402441028,0.3186578313076742,-0.13491793030152158,-0.6874724994136019,0.4317789448478134,-0.09710969600216399,0.23676551007991362,-0.3933572380865853,0.1318083174212868,0.5423534841853475,0.8266810636347647,0.2024211720524095,0.47621831398605524,0.484649571239526,-0.15841736576685542,0.8851994036480738,-0.007930465423198555,-0.15065210225693326,0.3355121708973277,0.41742670202415344,0.22624469374705294,0.5242692933777877,0.7153962782185646,-0.12808010469787767,0.04477269465253616,-0.13145621220723128,-0.12840971995494269,-0.2597311188578076,-0.5310687932528485,0.33997344616348846,0.6427012730991813,-0.07251706807215154,0.3717616796445235,0.6666655881030433,0.5780324705051695,-0.5319282549749909,0.1351901421191533,-0.26268289308671877,0.3749188752274219,-0.029553745892870062,-0.7484394579550179,-0.6623518316359165,-0.4487404512850446,0.44574390534008784,-0.18712320949511513,0.6958739320128157,0.016039467383052928,0.9554310052997768,-0.16666828333749953,0.7190532095822042,-0.3973908837389249,0.2530505149794451,0.6452253023465637,0.3036362754795858,0.3606539423742392,0.021959478225443085,-0.5679986840372521,0.6570378924577215,-0.18726034654847565,-0.4084232817725832,0.0625715297419663,0.5232194746019734,0.18926375080652622,-0.12134272461979317,-0.5659413620298117,0.37653053397960856,-0.47717061488190354,0.7646144776706099,0.7023209335484367,-0.18465444205697643,-0.2326268080635751
-0.08570820298983844,-0.0401159807358756,0.05077445473755854,-0.04060320372110135,1.0021758841756048,0.3150914580520513,0.43621306363311046,-0.41005328063559027,0.398534113913091,-0.36000844296573536,-0.29346821845099946,-0.8147577234488523,-0.1652905540849931,0.1553256762609252,-0.4676509645066135,-0.5982927517417249,-0.7013099251614303,0.34348376748492676,-0.23238386498417263,0.01830812999215252,-0.15271776925707936,0.27346261856938575,-0.22485218007651064,-0.9826451224719811,-0.03627108443221954,0.08554870794027135,0.061503415655223166,-0.00745406456782334,0.5431603318658574,0.5065207713092893,0.21677829655922848,-0.3632956423145911,-0.2355416777052421,-0.09109519769278997,-0.30873450779125644,-0.4150887644774029,0.2891514404651291,-0.25441061830518524,-0.08739661667228218,-0.2712737610177605,0.3202101320202026,1.466556927912407,0.8122710932996241,0.48145995206562014,-0.6161547389942722,-0.10166093606457999,-0.684623123235937,0.8014901837986539,-0.9649401599931282,-0.15210510335307273,-0.4052403214266511,0.3610817528539721,-0.26102152756737174,0.23361331632455948,-0.25456325819653836,-0.12643864627161674,-0.34447261813902674,0.7467520154373652,-0.14035433424911714,0.5270794236806534,-0.6941528515243846,-0.26841007941233974,0.07191383420289982,0.3611510673105854,0.1861412807032326,0.5273790718645628,-0.06866298957427426,0.4197324217930658,0.4468145614854588,-0.5517099525163071,0.43346623411527213,0.4718074672348637
-0.23971689818238726,0.5981731691691621,-0.4640062169735941,0.03458809099694626,0.03793058803582665,-0.6155674955706494,0.4120771050746032,-0.17517643242880082,0.3024780175149466,0.12519454731294954,-0.6025772775442995,0.1460345776529975,0.02284486013975071,-0.001301066007532917,0.05980272173283803,0.07438870272420171,-0.40046564773125976,-0.18703099472215357,0.01100104260163754,-0.7645467608067377,-0.7961263037634936,0.16027401636458097,0.17465938654674548,0.040531281049325366,-0.16708827152454828,-0.6045041917073933,-0.36386678652543153,-0.08497368391940864,-0.3600027143972697,0.3280395082809157,-0.34586434982887276,0.030757159410837846,-0.002828615831449637,0.04326887736703727,0.19369943355656757,0.17363069571300588,0.4707636119575314,0.41549364981007386,0.03370317235199373,-0.08189549150958109,-0.47876928629375365,-0.07944630752705875,-0.2934149166262417,0.0751538530212487,0.17188685061964956,-0.0914302113115937,0.002843062733196988,-0.14684683522048203,0.37676434632731276,-0.0027794741818350883,-0.20012584487418786,0.5099670454591331,0.23554668067351042,0.08309615779954697,-0.32780529002748504,-0.2585603542842568,-0.1059853006227315,-0.41042082617614295,0.3467112538951968,-0.06617293180501642,0.13694315329337736,0.40413313821102526,0.27309467328157033,0.011868762062984529,0.6559258130115756,0.2871620981910099,-0.2891735973943455,0.1014689895001254,0.16481690002004803,-0.8681131739831776,-0.009113316349733577,0.035348172585167974
0.10430464179817352,-0.4625096114170103,0.44958096122496494,-0.8044516141786253,-0.13103125955863412,-0.2194334504555448,-0.002985912247966672,-0.18895277513448688,0.05421016017212793,-0.20189525864532418,0.22640023383411068,-0.07369361586850826,-0.23936052432853563,-0.6012992254009647,-0.2211069185487932,0.48554075003720876,0.2833255311080834,0.06500237704327337,0.2290500653593764,-0.7063760583263105,-0.16085117135805405,-0.3923445804772857,0.15000857406689422,0.17978446504731033,-0.49942800003010396,0.3130734929923722,0.35181443355110703,-0.01757392593295708,0.06307170685348844,-0.9641008189634215,-0.00799060269787816,0.19991991936175663,0.4847531986555153,0.48964115923543217,-0.2821957327543458,-0.14466778177811224,0.3903479280418475,-0.730736863418108,0.08171722641765816,0.3696349740771275,-0.011996849614995198,0.36433955889998104,-0.12158847742231856,-0.12952816563481503,-0.4756072771062031,0.21581995351056507,0.39873344149231377,-0.2153139605681504,0.08931206277551818,-0.2627392965873439,-0.5069338194259626,-0.05372762599236112,0.24131454174601216,0.18621174868559523,-0.04823740936431346,0.25913349559259047,-0.529051807660827,-0.05927728420520591,0.3659490997023093,0.34559130853717723,-0.10170680086649175,-0.14084037807296582,-0.5832515833024646,0.8017293176011446,0.014193787811132971,0.09063714607068636,-0.2623616796753301,0.23990040453991474,0.21286018592441897,-0.8142715385572323,0.5504618937247698,-0.10255141001346801
0.21855388385991067,-0.7382426459493161,-0.020788434637758927,-0.0321822242572642,-0.5824345078534332,-0.10077087888947386,0.25164591969922623,-0.8735092905536771,-0.24637547242556673,0.8122130324746808,0.24572098801257392,0.4437525409418261,-0.6142016757159379,-0.17420771961588574,-0.11955469787433165,0.1262187840649051,-0.46000174103144337,0.2891136718994814,-0.07918263346734446,-0.0600160378940246,-0.0770803311961823,-0.0957796379582367,-0.055850306164732216,-0.06422065061635773,0.11174440014297546,0.7001672681280643,-0.004924266189973056,-0.01791253832195606,0.10796035278756114,0.06116755144420285,0.021808204471815123,0.8859045635872685,0.3803616170738708,0.23170391529930542,0.17408185500264514,-0.18468100393986997,0.08244288453328356,0.37613101500362156,-0.12839519961511373,-0.2820011936312472,-0.4393482099396201,0.008509763130658467,0.1708044127243074,-0.16207856734317566,0.02096184374525826,-0.5587895400289613,0.18489105584227133,0.002798861489664453,0.20929647683664793,-0.20629483357119754,0.16224520668450915,-0.1945179208188361,0.03963757211002113,0.06982967565282013,0.16251459488055975,0.020194755686729675,0.043745016642547846,-0.6893729956731124,0.43957190383820605,-0.3984781524901889,-0.465173368340983,0.4313828774543632,0.21338884116412307,0.43197799420411137,-0.3176907720342743,-0.7001371440250654,-0.049274118905680134,-0.8520314520445613,-0.22456514960202545,0.07691244199511815,-0.1189689097416341,0.3821796852021089
-0.19996457526949576,0.5529285217904685,0.06597714231895128,0.7089666689459924,-0.2416928762812102,0.06185012058694548,-0.0433444036405164,-0.018007889606011976,-1.0892707476848373,-0.08872395333238903,-0.4643881018115001,0.9995980988041997,0.8657853466825018,0.26537460225851645,-0.06010834574738312,0.1846042243473085,0.5668251376154085,-0.3016791235123018,0.11620545327752375,-0.8216901042542718,0.3742111241327412,0.11817108134751962,-0.5885384056071554,-0.0025636105289547095,-0.030337488576989972,-0.49562643749075946,-0.2770249299475878,0.07233443851430474,0.6475729158554386,-0.10955217022151222,-0.16420434839600465,-0.43267403375229857,-0.2733755049194665,-0.306952821091211,0.5089725197492709,0.5804980692738494,-0.4062061676395553,0.2118783811257385,-0.376923154605118,0.26782243663386046,0.5726613137541489,-0.3119215406746989,-0.1985994158126729,-0.06144931710318764,-0.06453658399020853,0.7429961485318587,0.6144370649915212,-0.5930234343605727,0.49635477259802285,0.1399796847753374,0.11778581810209232,-0.13457316974583855,0.5612392886952728,-0.7323866171838818,-0.009795968071247621,0.14496404712875283,0.4612588364764652,0.2546907950460382,-0.41427404093265213,-0.521439159044091,-0.16769610831225013,0.7609900947928452,0.5367434103935226,-0.42129059521027934,0.4186193573977197,0.15654211167528384,0.6000921100092302,0.18470654191577585,-0.04095729234980237,0.8249081676171697,-0.20280404143784533,0.24634155747042077
-0.34221802212811486,0.3375759824092888,0.3726901095176833,0.2485405069896028,0.2110268673603581,0.054887646665300834,-0.3593336598511093,-0.11650421762353606,0.036466152626841365,-0.5870931317729808,-0.3197992624118433,-0.3185376422495667,0.128024842830442,-0.42957131825006994,0.0288762406102702,-0.47987031785892864,-0.3427412842148155,0.2158872402506659,0.11561297769837356,-0.7944866972542348,-0.06573171816370334,-0.3413044833669953,0.08213462891541452,-0.0181224735169905,-0.07358432589038695,-0.3060368316785789,-0.7859364265115537,0.05397830689648206,0.2739214806259712,0.06147198121884157,0.06638994911962616,-0.04399220858742392,0.011352811974104583,-0.06615007720988038,-0.17706054551584338,0.7668942116094828,-0.5151227201154227,0.6415743861901212,0.251635783248643,0.2444107234100334,-0.2007930333102265,0.5807189178778887,0.12429552798685661,0.262814654425497,-0.02190774339519428,0.6470220541538279,0.26702960589839014,-0.32861815706424063,-0.7166186155225759,-0.23841363401186222,-0.7256069345956,-0.01731901851497954,0.08472189155736803,-0.14065001459180865,-0.39137197267017965,0.03319804061028144,-0.17548544163404586,0.3071818057102021,-0.01699965538609452,0.2312457221659243,0.2510802838731861,-0.1986036681437774,0.09995570032230197,0.4267302186837049,0.09356416315374694,0.7874749383611344,0.1472088829249482,0.44288872267673157,0.17797580521050282,-0.2114626931647868,0.8955831758107394,-0.0629502278138675
0.5329046659330423,-0.3203604878624908,-0.42807298319266757,0.10179852438198071,-0.2101132173698198,0.1754784549100819,-0.47515406881580285,0.5119483850868621,0.1044025580988771,0.09594123699018141,0.28585768246500837,-0.2226840920227477,0.867207159739185,-0.4522910948122425,-0.173983933650712,0.34061836077521707,-0.1572133703934871,-0.2822190827522213,-0.0005890126291335725,-0.31459954342310165,0.39899634494567987,0.22153777961256402,0.41516979693490735,-0.19115303702291267,-0.1616470475263764,-0.28750036444961125,0.27385915067280986,0.07642627793675523,-0.7334095393347528,-0.2798791510021889,0.31380070843928864,-0.3951207405958767,0.1831345138873028,-0.19781052796194395,-0.14070436049648544,-0.5547559923346707,-0.11151020033003171,-0.8713580266922136,-0.23085320045980012,0.05260172287583111,0.2206295567222811,-0.67906198919686,-0.10334026818025685,0.13935259825072793,-0.47841077893856193,-0.28953696287625086,-0.6165586087311468,0.06330108146755559,0.556791134020957,0.18854441696948795,0.09436539876287205,0.031216837279308806,0.2354101197348431,0.2304549691743376,0.0704951268881445,-0.07127119006273142,-1.0130975352753557,0.6277145712431674,-0.1887498937046117,-0.6189988522193076,0.18519935428187398,-0.5663700171320375,-0.17542706847839867,-0.11064970762754507,0.316045674924294,0.3293292995168602,-0.034805137641361644,-0.22294035956368796,0.23650996280601924,-0.09995569217970547,-0.48338369393107306,0.10947667746088954
-0.15384032707771025,0.651302268553282,-0.6316215468244355,0.7880421063301513,0.32756432108658545,-0.3549352633282714,-0.18091949004497443,0.04274102342231177,0.49749269183579453,0.3375346910930734,-0.5823786033150354,0.236741698499886,-0.27555938816456343,0.45537725638733967,0.20260920013960834,0.3076888114704985,-0.016328428751396784,-0.042949596760843686,0.2950005771167283,-0.5238679610813941,-0.16966155867311652,0.5020369155440799,0.38988742617784405,0.5638465230523713,0.40145576572446656,-0.6943045371800887,0.05312371002147291,0.3708342136041648,-0.14955791985102843,0.21229224634185143,0.05389883258998493,-0.633347189745055,-0.1083013505009087,-0.40714892925804,0.25951808087812256,-0.17893001331291683,0.29092351801582333,0.14957920139190337,0.18829969535179136,-0.10573814621613054,-0.01720032551549864,-0.12967166669305236,-0.6646155296576035,0.30027358385078284,-0.11384962296473386,-0.4257266540877205,-0.3479361700463642,-0.1988764288527651,0.3857777651910538,0.003128311544180933,-0.01497961707103701,0.6495976115576244,0.3962909917228201,-0.2681712808616605,-0.2159578400172819,-0.19140993426733383,-0.0085648312310754,-0.11515775233674412,0.4379650702333706,0.193024012497449,0.25253469796080225,0.23972554269933377,0.4526978007351443,-0.37526883123695226,0.8651785303287564,-0.09512414481177253,-0.185842355840195,0.6161772996715443,-0.07111916219548706,-0.0755309909626843,-0.19054426270447491,0.13906823610350535
-0.43480834934065915,0.3761784853668533,-0.2795997669643928,-0.576096439432038,-0.4944770895323777,0.050513032252504544,0.5234169520463734,-1.0504264793101041,-1.2604592037279025,0.16295946157364863,-0.192579905817482,0.8402831655500976,-0.48199185791961224,0.22398727147245778,0.1833991435954988,0.26961344362232237,0.9963715268568489,-0.2388257882194999,0.22230877488824674,0.25203214991583983,0.2565755299996968,0.7947532263446808,-0.41637606839283864,-0.20654059163613162,-0.49253036938879774,0.14915624839711014,0.35661728259823194,0.6172599413346104,0.16120837707597221,-0.5687151008492412,0.2053098872850673,0.24841063306867758,-0.10548605993267164,-0.4376976906858812,0.6631526740437624,0.7408436353018107,0.5057540846898365,-0.15192752755198388,0.08034283041117327,-0.03953526076045514,-0.9396935082066342,-0.18741688744839882,0.07515385628692557,-0.424288823748755,0.07168417488156714,-0.3410912489800533,0.43630748918415685,-0.04712090674131569,0.3659436374640546,0.3849961325740343,0.16871749987052545,-0.031164612485069958,0.7811201852578,-0.478291801796493,0.8893718184661281,-0.5327452753327232,0.2847613575853665,-0.2713313196516229,0.21324010335263538,0.4887354999126961,-1.7996463144439918,0.9487924251387554,0.0027049905545987562,-0.3036049733437661,0.2037073274604944,-1.0371687736875825,0.2511215165158549,-0.8377385464085296,-0.2256464390466207,1.01859035072673,-0.7412581064097097,1.0836825245593547
0.45075917468767057,-0.40341365385490363,-0.06596928259928485,0.049295452379737884,-0.41182547544300735,-0.41742560021710245,0.5558994028179615,-0.26981565585716677,-0.0661878765179148,0.5746857541193676,0.5308891152401408,0.2583883739806483,-0.6501217798400251,0.8314715270934818,-0.11150693425509337,0.42620155934249754,0.1845531214060576,-0.267569255587919,0.377373483632941,-0.22162286690799637,-0.810787229384303,0.07801111578898018,0.04527966403417301,-0.06182050285678442,0.30384170556714435,0.27232040686604686,0.36976875633931494,-0.13922034308197123,0.19178859867533032,-0.49952775789318304,-1.135957396889433,0.089733325184103,-0.21049456569705238,0.21077416260266335,-0.009716817401279018,-0.7743169471998018,1.0035211752177666,0.08253929957669646,-0.27584261861131537,0.01247472520765414,0.25517021496542086,-0.12370230895267366,-0.581678993605961,-0.2758649544455301,-0.11140165396566723,-0.5100333274400867,0.17465955153290258,0.2474484241827991,0.16670810708236022,0.1691008845963826,0.23482140752322875,0.25282470482569613,0.0007342511059560564,-0.013390071846300977,0.15629210778870975,-0.0770901923425526,0.5932822674669698,-0.1311792026438276,0.450334418546291,0.08883394614235036,0.06734433800048356,0.13458121256793454,0.18131062332176787,0.11039239697204774,-0.49115882510873987,-0.21019980970938248,-0.45649158726225575,0.40998039698128336,-0.14532017846541373,-0.5352888234405571,-0.15586685089170466,0.3535206252264639
0.5815932434419967,0.8226317649348082,0.3232608940016219,0.5452224954758182,-0.8458248860837076,-0.10485761861679496,-0.12424223727221902,0.7455150900487899,0.38852095114068763,0.13509920752418286,-0.25865223701970236,0.2263027958878724,-0.05389918545209439,0.15556183739321652,0.08529370819976918,1.001582826074857,0.7650757120365111,-0.002596866801129973,0.2063898582292967,-0.9588986098129662,-0.33985406104763843,-0.24983409546802252,-0.5373098034200163,0.4204700189676032,-0.11896782295638787,-0.5796788621424516,-0.506737149997133,-0.12232130254670615,-0.8698039189444469,-0.2941059496383817,-0.9332984062368718,-0.4652049223924996,0.2229406969059029,-0.00961239917481564,-0.36680117583422245,0.42040229378861316,0.9920716113328021,0.14068996490394772,-0.20630097232043648,0.6459981838734351,-0.41607922195676883,-0.17730203624112423,0.04031434738733632,0.309726072360776,0.6478054291851781,-0.2282464899342919,0.4755649018219564,-1.311294892932963,0.18188911282298267,0.18144820326930333,0.2638842618968448,0.392031537980041,0.43590696834022413,0.319005082487101,-0.2352987773046017,-0.3479409558644265,0.3488569166881749,0.21250437068208364,0.39526870029093514,1.1972501029316127,0.29745554017568004,-0.4139385984332816,-0.5298481782816705,-0.13968302827409934,-0.2832401433417814,0.5977568424078051,0.32623924991081404,0.04833112095614665,-0.3844464866783016,-0.36448171881688735,-0.1461479149441476,-0.2975532474394843
0.42408207793398134,0.20378586548610916,0.3091422411878062,-0.5708738810096209,-0.6167416661304985,0.23026180240931576,-0.19727814440525002,0.08245973975016357,0.27142443900594304,-0.03864854276344623,0.37793057668772995,0.13119101391452678,0.39628480099029045,0.09648174254549166,0.11509129320881697,-0.02199986535835862,0.32361471534618247,0.34134632058045866,0.8816229200053544,-0.3821384030880416,0.2708775029910076,-0.026332566106687178,-0.3442000915953361,0.1989387157097317,-0.192175653584433,-0.3971284856562486,-0.32021913869248814,0.27539795223693747,-0.36157573036354906,-0.6269563933027319,0.3054594967195026,0.25367984823545153,-0.19673653214803544,-0.39166879884936096,-0.25710404446087604,0.3399965398130329,0.0831077112294275,-0.08907428861482837,0.31250648875349346,0.2960199792745357,-0.6341324755860923,-0.3831697187259707,0.11655327756412066,-0.3314495031171161,-0.3911885656541107,-0.20354721218056152,-0.6520162996620589,-0.7661041850371677,-0.2957020415447071,0.020193808248805487,0.6986864966547972,-0.003757750457311287,0.2250059612229183,-0.2234602916143326,0.27044649079715816,0.29109714121691677,-0.18972951640951372,0.5523554464436135,-0.2531762247805825,0.6270964165046777,-0.3003503018894107,0.009693096226690056,-0.8219160623039258,0.26548132647599415,-1.2000912192967783,0.6652025787168127,0.4247779786545107,-0.26432516337409184,-0.5554450182584312,0.3666473982792513,-0.3889080281812804,0.2373309793560682
0.07946756497924891,-0.19399224571545817,-0.18911002934068147,0.3289270121408204,0.3915073805330458,0.9424410177374154,-0.3110758394523777,0.7982068368459333,0.45865176112945844,0.015760310757537,0.4679070741886854,0.013208047744321263,0.16738621881378993,0.39968904802090405,-0.41373912369872695,0.0835630867824658,0.4989019134500214,-0.5050736091364743,0.25022501150461873,-0.21805385550097997,0.2575465122549024,0.14909865039362225,0.6123756110657481,0.5028937136327757,0.16800528405128334,-0.3667378046657978,0.058950034545875794,0.08158378538544289,0.3329145454348557,0.1472879327944966,-0.0400502321811654,-1.1879960558630371,-0.02291990202315069,-0.26760067992847875,-0.2622480610022959,-0.16077490945663234,-0.6023685769781145,-0.5347179977936958,-0.08750324296536686,0.2262805069259186,0.5359538869098345,-0.2974063111996155,-0.28678589901044405,0.006906522817232693,-0.34517761863449403,0.22536170423556878,0.057300922175558225,-0.20770163424558893,-0.06189328885743592,-0.08885246271504706,-0.3838505219487425,-0.13429279835785313,0.07200661295994683,-0.40547676701034996,0.016042910018528242,-0.04365557922511448,0.13959981929175047,0.6507458479552478,-0.19748093077678242,0.5421088605876925,0.4272881503874047,-0.2167000337060367,-0.11134993808679351,-0.5785765019452289,-0.012782649094874374,0.1810868971613931,0.47121600069553216,0.7721325291928124,0.02076918407757375,0.18561286825610948,-0.4384180874312277,0.2715870579702633
-0.35239533293529524,-0.13344946366033578,0.2675611827752762,-0.023051896169884144,0.17627663594770934,0.43283663114019905,-0.040369095486136555,-0.08804858214789842,-0.6734343042066762,-0.0876404306729644,-0.3892287498754746,0.20986009050946344,-0.2288184336506789,-0.1884953307226087,0.4067781766862545,0.08269318489423681,-0.004173322573805943,-0.3121257383718382,-0.3148295340472042,0.29452465376780296,0.4471517999422334,0.2478627657433885,0.2889729037017282,-0.046812123281554596,-0.1553399749771635,0.2614766060016841,0.4534720915951147,0.5017185085129068,0.40645486011984583,-0.04385273741918915,0.3769698414668989,0.45957375759713076,0.02386800651559925,-0.275326187795053,0.7756800912723512,0.30488558994522336,-0.14071135316439554,0.20340925541110835,0.10830047507521336,-0.35749187726815307,-0.15862274908926358,0.2578058321712884,-0.09183040935025935,-0.4497262261625403,-0.6301819424709497,0.2017107561072646,-0.11692175504149027,0.684631305514276,0.3173067327069187,0.05856427513663355,-0.04822374629745369,-0.06066881930825205,5.8185142795227167E-05,-0.6096871308255821,0.050309509572137076,-0.3905475363391354,-0.36074271672750613,-0.07819807721908492,0.14500929773220628,0.11306716794947178,0.07198919679901016,0.3648076557366122,0.1998346614031601,0.5140287093742958,0.2837896156958156,-0.4820601256700436,0.46656900592112427,-0.09062532996583757,-0.024770013583295062,0.45489569328752527,0.002646872166911828,0.37455248656512774
0.16500041964228204,-0.14002520260097756,0.843862163143708,-0.42825943466312727,0.0015867354868763814,0.7470852823452754,0.1808006827888432,-0.36696908902049974,-0.058825739380666764,0.12689053834089833,0.6047049258325069,0.35245709751344806,0.1090637824572294,-0.11937224695810845,-0.3078598521330841,-0.32267417848141033,0.42000057164643384,0.2030485991161254,0.2304342866207263,-0.04819443925695428,-0.3457023757560892,-0.6480817781865414,-0.05479499493540953,-0.2145568700453505,0.3183751263462184,0.4319854543143409,-0.40625235492993944,-0.3903289915097109,-0.15387701415726165,-0.3652696697258022,0.6200907939183282,0.30152128983816273,0.3782596103263594,0.5841257487581754,0.12696550011658017,0.6254733296612774,-0.11578306222740697,0.18277962442191323,0.19925999331691527,0.501587590905356,0.009873662724069343,0.03651556424003865,0.22259543123667253,0.6407783413715538,0.18843218591585364,0.04793124308608359,0.49001544855287055,-0.17781892129189544,-0.20711458273508537,-0.1970635168835919,0.16941835087627932,-0.25744775605104814,0.05395739163106009,0.8067142558763093,0.09252798917708106,-0.19419983509796207,-0.18110746300546676,0.04909132287147502,0.028424861112815617,-0.21298362749174213,-0.40292125610481216,-0.03920150925565504,0.21600378367990838,0.6260027057534513,-0.14388591750162402,-0.40253793867204163,0.5041595630081649,-0.7250091690853128,0.47683599347488514,-0.19668921403922815,0.605482416624431,-0.25371565409851116
-0.03261947125344715,1.308632564178664,0.4144802473744061,0.7712641032556095,0.2053363297688388,-0.44781710611384007,-0.3950876316597874,0.576031154519699,0.6532503771699806,-0.9443702281645231,-0.4226454124452175,-0.01488812987523989,0.8122968160393104,-0.8540059222617813,0.6122416310116343,-0.12643627236682753,-0.5215896161925581,-0.11502970879964562,-0.4503038953972304,-0.3873029788946427,0.0891421471310623,-0.049581913632729256,-0.032405190559568184,0.5364012071694568,-0.37914598485183226,-0.9113061047260891,-0.8152225906840597,0.6434640819201589,-0.3942562293286858,0.22781763380715703,0.11688782863171593,-0.6136701721074832,0.25276813559024663,-0.4893835216162844,-0.08978081264891119,0.9231806110580946,-0.15272826321826105,0.3844834316654594,0.09038400543728416,0.12290618976618103,-0.06625318769399847,-0.38801435866465733,-0.2521155169795077,-0.13136941674911887,0.3046599496471682,0.3398698149681242,-0.53524352648684,-0.5277191592844519,0.26514974513554995,0.18949328158245757,0.23836641194551927,0.07400998319375514,0.3737034273929832,0.06747460043482924,-0.32733499699656843,0.4062922349632458,0.21693697215082886,0.18211862581883262,-0.7721999313075565,-0.042071013702138026,0.19933849106000123,-0.26466870233287354,0.23613285779304025,-0.43423789348546793,-0.1006431242230691,0.5841948268911749,0.07985438745284006,-0.0552060793032279,-0.08912074598815192,0.28869912515213514,0.07690979250078016,-0.369356792750684
0.6895679665805137,-0.23280745623422386,0.407202606771765,-0.2766062454852464,-0.187282316175044,0.28745236552344544,0.12807081148073077,0.29146278183881236,-0.6250917015515448,0.19355294008194268,0.3734851534079787,0.5530490014533906,0.1387870775555251,-0.33395440082378747,0.04328301721009712,0.39482730049973647,0.6639912121835009,0.15104443464849646,0.18019242712996925,-0.22290868178387102,0.056032823656979695,-0.4144200223163864,-0.10997706846030493,0.7058476677437329,0.13618682641036509,0.36782035391971246,0.28649360801489454,0.11000939838338235,-0.45785692131893607,-0.7094784842811288,0.2769552819545462,0.6821707263091682,0.4830051967899009,0.5374680012883207,-0.2031739451858116,0.0478186876012945,0.17680682891259683,-0.828726701504454,0.14366374583068986,-0.14222916900236934,-0.08530664047326428,0.038087305646812654,-0.23859665032149024,-0.29684984737499676,-0.5206581167938237,0.13928811600172095,0.049607159840227386,0.12295542628621241,0.43098454446371415,0.24626591698255007,-0.0364697563375526,-0.023120269898584588,0.5275547558088345,0.19788039071089905,0.36908812229343024,0.13443204960917066,-0.5048568407792391,0.3485455348779841,0.5466363958835319,0.32566153107535883,0.27784073663464004,0.06866325724859916,-0.05253663367430976,0.35176185607849425,-0.5737037778416229,-0.23896040309766395,0.045215317957989234,0.005076188433746997,0.015663301687728674,0.1848346320986951,0.3779238033082245,0.21502625361678027
0.21506305563512648,0.16580471421621004,0.21525288776377424,0.45232090444057504,-0.035560376061047,-0.27234726274879767,0.6786961564290857,0.15309911808650223,0.2690581057421902,-0.24397961841150073,-0.21218021399379836,-0.21675539904093766,0.5734026477843192,-0.034670592712912555,0.2804786670664785,-0.20252832280257435,-0.30046014960611767,-0.38172093121762446,-0.48972491920506744,-0.644969656354219,-0.36332807109654497,0.6186457049281354,-0.779635986387052,-0.06665154867792909,-0.7678673053909468,-0.2788598179574946,-1.0010023947282949,-0.05420944285503152,0.008177795745798267,-0.549958002173112,-0.6430076098629763,-0.29030291266347785,0.1784632639113753,-0.49154955245932735,-0.4808827722239379,0.5164416325365371,0.4321319746026848,-0.1400887899818141,-0.3067551110447259,0.33931058250068524,-0.41988683587331654,-0.17364907782864353,0.08059350872317031,-0.49614451660961756,-0.3370802093703838,0.2426779650707594,0.15906207794374233,-0.039471564829600604,-0.11844507131780956,0.25497816507328214,-0.09267434487254192,0.4381023322713097,0.9800168386224785,-0.5898703922189648,0.45589453504928873,0.2460920466844024,0.1852855295503346,0.03529666556899315,-0.5473613787307563,0.6593972214496858,-0.06639912276770062,0.5329031105997022,0.10188288636967971,-0.3317127917775322,-0.07694922291371609,0.7503335140132337,-0.7048753429339033,-0.03373851321445016,-0.08359098402509216,0.21347325025056038,0.5621116555261668,0.4661349033838306
-0.5293745370555966,0.4378090043837911,-0.053823057500713166,0.3135128828357835,0.12078434790499869,0.17691712223701828,-0.022714221170546025,0.10241217351375798,-0.010291752621049092,0.40960398300503675,0.2244738878488874,-0.15659233623530283,-0.06382276022495821,0.34954315091377386,0.04620373782646386,0.374209667198435,-0.35164510362173945,0.7680657473312629,0.0694158024415911,-0.21802633124496093,0.35417095178611024,0.3242278328901591,0.5226660157505227,-0.4856766975854857,0.0931081164889668,0.38488956050983225,0.09248008260987699,0.6251262141368361,-0.16681625123781513,0.28510554987126724,-0.3191735587349417,0.25057142026430895,0.19418866884524863,-0.5651704388381301,0.7215740574123773,0.18781917019194178,0.4232024425667966,-0.012192834996564424,-0.19625199994758077,-0.2784622777307872,-0.8254348160364662,-0.15644111048155027,0.7957540832195071,-0.40410158418793096,0.18272654835520788,-0.478797883359614,-0.04379348869337709,0.07787390983740793,0.1536606461661395,0.2810231579655255,0.2885716190403463,-0.1738299726766999,-0.05301748229060735,0.004119156738416851,1.178692366545338,-0.008246911478910851,0.2716675590394046,0.5869422926608787,0.09599252462853688,-0.21820812766739908,-0.5321735083506829,0.06647174969416457,-0.06302138954441086,-0.28898696900944176,0.17946696939749393,-0.17106631419089402,0.31173306328071587,0.37751455709454335,-0.4281054979810857,1.2406144682282145,-0.46803634079683215,0.4907879340763273
-0.6907445875737626,0.2289491236791284,-0.6110974293612076,-0.7798551978904503,0.503081631702467,0.4831716836739155,-0.5403477791845803,-0.5663239730002132,-0.40089153541976935,-0.48174322071871367,-0.41850633625684724,0.030637958688247542,0.07748043321630467,0.6869405427795798,0.06398385126222687,-0.2315482841667868,0.9870548584052676,-0.34057098374355643,0.12611980736993025,-0.2293524010415315,-0.05975300891571707,0.21166333028737983,0.3109693348192694,-0.29667268878373876,-0.21336332340721523,-0.539805865853567,-0.2597042416591859,0.6295078663481659,0.8256143431779537,-0.2460147333612695,0.20239787026058279,-0.17200938345372754,-0.5088686222173567,-0.12964123261412014,0.3331023114276045,0.6272455919049563,-1.0506624796207953,0.2510719429296281,0.2580664913427212,0.12861283572103546,-0.06406301681244227,-0.10389107840146783,-0.5558777232513479,0.2501048388505927,-0.09659799383969257,0.2724237098889661,-0.17706612650926223,0.09483255977934674,-0.2868549741122795,-0.41363980340728224,-0.6686515940231752,-0.20510781759533428,0.1065763385377045,-0.22280752207128654,-0.21622490526543706,-0.2610472228488725,0.5211336284973473,0.7266717396531674,-0.19569405615828023,-0.4262362212300827,-0.4573040588806405,0.15227699788224872,0.579678947176641,0.0035432083180517294,0.4831778397657144,0.1376344161443672,0.46439698022297016,0.4208355187073486,0.1526646307395087,0.34811158220518684,0.27256458893909624,0.17160648991367927
0.8549290171119299,0.2464636244293281,-0.3683176343475717,0.8871010935199476,0.06556564250941813,-0.32220698631628986,-0.29060634710330424,0.4400644315368216,0.2540955752081992,-0.26010386975764144,-0.3494479711019834,0.14367860651184636,-0.09094683733226831,0.18496315160823038,0.5670623937996888,0.11615711464156772,-0.09933974940428789,-0.31029078219416145,-0.3041365451344798,0.0417752649328949,0.37200283472283435,0.18011571765676543,0.5011080133002459,0.46881785258813674,0.14275887959535974,-0.3946202536231347,0.046032703389575484,-0.0810431908887965,-0.16714528419390215,0.5227636148446684,-0.8508949539582635,-0.4504032575989764,-0.0029724132426946904,-0.043717848132906335,-0.04475960306761164,0.0940833430273079,0.399289959788966,-0.08806566826768139,-0.47260508827334075,0.04627464984107661,0.055759423962535644,-0.5295601435260124,-0.22073601485097552,-0.2370197404033469,0.33879876354629257,-0.26027282179711997,-0.24745814674572042,-0.12645247340748572,0.18053928928312615,0.4924741934243805,0.43799638767839016,0.14216631695335794,0.4421002693159341,-0.1300478418573305,0.30730996349824685,0.6788363078770109,0.4697468582388622,-0.2300725084736581,-0.18960314118680605,-0.5068081601358415,0.22774229685654582,-0.2346125419595681,0.5050897087765887,-0.8529510198013197,-0.3580382177111511,-0.09939076309125697,-0.30761582321338937,0.7780141820537408,-0.1263960205666753,0.24793146592833568,-0.5808721361429219,0.04222447955706645
-0.0014983852984437815,0.3739573665616622,0.24619644334864585,-0.11121192228156768,0.11359813950662984,0.7163794623788031,-0.009089579679691852,0.4700921698730448,-0.17318801299937192,-0.5612341722322782,0.20860464318927058,-0.14293718629829213,0.42996195517014885,-0.41369165081729736,-0.45240196641279073,-0.4132242501138027,0.04860140126324701,0.37435253241272937,-0.1927618425986025,0.030363450245636248,0.498857760814423,0.1641031253717765,0.27725609330704337,0.18305967459388733,-0.4494200834583037,-0.5235124338862639,-0.08442448429810046,0.10941825148624429,-0.5574614384442712,0.3964076195935641,0.578721122403639,0.0548568139874237,-0.1381255936733699,0.44327282900368703,-0.05361891231780423,0.5557949470651521,-0.470983500607206,-0.35486911735922216,0.40429671741615464,-0.1695346252656886,-0.3079758367146123,0.26568123249473685,-0.14854852927920356,0.19173765845268795,0.505258099932444,0.3865658402730538,-0.35737255093523407,0.18526864683531788,0.17883858646534176,0.0017978864742575896,-0.4274038256887904,-0.5637405153639209,-0.1403364853779367,0.6166489333445839,-0.19974517637325195,-0.1388601044093936,-0.3637290395068014,0.3164568428090307,-0.3389175118845398,-0.24773633760350455,-0.11698076406224878,-0.23457766158671198,0.0036085336197977406,-0.06001822474749489,0.038468772098840406,-0.2965439304108444,0.7672011248027774,0.11289495774056911,0.6784701034887285,0.6711098238970524,-0.07515340328531056,-0.3315788913403698
0.4783344308585425,-0.623728204080211,0.19860825528852116,-0.020429372126570318,-0.21028671456514889,0.4582803226135037,0.04215921730384185,-0.10199389790588129,-1.120668054162493,0.29442703209556853,0.03137561412005914,0.971148803889427,0.19532234756662287,0.8254942284111747,0.2324197483555144,0.7935572942119732,0.6545080716016929,-0.12650750367831004,0.057777468351010476,0.027873693277032742,0.7380499996887053,-0.09816687031076615,-0.3909368995209576,0.1712174014218307,0.21916127874863464,0.8466987059365735,0.503043729775613,0.12338864607781952,0.2613190322424498,-0.35658481362926425,-0.5275479338305521,0.9546007364645174,0.5722924283122848,0.24538355206025725,0.32792928782128855,-0.5827857603758482,-0.32995081743558907,-0.4621272249964325,-0.3968308200376824,-0.25007965786940106,0.10681505465590849,-0.18927097267304777,-0.4311425599400242,-0.6157104437992813,-0.6724403203734861,-0.2556360292425606,0.36791941993017135,0.29218568025819835,0.317001927778004,-0.055229608584952315,0.6409750175104135,0.06400811592465207,0.42811157379946047,-0.6053730330960926,0.7429057620955414,0.13985683208670477,-0.16845787295882464,-0.1281706712300232,0.4759253719329469,-0.06600248674179124,-0.6510041690682759,0.5549097142852136,0.28610456037694343,0.09918237587275751,-0.33646422154532146,-0.4015960163411286,0.0478703602152402,-0.28723444417456423,-0.32868235161023845,0.6436136988858675,0.10682277685547716,0.1910598974401555
-0.6928096560776636,-0.03493658038684984,0.1396752141221849,0.16305273422223135,0.20050921194156915,0.32089849863608755,0.08016829582937904,-0.2261676007278601,-0.559992819755353,-0.38116729369375224,-0.4364270401688311,-0.20508724544688742,0.18411954236579345,-0.31452737814516024,0.32046664804283803,0.09470637125320668,0.0010220955242405685,-0.4014577678922062,-0.6308645362300299,0.4337290161957711,0.10450814862299729,-0.41985617516061363,-0.3913621385135575,-0.7696049544417407,-0.024299394735878305,0.7841612216423873,0.7264044498104794,0.18576281197390268,0.5647804624522336,0.5508470824193576,0.37560571167563656,-0.10338539744141936,0.019171499476489783,0.00036242420157568125,0.3682585614033212,-0.36395540004581345,-0.4958972937443164,-0.1624036080739408,-0.08786109432411522,-0.7083176940040944,0.44124245537206397,0.4027817886091771,-0.017642823022455855,0.09382025844993563,0.021171795689310418,0.025172917879912823,-0.7031447940713319,0.6783210034887721,-0.7418599610667528,0.12718119986117224,-0.27202567511873776,-0.03242631072165908,-0.7845225372952396,-0.34343181294346664,0.4491583219679552,-0.32706560175828603,-0.008758889630296302,0.013027397519677601,-0.7002863265043222,-0.7120656784389212,0.17711580679637556,0.2874087109704536,0.9714256286223901,0.3173246372250861,0.42045872095878917,-0.5078495006139093,-0.4260847942884446,0.30144145403361394,-0.49618906427695847,0.7316226875382396,0.05665599302898844,0.43696508203519335
0.3178184660572166,-1.1723588666792093,-0.0866248869193628,-0.3027305207239464,-0.2554071259049943,0.35288681545908535,0.07946475523372866,-0.0002258099661427965,-0.0323732210467515,0.519106671594157,1.0769324124518034,0.09179587164781246,-0.46828310865192885,0.24832407715407173,-0.24965728756209196,-0.23306212243038646,0.391120413721564,0.3138103832407625,0.1891717665464841,0.427873572133253,0.24520677730834914,-0.4192343503678572,0.5763166955890405,0.006184909401252354,-0.46035046073057645,0.384291679643038,1.1108833581033957,-0.27135444372254486,-0.3529800136066455,0.17167930272976456,0.1567441764940776,-0.30625607407423694,-0.3296346431681862,0.07585671185255612,0.06111069808463887,-1.1174826473501263,0.34313899811084464,-0.7639651606671021,-0.20540434200427074,-0.22708304220582795,0.8305400465196846,-0.0029268217768540178,-0.12014330978713345,0.48618201124515786,0.3092997284653987,0.06620844569648093,-0.13121981010814168,0.5470238978607557,0.20737808137897581,0.41450295876062837,0.43258423858747547,-0.49459376690381884,-0.547654093661601,0.923181616954737,-0.20795913205398753,0.7577197629316286,-0.029143799186127282,0.4126747037887145,-0.22581856236268666,-0.5331059638751902,0.02365151312029725,-0.5265400037078236,-0.4612663837270594,0.14221402939604283,-0.5318383665141113,-0.21776591226818004,-0.026060967730468544,-0.42638940990276253,0.073807539153632,-0.27205243973600707,-0.7456836368161812,0.18128013670569001
-0.7974284437806024,0.578975791025433,-0.5159893690337061,-0.2563418445827558,-0.4841027951773669,-0.4284066269359627,-0.07083956994301539,-0.08982176584468046,-0.6496658944457153,-0.40531934354217863,-0.5338638287897431,-0.06338983185093452,0.12457684016400578,0.0919550935566867,0.9768194104632637,-0.4289518952451793,-0.3733278042277575,-0.08007066999841143,-0.8542174699891449,0.008680327627695373,-0.12432118768418879,0.15587674666481646,0.12410876090941533,-0.39671737719735695,-0.6475052993754967,0.3085740306921307,0.05143731360244226,1.1116254849448848,-0.6726838662989145,0.565873141858841,0.3342756707590947,0.4365228370926694,-0.6300077728865474,-0.34542661293641597,0.7445498816397073,0.22905694199249563,0.4490370864824645,0.17277533378343093,0.2819696741904084,-0.6592923615476292,-0.6793353090229443,0.26560999683208025,-0.1069377211663369,-0.2855860861001236,0.21712372947661077,0.009030059857401865,-0.227542535296939,0.7980901574820689,0.6744037134414119,0.8578738532859222,0.1397175178924312,-0.11293678073113125,0.3401890965067249,0.4130472795716519,0.6577305321652287,0.5171105303450876,0.09422965505521513,-0.47936360891264584,-0.2593717784976588,-0.7805055460675181,-0.10134173907790253,0.5586621428629007,0.2914379041423674,0.18045186285142167,0.532616607474613,-0.34150516373482387,-0.3581377391529988,-0.32943508000908195,-0.980231730320334,0.7314589902969323,-0.40413677289957894,0.04182562852285106
0.022434600471909243,-0.15102797619651936,-0.5306934879910172,-0.007231900147543365,-0.02449640018518228,-0.7069452569854671,-0.1385029061752466,0.49133789341779344,0.13047282518022746,-0.3011072185571772,-0.012981883802193004,-0.05081216787378545,0.26600048966126094,-0.4217124788380718,0.5372338507114,0.3568400792066208,0.05262790770784995,0.26857127149704174,-0.40527206841048946,-0.4006668612058765,-0.31745389051234274,0.8190664852074764,0.23812909025370507,0.2177339271240372,-0.7206167595591445,-0.22992477216189583,0.8550481817188872,1.0066723833205422,-0.3952106779819885,-0.18975196260512708,-0.3909586914867956,-0.019228452233389082,0.22317597025604474,-0.851434128267343,0.4679675751567652,-0.2277034778311437,0.2857050772691812,-0.5871108275649782,0.1393320046747134,-0.3451655536400835,0.0038724271451641783,0.16799082580235453,0.36987741522736256,-0.8973492637345436,0.4148823901413834,0.10260592321619229,-0.407323823803037,0.4383433501564243,0.6312878564807216,0.5070265768867772,-0.27767145621064543,0.16430788221243528,0.4237176400082946,0.2772697155928084,0.20455404037309552,1.310676603178866,0.049767502810103975,0.059419609516079656,-0.12541119831288267,-0.0016874601035508415,0.3309230721706735,0.3540246245052946,0.2922925891509346,-0.1880360733633474,0.3325013494000076,-0.3271899175643916,-0.33100707194973505,0.47687236079232365,-0.23744843930399626,0.3442572221692809,-0.5928747972670315,0.3775938407469053
0.036979718133038963,0.8316187849684046,-0.131085219842352,-0.1492661090924843,-0.23694165626126149,-0.7055348177124423,0.13685017791152798,0.19394276921266018,0.41893034470073365,-1.0389051685116604,-0.2589271751000324,-0.7161379969741402,0.93984999657815,-0.7574966039576956,0.7780867878922731,-0.57589053021166,0.03415571996922039,0.2325895946300112,-0.8476926389419347,-0.18714819576774963,-0.5290201344768448,0.2516270901274642,-0.3482782331421923,0.1198963072901273,-1.0743142201903524,-0.5047626037008915,0.06617660485251872,0.5581504952129244,-0.819605149700416,-0.12921736225962205,0.2142276368864729,-0.10170226741509776,-0.5085963733819927,0.00683446610341436,0.19095569232533133,0.49584281967086424,0.4007938194674083,-0.4054640595308929,-0.09043365678061999,-0.030055641582152848,-0.12819672272443422,0.4716649349898347,-0.007775516378491855,-0.4071917158741916,0.36249341083978165,-0.07767552950493078,-0.6450476256162012,0.3171743422789079,-0.016337136688650725,0.9408687658992286,-0.22608214794762693,0.3030469291373233,-0.061783093388020106,0.5680867583906584,-0.09313819994564781,0.5298757870023864,-0.2371590584901847,0.4598414181520708,-0.8300514888179977,-0.20220664660376167,0.08716535951757524,0.009690604113266025,0.8309052963123315,-0.2993327833476739,0.012851548943017831,-0.005815380824155168,-0.5015186216183192,0.23661605253388993,0.041342974421473624,0.34476811352858955,0.11950622373880102,-0.10831615016927228
0.12709556546320402,0.29419860686835936,-0.8195236612211961,0.3822365412680418,0.5395535076605927,0.2784144378772497,-0.6094267999283893,-0.2766404310726098,-0.4075876693824318,-0.11132442410956224,-0.015616146799984413,0.4252286463967883,0.5556495058609331,0.49968105577045957,0.3888796651804138,-0.5483210649274779,0.08731239144505637,-0.29149911537744194,0.24889039030177348,-0.14158833843185265,0.6849641001011157,0.2884296767008188,1.0834237954639345,-0.09392931493880817,0.2961500714306666,-0.14457009549443392,0.11827763244498762,0.7606257366394735,0.037373114545215254,0.1333009948324189,0.36791786962888434,0.3457929397397377,-0.12823963103599664,-0.030388294341486488,0.7122870873868832,-0.07248089491350224,-0.5894522598601653,0.357442282954593,-0.021140871486451808,-0.13235625866151499,-0.3196339475938813,-0.06330181452658513,-0.9485817986026789,-0.2598059341218803,-0.2543086897473534,0.17554154525369095,-0.12609370686984323,0.3877547643043261,0.5300787726410611,-0.08049714408898605,0.050179318345916775,-0.10267886514362011,0.5438577258185278,0.5115713241509313,0.35571618389837195,-0.21159259076802417,-0.2514651653136082,0.3470063919990281,-0.026897489683595094,-0.6441976648596051,-0.2987197517430323,0.14373212871042815,0.3721986707335919,-0.3350748341206876,0.8625772821183241,-0.06911597118962473,0.3646616908680764,0.5407561081618129,-0.03540807330250874,0.5260910811048486,-0.3106157724894728,0.2220759396125772
